source,site,start,end,status,requested_lat,requested_lon,service_lat,service_lon,data_version,bytes,error
previous_runs,nanjing_1,2024-02-01,2024-02-29,ok,31.9,118.6,31.923203,118.59375,openmeteo-point-15var-temp-2024-02_2026-08-v1,156335,
satellite,nanjing_1,2024-02-01,2024-02-29,ok,31.9,118.6,31.900002,118.600006,openmeteo-point-15var-temp-2024-02_2026-08-v1,29812,
era5,nanjing_1,2024-02-01,2024-02-29,ok,31.9,118.6,31.880491,118.59206,openmeteo-point-15var-temp-2024-02_2026-08-v1,38169,
previous_runs,nanjing_1,2024-02-01,2024-02-29,ok,31.9,118.6,31.923203,118.59375,openmeteo-point-15var-temp-2024-02_2026-08-v1,156335,
previous_runs,nanjing_1,2024-03-01,2024-03-31,ok,31.9,118.6,31.923203,118.59375,openmeteo-point-15var-temp-2024-02_2026-08-v1,169192,
previous_runs,nanjing_1,2024-06-01,2024-06-30,ok,31.9,118.6,31.923203,118.59375,openmeteo-point-15var-temp-2024-02_2026-08-v1,169182,
previous_runs,nanjing_1,2024-05-01,2024-05-31,ok,31.9,118.6,31.923203,118.59375,openmeteo-point-15var-temp-2024-02_2026-08-v1,173934,
previous_runs,nanjing_1,2024-04-01,2024-04-30,ok,31.9,118.6,31.923203,118.59375,openmeteo-point-15var-temp-2024-02_2026-08-v1,166951,
previous_runs,nanjing_1,2024-07-01,2024-07-31,ok,31.9,118.6,31.923203,118.59375,openmeteo-point-15var-temp-2024-02_2026-08-v1,173698,
previous_runs,nanjing_1,2024-09-01,2024-09-30,ok,31.9,118.6,31.923203,118.59375,openmeteo-point-15var-temp-2024-02_2026-08-v1,166521,
previous_runs,nanjing_1,2024-10-01,2024-10-31,ok,31.9,118.6,31.923203,118.59375,openmeteo-point-15var-temp-2024-02_2026-08-v1,169265,
previous_runs,nanjing_1,2024-08-01,2024-08-31,ok,31.9,118.6,31.923203,118.59375,openmeteo-point-15var-temp-2024-02_2026-08-v1,173139,
previous_runs,nanjing_1,2024-11-01,2024-11-30,ok,31.9,118.6,31.923203,118.59375,openmeteo-point-15var-temp-2024-02_2026-08-v1,161540,
previous_runs,nanjing_1,2024-12-01,2024-12-31,ok,31.9,118.6,31.923203,118.59375,openmeteo-point-15var-temp-2024-02_2026-08-v1,165981,
previous_runs,nanjing_1,2025-01-01,2025-01-31,ok,31.9,118.6,31.923203,118.59375,openmeteo-point-15var-temp-2024-02_2026-08-v1,167927,
previous_runs,nanjing_1,2025-04-01,2025-04-30,ok,31.9,118.6,31.923203,118.59375,openmeteo-point-15var-temp-2024-02_2026-08-v1,168236,
previous_runs,nanjing_1,2025-03-01,2025-03-31,ok,31.9,118.6,31.923203,118.59375,openmeteo-point-15var-temp-2024-02_2026-08-v1,169741,
previous_runs,nanjing_1,2025-06-01,2025-06-30,ok,31.9,118.6,31.923203,118.59375,openmeteo-point-15var-temp-2024-02_2026-08-v1,168445,
previous_runs,nanjing_1,2025-02-01,2025-02-28,ok,31.9,118.6,31.923203,118.59375,openmeteo-point-15var-temp-2024-02_2026-08-v1,153229,
previous_runs,nanjing_1,2025-07-01,2025-07-31,ok,31.9,118.6,31.923203,118.59375,openmeteo-point-15var-temp-2024-02_2026-08-v1,173968,
previous_runs,nanjing_1,2025-05-01,2025-05-31,ok,31.9,118.6,31.923203,118.59375,openmeteo-point-15var-temp-2024-02_2026-08-v1,174727,
previous_runs,nanjing_1,2025-09-01,2025-09-30,ok,31.9,118.6,31.923203,118.59375,openmeteo-point-15var-temp-2024-02_2026-08-v1,165879,
previous_runs,nanjing_1,2025-08-01,2025-08-31,ok,31.9,118.6,31.923203,118.59375,openmeteo-point-15var-temp-2024-02_2026-08-v1,172964,
previous_runs,nanjing_1,2025-11-01,2025-11-30,ok,31.9,118.6,31.923203,118.59375,openmeteo-point-15var-temp-2024-02_2026-08-v1,161959,
previous_runs,nanjing_1,2025-12-01,2025-12-31,ok,31.9,118.6,31.923203,118.59375,openmeteo-point-15var-temp-2024-02_2026-08-v1,166986,
previous_runs,nanjing_1,2025-10-01,2025-10-31,ok,31.9,118.6,31.923203,118.59375,openmeteo-point-15var-temp-2024-02_2026-08-v1,169412,
previous_runs,nanjing_1,2026-02-01,2026-02-28,ok,31.9,118.6,31.923203,118.59375,openmeteo-point-15var-temp-2024-02_2026-08-v1,151901,
previous_runs,nanjing_1,2026-04-01,2026-04-30,ok,31.9,118.6,31.923203,118.59375,openmeteo-point-15var-temp-2024-02_2026-08-v1,166259,
previous_runs,nanjing_1,2026-03-01,2026-03-31,ok,31.9,118.6,31.923203,118.59375,openmeteo-point-15var-temp-2024-02_2026-08-v1,168329,
previous_runs,nanjing_1,2026-05-01,2026-05-31,ok,31.9,118.6,31.923203,118.59375,openmeteo-point-15var-temp-2024-02_2026-08-v1,174464,
previous_runs,nanjing_1,2026-01-01,2026-01-31,ok,31.9,118.6,31.923203,118.59375,openmeteo-point-15var-temp-2024-02_2026-08-v1,167024,
satellite,nanjing_1,2024-02-01,2024-02-29,ok,31.9,118.6,31.900002,118.600006,openmeteo-point-15var-temp-2024-02_2026-08-v1,29812,
previous_runs,nanjing_1,2026-06-01,2026-06-30,ok,31.9,118.6,31.923203,118.59375,openmeteo-point-15var-temp-2024-02_2026-08-v1,168803,
previous_runs,nanjing_1,2026-07-01,2026-07-31,ok,31.9,118.6,31.923203,118.59375,openmeteo-point-15var-temp-2024-02_2026-08-v1,173530,
satellite,nanjing_1,2024-03-01,2024-03-31,ok,31.9,118.6,31.900002,118.600006,openmeteo-point-15var-temp-2024-02_2026-08-v1,32377,
satellite,nanjing_1,2024-04-01,2024-04-30,ok,31.9,118.6,31.900002,118.600006,openmeteo-point-15var-temp-2024-02_2026-08-v1,31454,
previous_runs,nanjing_1,2026-08-01,2026-08-31,ok,31.9,118.6,31.923203,118.59375,openmeteo-point-15var-temp-2024-02_2026-08-v1,172529,
satellite,nanjing_1,2024-05-01,2024-05-31,ok,31.9,118.6,31.900002,118.600006,openmeteo-point-15var-temp-2024-02_2026-08-v1,33071,
satellite,nanjing_1,2024-06-01,2024-06-30,ok,31.9,118.6,31.900002,118.600006,openmeteo-point-15var-temp-2024-02_2026-08-v1,31817,
satellite,nanjing_1,2024-08-01,2024-08-31,ok,31.9,118.6,31.900002,118.600006,openmeteo-point-15var-temp-2024-02_2026-08-v1,32995,
satellite,nanjing_1,2024-09-01,2024-09-30,ok,31.9,118.6,31.900002,118.600006,openmeteo-point-15var-temp-2024-02_2026-08-v1,31578,
satellite,nanjing_1,2024-07-01,2024-07-31,ok,31.9,118.6,31.900002,118.600006,openmeteo-point-15var-temp-2024-02_2026-08-v1,32928,
satellite,nanjing_1,2024-10-01,2024-10-31,ok,31.9,118.6,31.900002,118.600006,openmeteo-point-15var-temp-2024-02_2026-08-v1,32235,
satellite,nanjing_1,2024-11-01,2024-11-30,ok,31.9,118.6,31.900002,118.600006,openmeteo-point-15var-temp-2024-02_2026-08-v1,31084,
satellite,nanjing_1,2024-12-01,2024-12-31,ok,31.9,118.6,31.900002,118.600006,openmeteo-point-15var-temp-2024-02_2026-08-v1,32165,
satellite,nanjing_1,2025-01-01,2025-01-31,ok,31.9,118.6,31.900002,118.600006,openmeteo-point-15var-temp-2024-02_2026-08-v1,32253,
satellite,nanjing_1,2025-03-01,2025-03-31,ok,31.9,118.6,31.900002,118.600006,openmeteo-point-15var-temp-2024-02_2026-08-v1,32496,
satellite,nanjing_1,2025-05-01,2025-05-31,ok,31.9,118.6,31.900002,118.600006,openmeteo-point-15var-temp-2024-02_2026-08-v1,33042,
satellite,nanjing_1,2025-04-01,2025-04-30,ok,31.9,118.6,31.900002,118.600006,openmeteo-point-15var-temp-2024-02_2026-08-v1,31951,
satellite,nanjing_1,2025-02-01,2025-02-28,ok,31.9,118.6,31.900002,118.600006,openmeteo-point-15var-temp-2024-02_2026-08-v1,29262,
satellite,nanjing_1,2025-07-01,2025-07-31,ok,31.9,118.6,31.900002,118.600006,openmeteo-point-15var-temp-2024-02_2026-08-v1,33246,
satellite,nanjing_1,2025-09-01,2025-09-30,ok,31.9,118.6,31.900002,118.600006,openmeteo-point-15var-temp-2024-02_2026-08-v1,31430,
satellite,nanjing_1,2025-08-01,2025-08-31,ok,31.9,118.6,31.900002,118.600006,openmeteo-point-15var-temp-2024-02_2026-08-v1,32991,
satellite,nanjing_1,2025-06-01,2025-06-30,ok,31.9,118.6,31.900002,118.600006,openmeteo-point-15var-temp-2024-02_2026-08-v1,31603,
satellite,nanjing_1,2025-10-01,2025-10-31,ok,31.9,118.6,31.900002,118.600006,openmeteo-point-15var-temp-2024-02_2026-08-v1,32172,
satellite,nanjing_1,2025-11-01,2025-11-30,ok,31.9,118.6,31.900002,118.600006,openmeteo-point-15var-temp-2024-02_2026-08-v1,31167,
satellite,nanjing_1,2026-01-01,2026-01-31,ok,31.9,118.6,31.900002,118.600006,openmeteo-point-15var-temp-2024-02_2026-08-v1,32104,
satellite,nanjing_1,2025-12-01,2025-12-31,ok,31.9,118.6,31.900002,118.600006,openmeteo-point-15var-temp-2024-02_2026-08-v1,32186,
satellite,nanjing_1,2026-02-01,2026-02-28,ok,31.9,118.6,31.900002,118.600006,openmeteo-point-15var-temp-2024-02_2026-08-v1,29220,
satellite,nanjing_1,2026-06-01,2026-06-30,ok,31.9,118.6,31.900002,118.600006,openmeteo-point-15var-temp-2024-02_2026-08-v1,32033,
satellite,nanjing_1,2026-03-01,2026-03-31,ok,31.9,118.6,31.900002,118.600006,openmeteo-point-15var-temp-2024-02_2026-08-v1,32352,
satellite,nanjing_1,2026-05-01,2026-05-31,ok,31.9,118.6,31.900002,118.600006,openmeteo-point-15var-temp-2024-02_2026-08-v1,32979,
era5,nanjing_1,2024-02-01,2024-02-29,ok,31.9,118.6,31.880491,118.59206,openmeteo-point-15var-temp-2024-02_2026-08-v1,38169,
satellite,nanjing_1,2026-04-01,2026-04-30,ok,31.9,118.6,31.900002,118.600006,openmeteo-point-15var-temp-2024-02_2026-08-v1,31482,
satellite,nanjing_1,2026-07-01,2026-07-31,ok,31.9,118.6,31.900002,118.600006,openmeteo-point-15var-temp-2024-02_2026-08-v1,33085,
satellite,nanjing_1,2026-08-01,2026-08-31,ok,31.9,118.6,31.900002,118.600006,openmeteo-point-15var-temp-2024-02_2026-08-v1,32884,
era5,nanjing_1,2024-05-01,2024-05-31,ok,31.9,118.6,31.880491,118.59206,openmeteo-point-15var-temp-2024-02_2026-08-v1,41097,
era5,nanjing_1,2024-03-01,2024-03-31,ok,31.9,118.6,31.880491,118.59206,openmeteo-point-15var-temp-2024-02_2026-08-v1,40456,
era5,nanjing_1,2024-04-01,2024-04-30,ok,31.9,118.6,31.880491,118.59206,openmeteo-point-15var-temp-2024-02_2026-08-v1,40264,
era5,nanjing_1,2024-06-01,2024-06-30,ok,31.9,118.6,31.880491,118.59206,openmeteo-point-15var-temp-2024-02_2026-08-v1,40436,
era5,nanjing_1,2024-08-01,2024-08-31,ok,31.9,118.6,31.880491,118.59206,openmeteo-point-15var-temp-2024-02_2026-08-v1,40792,
era5,nanjing_1,2024-07-01,2024-07-31,ok,31.9,118.6,31.880491,118.59206,openmeteo-point-15var-temp-2024-02_2026-08-v1,41444,
era5,nanjing_1,2024-09-01,2024-09-30,ok,31.9,118.6,31.880491,118.59206,openmeteo-point-15var-temp-2024-02_2026-08-v1,39433,
era5,nanjing_1,2024-10-01,2024-10-31,ok,31.9,118.6,31.880491,118.59206,openmeteo-point-15var-temp-2024-02_2026-08-v1,40578,
era5,nanjing_1,2024-11-01,2024-11-30,ok,31.9,118.6,31.880491,118.59206,openmeteo-point-15var-temp-2024-02_2026-08-v1,38321,
era5,nanjing_1,2024-12-01,2024-12-31,ok,31.9,118.6,31.880491,118.59206,openmeteo-point-15var-temp-2024-02_2026-08-v1,39354,
era5,nanjing_1,2025-01-01,2025-01-31,ok,31.9,118.6,31.880491,118.59206,openmeteo-point-15var-temp-2024-02_2026-08-v1,39736,
era5,nanjing_1,2025-02-01,2025-02-28,ok,31.9,118.6,31.880491,118.59206,openmeteo-point-15var-temp-2024-02_2026-08-v1,36406,
era5,nanjing_1,2025-03-01,2025-03-31,ok,31.9,118.6,31.880491,118.59206,openmeteo-point-15var-temp-2024-02_2026-08-v1,40809,
era5,nanjing_1,2025-04-01,2025-04-30,ok,31.9,118.6,31.880491,118.59206,openmeteo-point-15var-temp-2024-02_2026-08-v1,39572,
era5,nanjing_1,2025-06-01,2025-06-30,ok,31.9,118.6,31.880491,118.59206,openmeteo-point-15var-temp-2024-02_2026-08-v1,40240,
era5,nanjing_1,2025-05-01,2025-05-31,ok,31.9,118.6,31.880491,118.59206,openmeteo-point-15var-temp-2024-02_2026-08-v1,41290,
era5,nanjing_1,2025-08-01,2025-08-31,ok,31.9,118.6,31.880491,118.59206,openmeteo-point-15var-temp-2024-02_2026-08-v1,40793,
era5,nanjing_1,2025-07-01,2025-07-31,ok,31.9,118.6,31.880491,118.59206,openmeteo-point-15var-temp-2024-02_2026-08-v1,40999,
era5,nanjing_1,2025-10-01,2025-10-31,ok,31.9,118.6,31.880491,118.59206,openmeteo-point-15var-temp-2024-02_2026-08-v1,40684,
era5,nanjing_1,2025-09-01,2025-09-30,ok,31.9,118.6,31.880491,118.59206,openmeteo-point-15var-temp-2024-02_2026-08-v1,39936,
era5,nanjing_1,2025-11-01,2025-11-30,ok,31.9,118.6,31.880491,118.59206,openmeteo-point-15var-temp-2024-02_2026-08-v1,38175,
era5,nanjing_1,2026-01-01,2026-01-31,ok,31.9,118.6,31.880491,118.59206,openmeteo-point-15var-temp-2024-02_2026-08-v1,39647,
era5,nanjing_1,2025-12-01,2025-12-31,ok,31.9,118.6,31.880491,118.59206,openmeteo-point-15var-temp-2024-02_2026-08-v1,39508,
era5,nanjing_1,2026-02-01,2026-02-28,ok,31.9,118.6,31.880491,118.59206,openmeteo-point-15var-temp-2024-02_2026-08-v1,36491,
era5,nanjing_1,2026-05-01,2026-05-31,ok,31.9,118.6,31.880491,118.59206,openmeteo-point-15var-temp-2024-02_2026-08-v1,41288,
era5,nanjing_1,2026-03-01,2026-03-31,ok,31.9,118.6,31.880491,118.59206,openmeteo-point-15var-temp-2024-02_2026-08-v1,40829,
era5,nanjing_1,2026-04-01,2026-04-30,ok,31.9,118.6,31.880491,118.59206,openmeteo-point-15var-temp-2024-02_2026-08-v1,39846,
era5,nanjing_1,2026-06-01,2026-06-30,ok,31.9,118.6,31.880491,118.59206,openmeteo-point-15var-temp-2024-02_2026-08-v1,40204,
era5,nanjing_1,2026-07-01,2026-07-31,ok,31.9,118.6,31.880491,118.59206,openmeteo-point-15var-temp-2024-02_2026-08-v1,41369,
era5,nanjing_1,2026-08-01,2026-08-31,ok,31.9,118.6,31.880491,118.59206,openmeteo-point-15var-temp-2024-02_2026-08-v1,40867,
