"source_path","target_path","sha256","category","action"
"data/00_geo/grid_annual_ghi_2025.csv","data/registry/geography/grid_annual_ghi_2025.csv","3c9578bad95cff96f50a10e7df36979ca6f32c0de864f675876d6447828eb681","GEOGRAPHY","MOVE"
"data/00_geo/jiangsu.geojson","data/registry/geography/jiangsu_probe.geojson","6af17f07a3c83bad7d4d552efdd7f59ba8f7574363d1a686f59bc1d0f91733e7","GEOGRAPHY","MOVE"
"data/01_raw/fetch_log.csv","data/registry/imports/main_fetch_log.csv","8170ce96b0c275c53f2d54ff983980e1be02886605089e2abe8bf78a5a34bb95","FETCH_PROVENANCE","MOVE"
"data/01_raw/jiangsu.geojson","data/registry/geography/jiangsu_main.geojson","983d15e1964dbd349ec3aac41a30c7b252fbf2b87ff3bca19af2efcd6f16e1b9","GEOGRAPHY","MOVE"
"data/01_raw/site_selection_2026-09-05.json","data/registry/site_selections/site_selection_2026-09-05.json","c5e7260bf30f0602551de2f0a55b5ba4aa70dfcc9ef076228d44bd51a0aa17a0","HISTORICAL_SELECTION","MOVE"
"data/01_raw/site_selection_stratified_2026-09-07.json","data/registry/site_selections/site_selection_stratified_2026-09-07.json","77f7d019c8e2a7354697e2508e3d78420ce33e63f8826225db94797f4c4dd489","HISTORICAL_SELECTION","MOVE"
"data/02_clean/quality_report_changzhou_1.md","migration/recovered_artifacts/main_clean_audits/quality_report_changzhou_1.md","0645710a4b93d736ca75a8f9531266de28b93e4da7f75646cd08a9005a80e49d","LEGACY_DATA_AUDIT","MOVE"
"data/02_clean/quality_report_huai_an_1.md","migration/recovered_artifacts/main_clean_audits/quality_report_huai_an_1.md","011f88f7488b6ec1294515b2526f186d4fe1f65018222f45296e2ceeb6e4424f","LEGACY_DATA_AUDIT","MOVE"
"data/02_clean/quality_report_huai_an_2.md","migration/recovered_artifacts/main_clean_audits/quality_report_huai_an_2.md","8a6423ab94a6428998a9fbc446af4de4289b7e841e3ae5c9d6511089b5be3a1e","LEGACY_DATA_AUDIT","MOVE"
"data/02_clean/quality_report_huai_an_3.md","migration/recovered_artifacts/main_clean_audits/quality_report_huai_an_3.md","2db2d5e2e7be01e95ad3c3f00831bc07627c0c47ffe65efa1ffc8f5162d137f5","LEGACY_DATA_AUDIT","MOVE"
"data/02_clean/quality_report_lianyungang_1.md","migration/recovered_artifacts/main_clean_audits/quality_report_lianyungang_1.md","d75d45a56b84774905e0d3db1cf757d789ef8dc3375ea23bc10528cb76f42d95","LEGACY_DATA_AUDIT","MOVE"
"data/02_clean/quality_report_lianyungang_2.md","migration/recovered_artifacts/main_clean_audits/quality_report_lianyungang_2.md","61a8166bdf734f05196966d604a51c393e2f1cf87212e3650f34e65f9cbc9a95","LEGACY_DATA_AUDIT","MOVE"
"data/02_clean/quality_report_nanjing_1.md","migration/recovered_artifacts/main_clean_audits/quality_report_nanjing_1.md","0539440ebd603645eee90a880a51a2151081a8fe2a70bcf5730b43a5b0278cef","LEGACY_DATA_AUDIT","MOVE"
"data/02_clean/quality_report_nanjing_2.md","migration/recovered_artifacts/main_clean_audits/quality_report_nanjing_2.md","00e80567cfd017c46f019693c59ce36a453a355084b4f7ea42f79ecbd65e24ce","LEGACY_DATA_AUDIT","MOVE"
"data/02_clean/quality_report_nantong_1.md","migration/recovered_artifacts/main_clean_audits/quality_report_nantong_1.md","39d87cf5f527f553ed72bafc762378c707d5277a5a8a6e7492a37aa245988f4a","LEGACY_DATA_AUDIT","MOVE"
"data/02_clean/quality_report_nantong_2.md","migration/recovered_artifacts/main_clean_audits/quality_report_nantong_2.md","0d1208894034af6ad07e9f8eba55ab63a0d607122f982ac94e1d4d3746f330d1","LEGACY_DATA_AUDIT","MOVE"
"data/02_clean/quality_report_suqian_1.md","migration/recovered_artifacts/main_clean_audits/quality_report_suqian_1.md","bb64369f74b7d987f9ece77f7e88abde065d591cbf77ecd9784d5b40b9dd2d98","LEGACY_DATA_AUDIT","MOVE"
"data/02_clean/quality_report_suzhou_1.md","migration/recovered_artifacts/main_clean_audits/quality_report_suzhou_1.md","62cd3554071bbdebcd169af521f6f7de905e2399a50aa63acaa1c65c216ec756","LEGACY_DATA_AUDIT","MOVE"
"data/02_clean/quality_report_taizhou_1.md","migration/recovered_artifacts/main_clean_audits/quality_report_taizhou_1.md","e9996be34ec27e35caf16f338dd68ce44b8b285f578c3f84c23459e9e2a1f7d3","LEGACY_DATA_AUDIT","MOVE"
"data/02_clean/quality_report_taizhou_2.md","migration/recovered_artifacts/main_clean_audits/quality_report_taizhou_2.md","c3c17846ced98662c5db59c1cfd2a4b279bdbcbaf4679adafb76639a0e33f8a6","LEGACY_DATA_AUDIT","MOVE"
"data/02_clean/quality_report_wuxi_1.md","migration/recovered_artifacts/main_clean_audits/quality_report_wuxi_1.md","2c9ccce98bd9111e577998a47ded67724eeb515363556dd3aa704eb1c7403b49","LEGACY_DATA_AUDIT","MOVE"
"data/02_clean/quality_report_xuzhou_1.md","migration/recovered_artifacts/main_clean_audits/quality_report_xuzhou_1.md","49b9e5992ffb2ec82b87bbd22fcfdd88ba2ba3fc3799f6759f2e2f1439f0bdae","LEGACY_DATA_AUDIT","MOVE"
"data/02_clean/quality_report_xuzhou_2.md","migration/recovered_artifacts/main_clean_audits/quality_report_xuzhou_2.md","da32c6b779ead8e8e252f45a750a5a482f75a522e1af20df6cae9cd24ea9414e","LEGACY_DATA_AUDIT","MOVE"
"data/02_clean/quality_report_yancheng_1.md","migration/recovered_artifacts/main_clean_audits/quality_report_yancheng_1.md","f1d8a277a578939b195f1fe9e91373bf42a88ab6e08dc29aa274d4d6b95eff2b","LEGACY_DATA_AUDIT","MOVE"
"data/02_clean/quality_report_yancheng_2.md","migration/recovered_artifacts/main_clean_audits/quality_report_yancheng_2.md","7e42107dbc907de1bf22eec66f61de2b8ddbd131206367e6c341dc146cbe54c4","LEGACY_DATA_AUDIT","MOVE"
"data/02_clean/quality_report_yancheng_3.md","migration/recovered_artifacts/main_clean_audits/quality_report_yancheng_3.md","11bb059e4bab320ffa68c1719a8121dcf79d61365588383c6f4d0a3745f4a98b","LEGACY_DATA_AUDIT","MOVE"
"data/protocol15temp/00_audits/legacy_raw_audit.json","migration/recovered_artifacts/protocol15temp/00_audits/legacy_raw_audit.json","d88a7bd3037fa9184c84f26ea1135d814dd2a9def064f30fb8aac379916662fd","LEGACY_DIAGNOSTIC_RESULT","MOVE"
"data/protocol15temp/00_audits/legacy_truth_20site.json","migration/recovered_artifacts/protocol15temp/00_audits/legacy_truth_20site.json","174d27d05247849670c67292aa619e0cefbcecb0c9d170f18430def40a1c15bc","LEGACY_DIAGNOSTIC_RESULT","MOVE"
"data/protocol15temp/01_raw/fetch_log_v2.csv","data/registry/imports/protocol15temp_fetch_log.csv","f5a41e3b879106876ec92a03372a2726424a4216339b311f1647eb1e56ea14e4","FETCH_PROVENANCE","MOVE"
"data/protocol15temp/02_clean/quality_audit_nanjing_1.json","migration/recovered_artifacts/protocol15temp/02_clean/quality_audit_nanjing_1.json","098c39fcfad6a42b63df43d15a3f1415892113e026785564447af6ece78bd317","LEGACY_DATA_AUDIT","MOVE"
"data/protocol15temp/02_clean/quality_report_nanjing_1.md","migration/recovered_artifacts/protocol15temp/02_clean/quality_report_nanjing_1.md","e727d8ebe9c6fc2d47b7a6f7bfcab92438b9ec1917a80cdb30620dedee968a3a","LEGACY_DATA_AUDIT","MOVE"
"data/protocol15temp/05_cpu_mini_e2e/metrics.json","migration/recovered_artifacts/protocol15temp/05_cpu_mini_e2e/metrics.json","6656265d9d477635dd2762e18afe31971712d1f090f279b082341a9eff9ec4c5","LEGACY_DIAGNOSTIC_RESULT","MOVE"
"data/protocol15temp/05_cpu_mini_e2e/predictions.parquet","migration/recovered_artifacts/protocol15temp/05_cpu_mini_e2e/predictions.parquet","fb6ab61a99713aaba77f74e7eddb2cf6484c036218859e66c15d03593d911666","LEGACY_DIAGNOSTIC_RESULT","MOVE"
"data/protocol15temp/05_cpu_mini_e2e/receipt.json","migration/recovered_artifacts/protocol15temp/05_cpu_mini_e2e/receipt.json","44815e1c3fe06954f7c978d21970bef8f7fb40919b51970dc7c97a7384054e43","LEGACY_DIAGNOSTIC_RESULT","MOVE"
"data/protocol15temp/05_cpu_mini_e2e/ridge_inner_trials.json","migration/recovered_artifacts/protocol15temp/05_cpu_mini_e2e/ridge_inner_trials.json","cd18676e8b052394700437526c3a8df01213a59c1e847c6dd09d175fb36c5691","LEGACY_DIAGNOSTIC_RESULT","MOVE"
"data/protocol15temp/06_cpu_single_site/final_test_calibrated.parquet","migration/recovered_artifacts/protocol15temp/06_cpu_single_site/final_test_calibrated.parquet","6be8ce1e58b404103614019c3beaa7655537dd874f6fe5978a5fe18c3b793048","LEGACY_DIAGNOSTIC_RESULT","MOVE"
"data/protocol15temp/06_cpu_single_site/final_test_summary.json","migration/recovered_artifacts/protocol15temp/06_cpu_single_site/final_test_summary.json","7602db669d86fe9916919cf87e2c6e42b95c545151b18ad29578fc67e22eebcc","LEGACY_DIAGNOSTIC_RESULT","MOVE"
"data/protocol15temp/06_cpu_single_site/final_test_uncalibrated.parquet","migration/recovered_artifacts/protocol15temp/06_cpu_single_site/final_test_uncalibrated.parquet","50348728975f4781a202992764c86422f84acc3c33f1412a38357b70436984fc","LEGACY_DIAGNOSTIC_RESULT","MOVE"
"data/protocol15temp/06_cpu_single_site/group_analysis/outer_1_inner_1.json","migration/recovered_artifacts/protocol15temp/06_cpu_single_site/group_analysis/outer_1_inner_1.json","488f2803e5834a2122e47907d8d0b9cd8a1160c23106d5760119ca2fe868cf2f","LEGACY_DIAGNOSTIC_RESULT","MOVE"
"data/protocol15temp/06_cpu_single_site/group_analysis/outer_1_inner_2.json","migration/recovered_artifacts/protocol15temp/06_cpu_single_site/group_analysis/outer_1_inner_2.json","754860d94793555806b0ae2f603dd86e3e7a3eb4de1febe798af2693f878f550","LEGACY_DIAGNOSTIC_RESULT","MOVE"
"data/protocol15temp/06_cpu_single_site/group_analysis/outer_1_inner_3.json","migration/recovered_artifacts/protocol15temp/06_cpu_single_site/group_analysis/outer_1_inner_3.json","6f6d3f01e1f7424d5421b2320baa9c3135620fafcccce30339e76462ddb56a08","LEGACY_DIAGNOSTIC_RESULT","MOVE"
"data/protocol15temp/06_cpu_single_site/group_analysis/outer_2_inner_1.json","migration/recovered_artifacts/protocol15temp/06_cpu_single_site/group_analysis/outer_2_inner_1.json","261c7bcb0d95777f9dd548dd4a9cfd028b51433be777dd916cae53b8cbba4559","LEGACY_DIAGNOSTIC_RESULT","MOVE"
"data/protocol15temp/06_cpu_single_site/group_analysis/outer_2_inner_2.json","migration/recovered_artifacts/protocol15temp/06_cpu_single_site/group_analysis/outer_2_inner_2.json","1da36dcbcb832773d97b17b8f85ffe0b87ab759e5ed6374cb293e54285c95c62","LEGACY_DIAGNOSTIC_RESULT","MOVE"
"data/protocol15temp/06_cpu_single_site/group_analysis/outer_2_inner_3.json","migration/recovered_artifacts/protocol15temp/06_cpu_single_site/group_analysis/outer_2_inner_3.json","3a9b4660688cec87e23f53adfde29c61ab267a6c0f273a18604ae89a8387f436","LEGACY_DIAGNOSTIC_RESULT","MOVE"
"data/protocol15temp/06_cpu_single_site/group_analysis/outer_3_inner_1.json","migration/recovered_artifacts/protocol15temp/06_cpu_single_site/group_analysis/outer_3_inner_1.json","9bb256d1498811b807e0a9636462a6c4bcda974fba0385178fee540d0fee5c4a","LEGACY_DIAGNOSTIC_RESULT","MOVE"
"data/protocol15temp/06_cpu_single_site/group_analysis/outer_3_inner_2.json","migration/recovered_artifacts/protocol15temp/06_cpu_single_site/group_analysis/outer_3_inner_2.json","14470642677f039f1f604964390322193248cf3177cd0c76e2fe5c77ac01fa95","LEGACY_DIAGNOSTIC_RESULT","MOVE"
"data/protocol15temp/06_cpu_single_site/group_analysis/outer_3_inner_3.json","migration/recovered_artifacts/protocol15temp/06_cpu_single_site/group_analysis/outer_3_inner_3.json","e0b20cc9d168bce2e553b7e83a301c4bec11b25d820965d38f2b18525cb9ca01","LEGACY_DIAGNOSTIC_RESULT","MOVE"
"data/protocol15temp/06_cpu_single_site/group_analysis/outer_4_inner_1.json","migration/recovered_artifacts/protocol15temp/06_cpu_single_site/group_analysis/outer_4_inner_1.json","b2af5c4b3b9924f90fc02c38ac9cb11582a9280b7edf2818abbefedbed229d91","LEGACY_DIAGNOSTIC_RESULT","MOVE"
"data/protocol15temp/06_cpu_single_site/group_analysis/outer_4_inner_2.json","migration/recovered_artifacts/protocol15temp/06_cpu_single_site/group_analysis/outer_4_inner_2.json","021682067a8134eaa1ea6dcb51723973dcc63e3ae98a350051b8d87eee1fce9c","LEGACY_DIAGNOSTIC_RESULT","MOVE"
"data/protocol15temp/06_cpu_single_site/group_analysis/outer_4_inner_3.json","migration/recovered_artifacts/protocol15temp/06_cpu_single_site/group_analysis/outer_4_inner_3.json","3eb383945c21273373aeebf0352696b96c63800bc28650a88bf4bc26007b8037","LEGACY_DIAGNOSTIC_RESULT","MOVE"
"data/protocol15temp/06_cpu_single_site/group_analysis/outer_5_inner_1.json","migration/recovered_artifacts/protocol15temp/06_cpu_single_site/group_analysis/outer_5_inner_1.json","f89795e5f4abd5b0a7fedea87dbb3225785f15691f11e89371d1ff7a59623958","LEGACY_DIAGNOSTIC_RESULT","MOVE"
"data/protocol15temp/06_cpu_single_site/group_analysis/outer_5_inner_2.json","migration/recovered_artifacts/protocol15temp/06_cpu_single_site/group_analysis/outer_5_inner_2.json","426bacf6d4ed94cc58765790430044e7768adb779fd1d7ea33121d5abd03417b","LEGACY_DIAGNOSTIC_RESULT","MOVE"
"data/protocol15temp/06_cpu_single_site/group_analysis/outer_5_inner_3.json","migration/recovered_artifacts/protocol15temp/06_cpu_single_site/group_analysis/outer_5_inner_3.json","d856942223a972a0d6a81442bd40d0b34eeffd58616e1b7a87e7a37bd04e38a5","LEGACY_DIAGNOSTIC_RESULT","MOVE"
"data/protocol15temp/06_cpu_single_site/outer_all_cpu_summary.json","migration/recovered_artifacts/protocol15temp/06_cpu_single_site/outer_all_cpu_summary.json","c19a54dc733bf36ef9b0a53b286c1c0159601505a01e2c3821920ed0b6bdfa83","LEGACY_DIAGNOSTIC_RESULT","MOVE"
"data/protocol15temp/06_cpu_single_site/outer_fixed_gap14_predictions.parquet","migration/recovered_artifacts/protocol15temp/06_cpu_single_site/outer_fixed_gap14_predictions.parquet","d74f4ee3a49535e11102b04bb8e0e543988ab6f37b6aea1f36a491347664f611","LEGACY_DIAGNOSTIC_RESULT","MOVE"
"data/protocol15temp/06_cpu_single_site/outer_fixed_gap14_summary.json","migration/recovered_artifacts/protocol15temp/06_cpu_single_site/outer_fixed_gap14_summary.json","44efac860c0bfb911e77267299a37f304809f4bcbfa95a1e58abf261e0ffea54","LEGACY_DIAGNOSTIC_RESULT","MOVE"
"data/protocol15temp/06_cpu_single_site/outer_fixed_gap7_predictions.parquet","migration/recovered_artifacts/protocol15temp/06_cpu_single_site/outer_fixed_gap7_predictions.parquet","052b69b239c8c44d6e09e5baf1c5fb4de95afe8e4f001f5edec2e84d1f957291","LEGACY_DIAGNOSTIC_RESULT","MOVE"
"data/protocol15temp/06_cpu_single_site/outer_fixed_gap7_summary.json","migration/recovered_artifacts/protocol15temp/06_cpu_single_site/outer_fixed_gap7_summary.json","e6f7f3a27418de2644e03f3abbdb30697a3350837bdfe9aad3a8bd25e8160bda","LEGACY_DIAGNOSTIC_RESULT","MOVE"
"data/protocol15temp/06_cpu_single_site/outer_fixed_predictions.parquet","migration/recovered_artifacts/protocol15temp/06_cpu_single_site/outer_fixed_predictions.parquet","00a1095ba18c8573c82d91ba6961a04da02defe0bf5c64efe79bf56cf49a2b88","LEGACY_DIAGNOSTIC_RESULT","MOVE"
"data/protocol15temp/06_cpu_single_site/outer_fixed_summary.json","migration/recovered_artifacts/protocol15temp/06_cpu_single_site/outer_fixed_summary.json","7c54d7fbf6375cc91059d565b9bbd726049d4d7cf6149f3adfca32033bb47888","LEGACY_DIAGNOSTIC_RESULT","MOVE"
"data/protocol15temp/06_cpu_single_site/outer_tuned_parts/outer_1_lgbm.json","migration/recovered_artifacts/protocol15temp/06_cpu_single_site/outer_tuned_parts/outer_1_lgbm.json","d336550e639277a9ee05cabb1f770c619bd462b09a5e5e35ea31e2f6f961fc5d","LEGACY_DIAGNOSTIC_RESULT","MOVE"
"data/protocol15temp/06_cpu_single_site/outer_tuned_parts/outer_1_lgbm.parquet","migration/recovered_artifacts/protocol15temp/06_cpu_single_site/outer_tuned_parts/outer_1_lgbm.parquet","c657bf90f94ae346b9eae2966026dec1224275394af58a51f5e294806b06c448","LEGACY_DIAGNOSTIC_RESULT","MOVE"
"data/protocol15temp/06_cpu_single_site/outer_tuned_parts/outer_1_ridge_mos.json","migration/recovered_artifacts/protocol15temp/06_cpu_single_site/outer_tuned_parts/outer_1_ridge_mos.json","34df898f9c6c7fc5335e9c2f81f421b9faff1fbd44e33cdda452280856dbe5cd","LEGACY_DIAGNOSTIC_RESULT","MOVE"
"data/protocol15temp/06_cpu_single_site/outer_tuned_parts/outer_1_ridge_mos.parquet","migration/recovered_artifacts/protocol15temp/06_cpu_single_site/outer_tuned_parts/outer_1_ridge_mos.parquet","e8e90bd874a3f3eebbac640cf4309d6fefd8e07de55414f1ce23f91a6c81a529","LEGACY_DIAGNOSTIC_RESULT","MOVE"
"data/protocol15temp/06_cpu_single_site/outer_tuned_parts/outer_1_xgboost.json","migration/recovered_artifacts/protocol15temp/06_cpu_single_site/outer_tuned_parts/outer_1_xgboost.json","1f4f25ba8bae28934a77cd77f6f90b5cd922bf02283962e41e9d3270e7129899","LEGACY_DIAGNOSTIC_RESULT","MOVE"
"data/protocol15temp/06_cpu_single_site/outer_tuned_parts/outer_1_xgboost.parquet","migration/recovered_artifacts/protocol15temp/06_cpu_single_site/outer_tuned_parts/outer_1_xgboost.parquet","982a95ee5d4515ce54b6623e6706ad1f241c75e29723c80e9f15ffb4d0bdce18","LEGACY_DIAGNOSTIC_RESULT","MOVE"
"data/protocol15temp/06_cpu_single_site/outer_tuned_parts/outer_2_lgbm.json","migration/recovered_artifacts/protocol15temp/06_cpu_single_site/outer_tuned_parts/outer_2_lgbm.json","a4f5e36b19e6f2de5ef91fc78a148183627e3c7eaa3a4c4081ffc1c989275dd3","LEGACY_DIAGNOSTIC_RESULT","MOVE"
"data/protocol15temp/06_cpu_single_site/outer_tuned_parts/outer_2_lgbm.parquet","migration/recovered_artifacts/protocol15temp/06_cpu_single_site/outer_tuned_parts/outer_2_lgbm.parquet","5fe28aefbb5eb53768351b06de8f257407398ba8aa5ea8ba3651a2d21d3b0d3d","LEGACY_DIAGNOSTIC_RESULT","MOVE"
"data/protocol15temp/06_cpu_single_site/outer_tuned_parts/outer_2_ridge_mos.json","migration/recovered_artifacts/protocol15temp/06_cpu_single_site/outer_tuned_parts/outer_2_ridge_mos.json","a94de938ef51ff87cd176556adcb81096c4485b05666e3e6de81a2f82167c727","LEGACY_DIAGNOSTIC_RESULT","MOVE"
"data/protocol15temp/06_cpu_single_site/outer_tuned_parts/outer_2_ridge_mos.parquet","migration/recovered_artifacts/protocol15temp/06_cpu_single_site/outer_tuned_parts/outer_2_ridge_mos.parquet","f0b209e9aa9a33e66ade83a268fb3e360509a4a7b23b7c444a9eeeaccd54bf03","LEGACY_DIAGNOSTIC_RESULT","MOVE"
"data/protocol15temp/06_cpu_single_site/outer_tuned_parts/outer_2_xgboost.json","migration/recovered_artifacts/protocol15temp/06_cpu_single_site/outer_tuned_parts/outer_2_xgboost.json","65b2c63a1e3c9480f64527c25f1d90bad9871e0bc8ff60b50e0185d6a206f392","LEGACY_DIAGNOSTIC_RESULT","MOVE"
"data/protocol15temp/06_cpu_single_site/outer_tuned_parts/outer_2_xgboost.parquet","migration/recovered_artifacts/protocol15temp/06_cpu_single_site/outer_tuned_parts/outer_2_xgboost.parquet","13870572aa2ff435feb24e93186267354a08d5cb5518fce3ab1af5f5c929dbce","LEGACY_DIAGNOSTIC_RESULT","MOVE"
"data/protocol15temp/06_cpu_single_site/outer_tuned_parts/outer_3_lgbm.json","migration/recovered_artifacts/protocol15temp/06_cpu_single_site/outer_tuned_parts/outer_3_lgbm.json","aa3d9d56aff07bef3744d4d6e42afcfa24af59332a5e333305a4a4679431c56b","LEGACY_DIAGNOSTIC_RESULT","MOVE"
"data/protocol15temp/06_cpu_single_site/outer_tuned_parts/outer_3_lgbm.parquet","migration/recovered_artifacts/protocol15temp/06_cpu_single_site/outer_tuned_parts/outer_3_lgbm.parquet","8cfb9ac8653dbbe785014a5558c8d7c9e346cc7ff8b3393b4ff23846a788f324","LEGACY_DIAGNOSTIC_RESULT","MOVE"
"data/protocol15temp/06_cpu_single_site/outer_tuned_parts/outer_3_ridge_mos.json","migration/recovered_artifacts/protocol15temp/06_cpu_single_site/outer_tuned_parts/outer_3_ridge_mos.json","74e3faa0655e9111b45a48b92e8091f0c038c553da687ce9b128713585100dfc","LEGACY_DIAGNOSTIC_RESULT","MOVE"
"data/protocol15temp/06_cpu_single_site/outer_tuned_parts/outer_3_ridge_mos.parquet","migration/recovered_artifacts/protocol15temp/06_cpu_single_site/outer_tuned_parts/outer_3_ridge_mos.parquet","3e3b8edd294346faf4dbe7f0a2b1279d61dcddfbf7a243c550255cc8222a3466","LEGACY_DIAGNOSTIC_RESULT","MOVE"
"data/protocol15temp/06_cpu_single_site/outer_tuned_parts/outer_3_xgboost.json","migration/recovered_artifacts/protocol15temp/06_cpu_single_site/outer_tuned_parts/outer_3_xgboost.json","0d188df7df3a75bfe7dc5fdcf044e5914425e2b88857208fe912cef6873faa72","LEGACY_DIAGNOSTIC_RESULT","MOVE"
"data/protocol15temp/06_cpu_single_site/outer_tuned_parts/outer_3_xgboost.parquet","migration/recovered_artifacts/protocol15temp/06_cpu_single_site/outer_tuned_parts/outer_3_xgboost.parquet","e74536415fd364b05a191eb20f402a2795ab69bd4285255a85e1fef78d26f57a","LEGACY_DIAGNOSTIC_RESULT","MOVE"
"data/protocol15temp/06_cpu_single_site/outer_tuned_parts/outer_4_lgbm.json","migration/recovered_artifacts/protocol15temp/06_cpu_single_site/outer_tuned_parts/outer_4_lgbm.json","6d5c5fa7122a4497ee2dc7fabb2752b24e131f06b1eca717cfef30e5f6d3b786","LEGACY_DIAGNOSTIC_RESULT","MOVE"
"data/protocol15temp/06_cpu_single_site/outer_tuned_parts/outer_4_lgbm.parquet","migration/recovered_artifacts/protocol15temp/06_cpu_single_site/outer_tuned_parts/outer_4_lgbm.parquet","608b32c20319beb699e6772d35e7e35f3daf55826e1af926e058e62b41f37a7a","LEGACY_DIAGNOSTIC_RESULT","MOVE"
"data/protocol15temp/06_cpu_single_site/outer_tuned_parts/outer_4_ridge_mos.json","migration/recovered_artifacts/protocol15temp/06_cpu_single_site/outer_tuned_parts/outer_4_ridge_mos.json","a1eaeed7b9ed9dcb3a1c9d5793fa547dd7fe2c235fa44b897752907a13988d23","LEGACY_DIAGNOSTIC_RESULT","MOVE"
"data/protocol15temp/06_cpu_single_site/outer_tuned_parts/outer_4_ridge_mos.parquet","migration/recovered_artifacts/protocol15temp/06_cpu_single_site/outer_tuned_parts/outer_4_ridge_mos.parquet","4a31685cb0cb366a7667a4a1f9263c0aaa2704992b069f1a4e575f7fc7df86ed","LEGACY_DIAGNOSTIC_RESULT","MOVE"
"data/protocol15temp/06_cpu_single_site/outer_tuned_parts/outer_4_xgboost.json","migration/recovered_artifacts/protocol15temp/06_cpu_single_site/outer_tuned_parts/outer_4_xgboost.json","d9b3fea0c5f184dafe6d735da3b11e506d0c5d0031333945cdc2e4596476b748","LEGACY_DIAGNOSTIC_RESULT","MOVE"
"data/protocol15temp/06_cpu_single_site/outer_tuned_parts/outer_4_xgboost.parquet","migration/recovered_artifacts/protocol15temp/06_cpu_single_site/outer_tuned_parts/outer_4_xgboost.parquet","140a539d117d0a52f47177efc5adaa9bcfbf82fd4e94fcf86ff12a838916d7d1","LEGACY_DIAGNOSTIC_RESULT","MOVE"
"data/protocol15temp/06_cpu_single_site/outer_tuned_parts/outer_5_lgbm.json","migration/recovered_artifacts/protocol15temp/06_cpu_single_site/outer_tuned_parts/outer_5_lgbm.json","2471b6ec01e6204f10894f8a8ab5e3f8e61ac09d10f2ddc34d82a433b1120567","LEGACY_DIAGNOSTIC_RESULT","MOVE"
"data/protocol15temp/06_cpu_single_site/outer_tuned_parts/outer_5_lgbm.parquet","migration/recovered_artifacts/protocol15temp/06_cpu_single_site/outer_tuned_parts/outer_5_lgbm.parquet","182324c79b66d468978be72ab1cfc03be88f519e48c1e84990ff389e0402ac27","LEGACY_DIAGNOSTIC_RESULT","MOVE"
"data/protocol15temp/06_cpu_single_site/outer_tuned_parts/outer_5_ridge_mos.json","migration/recovered_artifacts/protocol15temp/06_cpu_single_site/outer_tuned_parts/outer_5_ridge_mos.json","7e360a7911e027669e395f350ceb67741252aa7b42e06687469a7afcaadd797c","LEGACY_DIAGNOSTIC_RESULT","MOVE"
"data/protocol15temp/06_cpu_single_site/outer_tuned_parts/outer_5_ridge_mos.parquet","migration/recovered_artifacts/protocol15temp/06_cpu_single_site/outer_tuned_parts/outer_5_ridge_mos.parquet","e9aa0efc43228d14166c1f15771a604793cd88328d27981a2df60efd75e81801","LEGACY_DIAGNOSTIC_RESULT","MOVE"
"data/protocol15temp/06_cpu_single_site/outer_tuned_parts/outer_5_xgboost.json","migration/recovered_artifacts/protocol15temp/06_cpu_single_site/outer_tuned_parts/outer_5_xgboost.json","3083e260f8a9e64ab10760982e337a4169ba98bea96040b18b8933dee683aa89","LEGACY_DIAGNOSTIC_RESULT","MOVE"
"data/protocol15temp/06_cpu_single_site/outer_tuned_parts/outer_5_xgboost.parquet","migration/recovered_artifacts/protocol15temp/06_cpu_single_site/outer_tuned_parts/outer_5_xgboost.parquet","d006affc926df5cc92b60d59f406ff1b7f449863ac4a15af57242131913ede41","LEGACY_DIAGNOSTIC_RESULT","MOVE"
"data/protocol15temp/06_cpu_single_site/outer_tuned_predictions.parquet","migration/recovered_artifacts/protocol15temp/06_cpu_single_site/outer_tuned_predictions.parquet","c2d3332b82d6836c4f10bbf823dab6b6af3bd14890b69cccae32de16d5fd573f","LEGACY_DIAGNOSTIC_RESULT","MOVE"
"data/protocol15temp/06_cpu_single_site/tuning_gap14/outer_1_lgbm.json","migration/recovered_artifacts/protocol15temp/06_cpu_single_site/tuning_gap14/outer_1_lgbm.json","29cbf6bfbf1638018e91f257f47f61b8d76bd2431086bec90dcfaa11a460098e","LEGACY_DIAGNOSTIC_RESULT","MOVE"
"data/protocol15temp/06_cpu_single_site/tuning_gap14/outer_1_ridge_mos.json","migration/recovered_artifacts/protocol15temp/06_cpu_single_site/tuning_gap14/outer_1_ridge_mos.json","711cfbcaa20ddaa5d24366002a5b7ccf0010e26b069a6a45c7c3e3b29baa5019","LEGACY_DIAGNOSTIC_RESULT","MOVE"
"data/protocol15temp/06_cpu_single_site/tuning_gap7/outer_1_lgbm.json","migration/recovered_artifacts/protocol15temp/06_cpu_single_site/tuning_gap7/outer_1_lgbm.json","f04a1d406d95649fc2d2783a9233f126f268dc221abf0fd0f2d520308cc6fabe","LEGACY_DIAGNOSTIC_RESULT","MOVE"
"data/protocol15temp/06_cpu_single_site/tuning_gap7/outer_1_ridge_mos.json","migration/recovered_artifacts/protocol15temp/06_cpu_single_site/tuning_gap7/outer_1_ridge_mos.json","6684416513bfe2e8bf13da880bb79d14a25aa0b6c477f42c8d1d11feb8b9bc7e","LEGACY_DIAGNOSTIC_RESULT","MOVE"
"data/protocol15temp/06_cpu_single_site/tuning_gap7/outer_1_xgboost.json","migration/recovered_artifacts/protocol15temp/06_cpu_single_site/tuning_gap7/outer_1_xgboost.json","585a55e7213d1cae099a05ad6030e46bbfddf8431d18508205fd9e5ed26d4db6","LEGACY_DIAGNOSTIC_RESULT","MOVE"
"data/protocol15temp/06_cpu_single_site/tuning_gap7/outer_2_lgbm.json","migration/recovered_artifacts/protocol15temp/06_cpu_single_site/tuning_gap7/outer_2_lgbm.json","c48043fa4cbd77b5c0d3c2bbf10aeaad83ddc9bd6dafef0d437cf9db65ce3a97","LEGACY_DIAGNOSTIC_RESULT","MOVE"
"data/protocol15temp/06_cpu_single_site/tuning_gap7/outer_2_ridge_mos.json","migration/recovered_artifacts/protocol15temp/06_cpu_single_site/tuning_gap7/outer_2_ridge_mos.json","494282f89920e5c0b85008c81e13a0d6a3856d81c40b9d49b17f2cfc1492fc37","LEGACY_DIAGNOSTIC_RESULT","MOVE"
"data/protocol15temp/06_cpu_single_site/tuning_gap7/outer_2_xgboost.json","migration/recovered_artifacts/protocol15temp/06_cpu_single_site/tuning_gap7/outer_2_xgboost.json","f6d931688c1fd2b664bc175745ec104f669c52d48988cfe4017e20b98b8c4883","LEGACY_DIAGNOSTIC_RESULT","MOVE"
"data/protocol15temp/06_cpu_single_site/tuning_gap7/outer_3_lgbm.json","migration/recovered_artifacts/protocol15temp/06_cpu_single_site/tuning_gap7/outer_3_lgbm.json","9a123b49d5e82bb571babfd91e7eb6b674c307cb2060cbe16a0cc065b4bf0dcc","LEGACY_DIAGNOSTIC_RESULT","MOVE"
"data/protocol15temp/06_cpu_single_site/tuning_gap7/outer_3_ridge_mos.json","migration/recovered_artifacts/protocol15temp/06_cpu_single_site/tuning_gap7/outer_3_ridge_mos.json","8ddfb25aa87f8ac233d9c1e55a6c989969b784b701e77e6154152f512b65ae90","LEGACY_DIAGNOSTIC_RESULT","MOVE"
"data/protocol15temp/06_cpu_single_site/tuning_gap7/outer_3_xgboost.json","migration/recovered_artifacts/protocol15temp/06_cpu_single_site/tuning_gap7/outer_3_xgboost.json","3faf038a6c53f8a1c4a2ec27e2901df448e9e429323220f83551f2d5d7109460","LEGACY_DIAGNOSTIC_RESULT","MOVE"
"data/protocol15temp/06_cpu_single_site/tuning_gap7/outer_4_lgbm.json","migration/recovered_artifacts/protocol15temp/06_cpu_single_site/tuning_gap7/outer_4_lgbm.json","87ad38005c8d23c802dd4413b9910c0ea610a3616519765f61ea674f3991e987","LEGACY_DIAGNOSTIC_RESULT","MOVE"
"data/protocol15temp/06_cpu_single_site/tuning_gap7/outer_4_ridge_mos.json","migration/recovered_artifacts/protocol15temp/06_cpu_single_site/tuning_gap7/outer_4_ridge_mos.json","cfdd676ae37c36c95d59561725936a4fe4b5cbd82e4b394d92ecd9937678fee5","LEGACY_DIAGNOSTIC_RESULT","MOVE"
"data/protocol15temp/06_cpu_single_site/tuning_gap7/outer_4_xgboost.json","migration/recovered_artifacts/protocol15temp/06_cpu_single_site/tuning_gap7/outer_4_xgboost.json","269d05326fe1f3ec553306e33f1813e761a01d5884ed52eb59b7cf577913fee7","LEGACY_DIAGNOSTIC_RESULT","MOVE"
"data/protocol15temp/06_cpu_single_site/tuning_gap7/outer_5_lgbm.json","migration/recovered_artifacts/protocol15temp/06_cpu_single_site/tuning_gap7/outer_5_lgbm.json","4ed97bcbaf7e814b8644441d01a73b73ecf9ae3fcc0e2e994af5715f58c78651","LEGACY_DIAGNOSTIC_RESULT","MOVE"
"data/protocol15temp/06_cpu_single_site/tuning_gap7/outer_5_ridge_mos.json","migration/recovered_artifacts/protocol15temp/06_cpu_single_site/tuning_gap7/outer_5_ridge_mos.json","9ea65f1813d4f73f545165e50361033f7e42bf8eb100aac2fd2a9de6aab43ca1","LEGACY_DIAGNOSTIC_RESULT","MOVE"
"data/protocol15temp/06_cpu_single_site/tuning_gap7/outer_5_xgboost.json","migration/recovered_artifacts/protocol15temp/06_cpu_single_site/tuning_gap7/outer_5_xgboost.json","c35be3d83b91995f7fe7a7f1ebfa6700dcca2468051e5deb88a771a823a481b8","LEGACY_DIAGNOSTIC_RESULT","MOVE"
"data/protocol15temp/06_cpu_single_site/tuning/outer_1_lgbm.json","migration/recovered_artifacts/protocol15temp/06_cpu_single_site/tuning/outer_1_lgbm.json","5b3c8c096471714ce81ecc05164bc3dacc826b6c048e390cc99c4245e1cb614c","LEGACY_DIAGNOSTIC_RESULT","MOVE"
"data/protocol15temp/06_cpu_single_site/tuning/outer_1_ridge_mos.json","migration/recovered_artifacts/protocol15temp/06_cpu_single_site/tuning/outer_1_ridge_mos.json","979e3fc9afe4a9c88c16868b8669d0ad9a1dd76e7690a3c0ebc3d3cbaf651f59","LEGACY_DIAGNOSTIC_RESULT","MOVE"
"data/protocol15temp/06_cpu_single_site/tuning/outer_1_xgboost.json","migration/recovered_artifacts/protocol15temp/06_cpu_single_site/tuning/outer_1_xgboost.json","f590a1349b63450e0be7280f9ee1c2d84f7b77cca17b94a2c1bd56f30ff04287","LEGACY_DIAGNOSTIC_RESULT","MOVE"
"data/protocol15temp/06_cpu_single_site/tuning/outer_2_lgbm.json","migration/recovered_artifacts/protocol15temp/06_cpu_single_site/tuning/outer_2_lgbm.json","0860d3292ca1027b502c7de35d4b9f2a1b7e69ed0413cb8f9b699a414f90c422","LEGACY_DIAGNOSTIC_RESULT","MOVE"
"data/protocol15temp/06_cpu_single_site/tuning/outer_2_ridge_mos.json","migration/recovered_artifacts/protocol15temp/06_cpu_single_site/tuning/outer_2_ridge_mos.json","754c566f18debe9cbd2ea03925ceab57692e1bf2d20bc9356a1f0cf5d45032b2","LEGACY_DIAGNOSTIC_RESULT","MOVE"
"data/protocol15temp/06_cpu_single_site/tuning/outer_2_xgboost.json","migration/recovered_artifacts/protocol15temp/06_cpu_single_site/tuning/outer_2_xgboost.json","5cffd0972b627bd1510b0069140dedd826f19f4b8a130faa7ecdce79485de6e6","LEGACY_DIAGNOSTIC_RESULT","MOVE"
"data/protocol15temp/06_cpu_single_site/tuning/outer_3_lgbm.json","migration/recovered_artifacts/protocol15temp/06_cpu_single_site/tuning/outer_3_lgbm.json","615e70151e51b2687cd25c85e433d5551697ac4aea1c5b8a277d9702632e777f","LEGACY_DIAGNOSTIC_RESULT","MOVE"
"data/protocol15temp/06_cpu_single_site/tuning/outer_3_ridge_mos.json","migration/recovered_artifacts/protocol15temp/06_cpu_single_site/tuning/outer_3_ridge_mos.json","0f49ef1701dbec7f2fbf2879c21afd1fcc50688bf742d755600f1c30a6c0a2b3","LEGACY_DIAGNOSTIC_RESULT","MOVE"
"data/protocol15temp/06_cpu_single_site/tuning/outer_3_xgboost.json","migration/recovered_artifacts/protocol15temp/06_cpu_single_site/tuning/outer_3_xgboost.json","c9440812bdd807786c62f5a6376789cb9949e2ae7dc1510c0211ac1662d6dc1c","LEGACY_DIAGNOSTIC_RESULT","MOVE"
"data/protocol15temp/06_cpu_single_site/tuning/outer_4_lgbm.json","migration/recovered_artifacts/protocol15temp/06_cpu_single_site/tuning/outer_4_lgbm.json","325cb0bd8c91b7c691b8a38d9e0a8b9b185c3378818c6ee8b46e175eb93b67c4","LEGACY_DIAGNOSTIC_RESULT","MOVE"
"data/protocol15temp/06_cpu_single_site/tuning/outer_4_ridge_mos.json","migration/recovered_artifacts/protocol15temp/06_cpu_single_site/tuning/outer_4_ridge_mos.json","a15e72ee2ab5f3dd06b867b28898d1e9081dbe4e13f71b6cb56a628151ae28c1","LEGACY_DIAGNOSTIC_RESULT","MOVE"
"data/protocol15temp/06_cpu_single_site/tuning/outer_4_xgboost.json","migration/recovered_artifacts/protocol15temp/06_cpu_single_site/tuning/outer_4_xgboost.json","3b9c05baf3a417fadf797c9bf36503efd7e156145fb947be93ec59be3f0f6477","LEGACY_DIAGNOSTIC_RESULT","MOVE"
"data/protocol15temp/06_cpu_single_site/tuning/outer_5_lgbm.json","migration/recovered_artifacts/protocol15temp/06_cpu_single_site/tuning/outer_5_lgbm.json","783216f86e4826862bf5cbfc6dbef2b6b6f0decf97d15ee2d9bf4324d0ecab5e","LEGACY_DIAGNOSTIC_RESULT","MOVE"
"data/protocol15temp/06_cpu_single_site/tuning/outer_5_ridge_mos.json","migration/recovered_artifacts/protocol15temp/06_cpu_single_site/tuning/outer_5_ridge_mos.json","0eb5e47883553380479fd5e1698c07a2f3aee11d706c6fdf9f8c2415a714e45f","LEGACY_DIAGNOSTIC_RESULT","MOVE"
"data/protocol15temp/06_cpu_single_site/tuning/outer_5_xgboost.json","migration/recovered_artifacts/protocol15temp/06_cpu_single_site/tuning/outer_5_xgboost.json","fba99b6211c7644fdcf7fed36c52b40d1a643d772e7dd94e6281776b02216c78","LEGACY_DIAGNOSTIC_RESULT","MOVE"
"data/protocol2/01_raw/fetch_log_v2.csv","data/registry/imports/protocol2_fetch_log.csv","ca67485864f1de671547eb467a46f66317673ae0d7fa37af4e868468a8a28454","FETCH_PROVENANCE","MOVE"
"data/protocol2/02_clean/quality_audit_nanjing_1.json","migration/recovered_artifacts/protocol2/02_clean/quality_audit_nanjing_1.json","1cc77a71a318524137a0fb5e46dfd078228295d30fbdcaa8401c2bdf2cc2b858","LEGACY_DATA_AUDIT","MOVE"
"data/protocol2/02_clean/quality_report_nanjing_1.md","migration/recovered_artifacts/protocol2/02_clean/quality_report_nanjing_1.md","847a6520163afa3a926e040a0cbcf5c0ec45eb9662376bb8870e25942829c1be","LEGACY_DATA_AUDIT","MOVE"
"data/protocol2/04_service_probes/step_0.025/batch_00000.json","data/registry/service_probes/step_0.025/batch_00000.json","dff072fca97929181c075a861fc485964e4269e24d0087b5d436d7e153563e93","SERVICE_PROBE_CACHE","MOVE"
"data/protocol2/04_service_probes/step_0.025/batch_00001.json","data/registry/service_probes/step_0.025/batch_00001.json","a0b6881350065b3cdfab24a082ae8b4f812d4d5499b7e9a1383cd8e984466e14","SERVICE_PROBE_CACHE","MOVE"
"data/protocol2/04_service_probes/step_0.025/batch_00002.json","data/registry/service_probes/step_0.025/batch_00002.json","0a4f55a2498b489dbd6a7be4938fb4afe267fb640457111fc1bec549e61300ca","SERVICE_PROBE_CACHE","MOVE"
"data/protocol2/04_service_probes/step_0.025/batch_00003.json","data/registry/service_probes/step_0.025/batch_00003.json","aeb1fc574b9fdafb1273fa05565f07fae943798be81a49bc29165694cd8972df","SERVICE_PROBE_CACHE","MOVE"
"data/protocol2/04_service_probes/step_0.025/batch_00004.json","data/registry/service_probes/step_0.025/batch_00004.json","d31f40ccc15d42d2477debbfeb13f0c296cbd1a75c799560a51df49b0875253d","SERVICE_PROBE_CACHE","MOVE"
"data/protocol2/04_service_probes/step_0.025/batch_00005.json","data/registry/service_probes/step_0.025/batch_00005.json","ea1519f04a81b5d31c326ed0bb1c36f95b4504e9d26eb6b1cabb71c3b21bdeb9","SERVICE_PROBE_CACHE","MOVE"
"data/protocol2/04_service_probes/step_0.025/batch_00006.json","data/registry/service_probes/step_0.025/batch_00006.json","2cb12891a3ce6ce8bb3d35f33ff5a0991fd004396eaa40d38196f3da553e680b","SERVICE_PROBE_CACHE","MOVE"
"data/protocol2/04_service_probes/step_0.025/batch_00007.json","data/registry/service_probes/step_0.025/batch_00007.json","a9e6794fa44b0be1fe9ad763cdb7414ecef2fd3ebc05c2744708d96a0169a160","SERVICE_PROBE_CACHE","MOVE"
"data/protocol2/04_service_probes/step_0.025/batch_00008.json","data/registry/service_probes/step_0.025/batch_00008.json","7fd25fca716fba89e8b767a78d98e4ecbed392e6e191d814e57d4b03d09d7f6e","SERVICE_PROBE_CACHE","MOVE"
"data/protocol2/04_service_probes/step_0.025/batch_00009.json","data/registry/service_probes/step_0.025/batch_00009.json","f42d52129e4538c8817c9d1c17bfbfa55902b1fcddd7a3b29f420ab26885f509","SERVICE_PROBE_CACHE","MOVE"
"data/protocol2/04_service_probes/step_0.025/batch_00010.json","data/registry/service_probes/step_0.025/batch_00010.json","69761b71e7855f61507d462382504e76b51cdbf265bb580e9832a76d85745579","SERVICE_PROBE_CACHE","MOVE"
"data/protocol2/04_service_probes/step_0.025/batch_00011.json","data/registry/service_probes/step_0.025/batch_00011.json","26fb7e87699042bac808a67f42c9bd6011cc0838d642f069109c8c1efcb5458f","SERVICE_PROBE_CACHE","MOVE"
"data/protocol2/04_service_probes/step_0.025/batch_00012.json","data/registry/service_probes/step_0.025/batch_00012.json","7a6621f4511207fe1327234687c6db6602eb977a53ec50d5e36c5328f4080446","SERVICE_PROBE_CACHE","MOVE"
"data/protocol2/04_service_probes/step_0.025/batch_00013.json","data/registry/service_probes/step_0.025/batch_00013.json","94ea72aa3e2b1969ffd19f4ad55d4959aebc361afb83d55b50d88a42699e15b6","SERVICE_PROBE_CACHE","MOVE"
"data/protocol2/04_service_probes/step_0.025/batch_00014.json","data/registry/service_probes/step_0.025/batch_00014.json","2856257d204dd93cbc9307ca5605dc0e86cd36bca8e4b537cf1fe8580074fc8c","SERVICE_PROBE_CACHE","MOVE"
"data/protocol2/04_service_probes/step_0.025/batch_00015.json","data/registry/service_probes/step_0.025/batch_00015.json","d5009321c484b4bf54a98a50905c73ee07b8963f6e5e5905c25be73d2b90d28d","SERVICE_PROBE_CACHE","MOVE"
"data/protocol2/04_service_probes/step_0.025/batch_00016.json","data/registry/service_probes/step_0.025/batch_00016.json","d6f068d108b7efa7cb1dd691be2d350bf42b87d10bdc7bf2792b07203485cb2d","SERVICE_PROBE_CACHE","MOVE"
"data/protocol2/04_service_probes/step_0.025/batch_00017.json","data/registry/service_probes/step_0.025/batch_00017.json","7a1bc6bd0da4c1c2fc59ee1d4211f3d5498255415c3416f5a69a7b766f42c241","SERVICE_PROBE_CACHE","MOVE"
"data/protocol2/04_service_probes/step_0.025/batch_00018.json","data/registry/service_probes/step_0.025/batch_00018.json","b5be00c2915e37aebaa031da40d1bd18f502e2aa2aaceb80fa135166bc824c9f","SERVICE_PROBE_CACHE","MOVE"
"data/protocol2/04_service_probes/step_0.025/batch_00019.json","data/registry/service_probes/step_0.025/batch_00019.json","f67cff078080696d063f5127768cacffffa39461dfff8c575bffd99a948b7f4b","SERVICE_PROBE_CACHE","MOVE"
"data/protocol2/04_service_probes/step_0.025/batch_00020.json","data/registry/service_probes/step_0.025/batch_00020.json","22824a86a3bbc69fe37aaa03cd4a49fd60d89d13f4c6cc525126a020ae53e1db","SERVICE_PROBE_CACHE","MOVE"
