source_path,target_path,receipt_path,stage,origin,site,date_range,sha256,config_hash,row_count,legacy_receipt_path,legacy_receipt_sha256,catalog_status
data/02_clean/changzhou_1_clean_2019-02_2026-01.parquet,data/clean/70f9f95769cf/changzhou_1/2019-02_2026-01.parquet,data/clean/70f9f95769cf/changzhou_1/2019-02_2026-01.receipt.json,clean,main,changzhou_1,2019-02/2026-01,6dd04401e725c258da6646dbe8b8cdffb826ff24fbed72084bde6dcd0ee939f8,70f9f95769cf,184104,,,incomplete
data/02_clean/changzhou_1_clean_2024-02_2026-09.parquet,data/clean/d7d819d6f661/changzhou_1/2024-02_2026-09.parquet,data/clean/d7d819d6f661/changzhou_1/2024-02_2026-09.receipt.json,clean,main,changzhou_1,2024-02/2026-09,4720ea88dd353c83ec64620a9cba17d6fb40a6f5e64df4abc87a0e3a13c90ec4,d7d819d6f661,68544,,,incomplete
data/02_clean/huai_an_1_clean_2019-02_2026-01.parquet,data/clean/2f93021d5183/huai_an_1/2019-02_2026-01.parquet,data/clean/2f93021d5183/huai_an_1/2019-02_2026-01.receipt.json,clean,main,huai_an_1,2019-02/2026-01,e7dd79c398cd538f60fbf3f8b928661ee5eb23af6d7edcf72fab55e21e151f1f,2f93021d5183,184104,,,incomplete
data/02_clean/huai_an_1_clean_2024-02_2026-09.parquet,data/clean/e155a7ec2c22/huai_an_1/2024-02_2026-09.parquet,data/clean/e155a7ec2c22/huai_an_1/2024-02_2026-09.receipt.json,clean,main,huai_an_1,2024-02/2026-09,843f22d89513f2c3d8bbe58a06631c405194347161359920c18d5d07fca7df44,e155a7ec2c22,68544,,,incomplete
data/02_clean/huai_an_2_clean_2019-02_2026-01.parquet,data/clean/efe6cdb538c1/huai_an_2/2019-02_2026-01.parquet,data/clean/efe6cdb538c1/huai_an_2/2019-02_2026-01.receipt.json,clean,main,huai_an_2,2019-02/2026-01,22bb3c66be5d9b9db690ef74563b04e78981e6ca724089014ca1ff18f9994bb1,efe6cdb538c1,184104,,,incomplete
data/02_clean/huai_an_2_clean_2024-02_2026-09.parquet,data/clean/5cf22c635c87/huai_an_2/2024-02_2026-09.parquet,data/clean/5cf22c635c87/huai_an_2/2024-02_2026-09.receipt.json,clean,main,huai_an_2,2024-02/2026-09,cb9e20d9cd25af542ee15cf36f66d3f7141c83b23c502f99dcda359f81812c07,5cf22c635c87,68544,,,incomplete
data/02_clean/huai_an_3_clean_2019-02_2026-01.parquet,data/clean/3f789d690878/huai_an_3/2019-02_2026-01.parquet,data/clean/3f789d690878/huai_an_3/2019-02_2026-01.receipt.json,clean,main,huai_an_3,2019-02/2026-01,67cd91d42cd6194cdf91b0113e96020c6f9f7276afa7a59d2fe7c824cc762fb8,3f789d690878,184104,,,incomplete
data/02_clean/huai_an_3_clean_2024-02_2026-09.parquet,data/clean/59f8b4457992/huai_an_3/2024-02_2026-09.parquet,data/clean/59f8b4457992/huai_an_3/2024-02_2026-09.receipt.json,clean,main,huai_an_3,2024-02/2026-09,c6c29fd161ff46226b022cea73d0c6dc45a9535bc05c4004c414f2f8098f7cb8,59f8b4457992,68544,,,incomplete
data/02_clean/lianyungang_1_clean_2019-02_2026-01.parquet,data/clean/b7c728326565/lianyungang_1/2019-02_2026-01.parquet,data/clean/b7c728326565/lianyungang_1/2019-02_2026-01.receipt.json,clean,main,lianyungang_1,2019-02/2026-01,1524b28e7d2960118ef9659dba07e23cb5ed4f0329b0a21e0bf74a1ad648105e,b7c728326565,184104,,,incomplete
data/02_clean/lianyungang_1_clean_2024-02_2026-09.parquet,data/clean/9bd013b23d9a/lianyungang_1/2024-02_2026-09.parquet,data/clean/9bd013b23d9a/lianyungang_1/2024-02_2026-09.receipt.json,clean,main,lianyungang_1,2024-02/2026-09,72d67bba171d09efccb26abf161641c58bf46f8b22e986be8c3bb1761cbde1d5,9bd013b23d9a,68544,,,incomplete
data/02_clean/lianyungang_2_clean_2019-02_2026-01.parquet,data/clean/050dd12f23d8/lianyungang_2/2019-02_2026-01.parquet,data/clean/050dd12f23d8/lianyungang_2/2019-02_2026-01.receipt.json,clean,main,lianyungang_2,2019-02/2026-01,13119f2ca1a98346d3207392a619a6f987ffa511208d8678cd4e3d17bed5ed24,050dd12f23d8,184104,,,incomplete
data/02_clean/lianyungang_2_clean_2024-02_2026-09.parquet,data/clean/a84129449242/lianyungang_2/2024-02_2026-09.parquet,data/clean/a84129449242/lianyungang_2/2024-02_2026-09.receipt.json,clean,main,lianyungang_2,2024-02/2026-09,0ab0cde44c241612b703ce511d8199c89d7b5f404d5d376ad48bb843beb6ca08,a84129449242,68544,,,incomplete
data/02_clean/nanjing_1_clean_2019-02_2026-01.parquet,data/clean/55e4abeab2da/nanjing_1/2019-02_2026-01.parquet,data/clean/55e4abeab2da/nanjing_1/2019-02_2026-01.receipt.json,clean,main,nanjing_1,2019-02/2026-01,69c7cfb62d23b2b09f89d29e687c1654c39b0bc98462d9b707e950e13f82593a,55e4abeab2da,184104,,,incomplete
data/02_clean/nanjing_1_clean_2024-02_2026-09.parquet,data/clean/32f2b0aba78e/nanjing_1/2024-02_2026-09.parquet,data/clean/32f2b0aba78e/nanjing_1/2024-02_2026-09.receipt.json,clean,main,nanjing_1,2024-02/2026-09,850fc4f82d10c0c04c8901e6711ed26f881332e5e7edb5d763061647b47fdf4e,32f2b0aba78e,68544,,,incomplete
data/02_clean/nanjing_2_clean_2019-02_2026-01.parquet,data/clean/54769a6e9597/nanjing_2/2019-02_2026-01.parquet,data/clean/54769a6e9597/nanjing_2/2019-02_2026-01.receipt.json,clean,main,nanjing_2,2019-02/2026-01,6ca1c4ddb60f148fb74e1beb2fdffa6924b56e63158fed2bee72c0ed020041a8,54769a6e9597,184104,,,incomplete
data/02_clean/nanjing_2_clean_2024-02_2026-09.parquet,data/clean/59a77b123480/nanjing_2/2024-02_2026-09.parquet,data/clean/59a77b123480/nanjing_2/2024-02_2026-09.receipt.json,clean,main,nanjing_2,2024-02/2026-09,d423b476b3f6ff4405362947da0f8c52a11837a98970e74da02a4ba74093a15c,59a77b123480,68544,,,incomplete
data/02_clean/nantong_1_clean_2019-02_2026-01.parquet,data/clean/d2fa894abb07/nantong_1/2019-02_2026-01.parquet,data/clean/d2fa894abb07/nantong_1/2019-02_2026-01.receipt.json,clean,main,nantong_1,2019-02/2026-01,85d6cfdd1faeb11075e9d891eab55606a75d0bbdb661c3ca80f769d14e609dab,d2fa894abb07,184104,,,incomplete
data/02_clean/nantong_1_clean_2024-02_2026-09.parquet,data/clean/749a83668822/nantong_1/2024-02_2026-09.parquet,data/clean/749a83668822/nantong_1/2024-02_2026-09.receipt.json,clean,main,nantong_1,2024-02/2026-09,cc9c03ca31c028e0b51a07fc868a249f78987e6061cfb7d2b6166208a5bcf92f,749a83668822,68544,,,incomplete
data/02_clean/nantong_2_clean_2019-02_2026-01.parquet,data/clean/b36f0e4a779d/nantong_2/2019-02_2026-01.parquet,data/clean/b36f0e4a779d/nantong_2/2019-02_2026-01.receipt.json,clean,main,nantong_2,2019-02/2026-01,4f2b9d53d21c38dec674db809320aac77278e333139c412a91bbb98bbf1f2ac3,b36f0e4a779d,184104,,,incomplete
data/02_clean/nantong_2_clean_2024-02_2026-09.parquet,data/clean/9625fe2fde26/nantong_2/2024-02_2026-09.parquet,data/clean/9625fe2fde26/nantong_2/2024-02_2026-09.receipt.json,clean,main,nantong_2,2024-02/2026-09,f3ca6fdce2dd86be439779a9ae997c82a831713917e042f35c5c3685951e447d,9625fe2fde26,68544,,,incomplete
data/02_clean/suqian_1_clean_2019-02_2026-01.parquet,data/clean/c3811c7bf006/suqian_1/2019-02_2026-01.parquet,data/clean/c3811c7bf006/suqian_1/2019-02_2026-01.receipt.json,clean,main,suqian_1,2019-02/2026-01,ed0a50beb97e47b6fd7878ede6b0f791b93d8f6067dcaf6739127bea2e1c5678,c3811c7bf006,184104,,,incomplete
data/02_clean/suqian_1_clean_2024-02_2026-09.parquet,data/clean/48175b8996ff/suqian_1/2024-02_2026-09.parquet,data/clean/48175b8996ff/suqian_1/2024-02_2026-09.receipt.json,clean,main,suqian_1,2024-02/2026-09,229816fa6c91962fa564beacfa5bb08c90f1042f0c4f406ecfbc5f340d0f1312,48175b8996ff,68544,,,incomplete
data/02_clean/suzhou_1_clean_2019-02_2026-01.parquet,data/clean/7d92139a06ca/suzhou_1/2019-02_2026-01.parquet,data/clean/7d92139a06ca/suzhou_1/2019-02_2026-01.receipt.json,clean,main,suzhou_1,2019-02/2026-01,c9cbb0408252bf9f37459fe982f467c52560da4568d28a44165da16cfc9a62df,7d92139a06ca,184104,,,incomplete
data/02_clean/suzhou_1_clean_2024-02_2026-09.parquet,data/clean/334c97b50b21/suzhou_1/2024-02_2026-09.parquet,data/clean/334c97b50b21/suzhou_1/2024-02_2026-09.receipt.json,clean,main,suzhou_1,2024-02/2026-09,b5896355ea41b1cc1b013fd08f02f6fd9dcfbe057c98ee4f3f045cc57b867beb,334c97b50b21,68544,,,incomplete
data/02_clean/taizhou_1_clean_2019-02_2026-01.parquet,data/clean/e9f8e0c1665d/taizhou_1/2019-02_2026-01.parquet,data/clean/e9f8e0c1665d/taizhou_1/2019-02_2026-01.receipt.json,clean,main,taizhou_1,2019-02/2026-01,ea86ff3c118a37aed2029b091522c7d6640602ee6f1c3c503e3b2eab33aa00ee,e9f8e0c1665d,184104,,,incomplete
data/02_clean/taizhou_1_clean_2024-02_2026-09.parquet,data/clean/ae108fff96c3/taizhou_1/2024-02_2026-09.parquet,data/clean/ae108fff96c3/taizhou_1/2024-02_2026-09.receipt.json,clean,main,taizhou_1,2024-02/2026-09,7bd629d43a73082ccd85e8b1af4674af7cfdceea803120724dc4f56845e8caee,ae108fff96c3,68544,,,incomplete
data/02_clean/taizhou_2_clean_2019-02_2026-01.parquet,data/clean/1eecb9f22a48/taizhou_2/2019-02_2026-01.parquet,data/clean/1eecb9f22a48/taizhou_2/2019-02_2026-01.receipt.json,clean,main,taizhou_2,2019-02/2026-01,7302e91fa144a34b31888ea3c865c57bd98581a08f9e7e182c22a46fd502eb41,1eecb9f22a48,184104,,,incomplete
data/02_clean/taizhou_2_clean_2024-02_2026-09.parquet,data/clean/f80bf6de191b/taizhou_2/2024-02_2026-09.parquet,data/clean/f80bf6de191b/taizhou_2/2024-02_2026-09.receipt.json,clean,main,taizhou_2,2024-02/2026-09,a3ddd097fdfe1f9f1ef1f5ab2c7364b275b79d54e78aba374eb63e32034286db,f80bf6de191b,68544,,,incomplete
data/02_clean/wuxi_1_clean_2019-02_2026-01.parquet,data/clean/49d8254974c9/wuxi_1/2019-02_2026-01.parquet,data/clean/49d8254974c9/wuxi_1/2019-02_2026-01.receipt.json,clean,main,wuxi_1,2019-02/2026-01,13cae53ad049a451a0750e07d6ea932744bfc625eb0d7ce0a975f6fc0c35c502,49d8254974c9,184104,,,incomplete
data/02_clean/wuxi_1_clean_2024-02_2026-09.parquet,data/clean/39ebc06e9805/wuxi_1/2024-02_2026-09.parquet,data/clean/39ebc06e9805/wuxi_1/2024-02_2026-09.receipt.json,clean,main,wuxi_1,2024-02/2026-09,86e34e66b806eb5691e9ffa75ce99af95f06fa98b80a972ae57de5dbd2ab61c7,39ebc06e9805,68544,,,incomplete
data/02_clean/xuzhou_1_clean_2019-02_2026-01.parquet,data/clean/81f338f4b022/xuzhou_1/2019-02_2026-01.parquet,data/clean/81f338f4b022/xuzhou_1/2019-02_2026-01.receipt.json,clean,main,xuzhou_1,2019-02/2026-01,20298d69c497d45fc824c3802dd9f812f0ba9a65495028098ac9e89543351a39,81f338f4b022,184104,,,incomplete
data/02_clean/xuzhou_1_clean_2024-02_2026-09.parquet,data/clean/0e3dbf13ef51/xuzhou_1/2024-02_2026-09.parquet,data/clean/0e3dbf13ef51/xuzhou_1/2024-02_2026-09.receipt.json,clean,main,xuzhou_1,2024-02/2026-09,c73d57023c7efe80245bee082a91c63f4697f33ec0f3a38d69131ebf71b47f60,0e3dbf13ef51,68544,,,incomplete
data/02_clean/xuzhou_2_clean_2019-02_2026-01.parquet,data/clean/6a9d45fd01c3/xuzhou_2/2019-02_2026-01.parquet,data/clean/6a9d45fd01c3/xuzhou_2/2019-02_2026-01.receipt.json,clean,main,xuzhou_2,2019-02/2026-01,2f8fc5c930ac696495929fe6f7736f9dcf66762dd67644b9981714ada064b9af,6a9d45fd01c3,184104,,,incomplete
data/02_clean/xuzhou_2_clean_2024-02_2026-09.parquet,data/clean/9e42322b3998/xuzhou_2/2024-02_2026-09.parquet,data/clean/9e42322b3998/xuzhou_2/2024-02_2026-09.receipt.json,clean,main,xuzhou_2,2024-02/2026-09,e59430329b8a7837add4a844e13d934e65420519cdda1dce9fe0ed3b0757a8d3,9e42322b3998,68544,,,incomplete
data/02_clean/yancheng_1_clean_2019-02_2026-01.parquet,data/clean/7a0d8396c4f9/yancheng_1/2019-02_2026-01.parquet,data/clean/7a0d8396c4f9/yancheng_1/2019-02_2026-01.receipt.json,clean,main,yancheng_1,2019-02/2026-01,50bbc1df6c4327be6cea5aa265713549e9149b5e3ae3d3631ed6ad7ec5f8c8f0,7a0d8396c4f9,184104,,,incomplete
data/02_clean/yancheng_1_clean_2024-02_2026-09.parquet,data/clean/96c088e45b43/yancheng_1/2024-02_2026-09.parquet,data/clean/96c088e45b43/yancheng_1/2024-02_2026-09.receipt.json,clean,main,yancheng_1,2024-02/2026-09,da00b8c13a8173cad17481c044d3622b973c5766fdb25b77e5360895c3cef912,96c088e45b43,68544,,,incomplete
data/02_clean/yancheng_2_clean_2019-02_2026-01.parquet,data/clean/2dbf6e4d7b91/yancheng_2/2019-02_2026-01.parquet,data/clean/2dbf6e4d7b91/yancheng_2/2019-02_2026-01.receipt.json,clean,main,yancheng_2,2019-02/2026-01,003d02ba9b59bc6760f73f25bfc30f5692f1f78ba372f762359d4e58a4508ff0,2dbf6e4d7b91,184104,,,incomplete
data/02_clean/yancheng_2_clean_2024-02_2026-09.parquet,data/clean/b4fdcc51a079/yancheng_2/2024-02_2026-09.parquet,data/clean/b4fdcc51a079/yancheng_2/2024-02_2026-09.receipt.json,clean,main,yancheng_2,2024-02/2026-09,1e19edb9d810e0b86ea797c531cc6fdd92fe92c11ed65d44dd23959c0e5333f8,b4fdcc51a079,68544,,,incomplete
data/02_clean/yancheng_3_clean_2019-02_2026-01.parquet,data/clean/8a1b132e097a/yancheng_3/2019-02_2026-01.parquet,data/clean/8a1b132e097a/yancheng_3/2019-02_2026-01.receipt.json,clean,main,yancheng_3,2019-02/2026-01,69f7d62e8fc13b5930db918646cf8a334bc1d982d3a23d1ff8ee60de27c3ddac,8a1b132e097a,184104,,,incomplete
data/02_clean/yancheng_3_clean_2024-02_2026-09.parquet,data/clean/2da287c42da1/yancheng_3/2024-02_2026-09.parquet,data/clean/2da287c42da1/yancheng_3/2024-02_2026-09.receipt.json,clean,main,yancheng_3,2024-02/2026-09,29a318092127491d2ddb415a5fa094b48f3b6dca356f3a373bd63ed31930a379,2da287c42da1,68544,,,incomplete
data/03_featured/changzhou_1_featured_2019-02_2026-01.parquet,data/features/d4ec94c3e079/changzhou_1/2019-02_2026-01.parquet,data/features/d4ec94c3e079/changzhou_1/2019-02_2026-01.receipt.json,features,main,changzhou_1,2019-02/2026-01,7e4cb815a5948212c4932811a58d00d2d9706f7f5c218ae90a7a0624a6342430,d4ec94c3e079,184104,,,incomplete
data/03_featured/changzhou_1_featured_2024-02_2026-09.parquet,data/features/9023380d8f90/changzhou_1/2024-02_2026-09.parquet,data/features/9023380d8f90/changzhou_1/2024-02_2026-09.receipt.json,features,main,changzhou_1,2024-02/2026-09,a858be68ede5f6e173834e14d63e26aaae193f22cdae79098e9c2325b4b0dc3b,9023380d8f90,68544,,,incomplete
data/03_featured/huai_an_1_featured_2019-02_2026-01.parquet,data/features/d4f97732ac04/huai_an_1/2019-02_2026-01.parquet,data/features/d4f97732ac04/huai_an_1/2019-02_2026-01.receipt.json,features,main,huai_an_1,2019-02/2026-01,a1332aa8dd68f99cc2b892597e19c1d5f58bab08e6539445fe57543696816b75,d4f97732ac04,184104,,,incomplete
data/03_featured/huai_an_1_featured_2024-02_2026-09.parquet,data/features/1ec27f75739d/huai_an_1/2024-02_2026-09.parquet,data/features/1ec27f75739d/huai_an_1/2024-02_2026-09.receipt.json,features,main,huai_an_1,2024-02/2026-09,f61cf0f96fae5c6dbe245327ce282dab3e4e6a281e177f8bf30dc0820e082f97,1ec27f75739d,68544,,,incomplete
data/03_featured/huai_an_2_featured_2019-02_2026-01.parquet,data/features/f4105d47e569/huai_an_2/2019-02_2026-01.parquet,data/features/f4105d47e569/huai_an_2/2019-02_2026-01.receipt.json,features,main,huai_an_2,2019-02/2026-01,7670d4138bddc432cf636251882caccc5e8a14ac1875c82a0f1e58b48b8c714b,f4105d47e569,184104,,,incomplete
data/03_featured/huai_an_2_featured_2024-02_2026-09.parquet,data/features/8f9b1fff0bbc/huai_an_2/2024-02_2026-09.parquet,data/features/8f9b1fff0bbc/huai_an_2/2024-02_2026-09.receipt.json,features,main,huai_an_2,2024-02/2026-09,ab68cfca5a9e97410d97ba79553cc52436a91cd2b74200f530559ad972bc1f0b,8f9b1fff0bbc,68544,,,incomplete
data/03_featured/huai_an_3_featured_2019-02_2026-01.parquet,data/features/be0d0e5fedb7/huai_an_3/2019-02_2026-01.parquet,data/features/be0d0e5fedb7/huai_an_3/2019-02_2026-01.receipt.json,features,main,huai_an_3,2019-02/2026-01,6fbe326a9daa421fa0e31a45246034f5e25f6c6d7f20e167139985d6fa7b0908,be0d0e5fedb7,184104,,,incomplete
data/03_featured/huai_an_3_featured_2024-02_2026-09.parquet,data/features/f05418a8435c/huai_an_3/2024-02_2026-09.parquet,data/features/f05418a8435c/huai_an_3/2024-02_2026-09.receipt.json,features,main,huai_an_3,2024-02/2026-09,b7dcb4ebb67f12b0c6c623708b447a81faa4df1158ce37b58309823be33bc505,f05418a8435c,68544,,,incomplete
data/03_featured/lianyungang_1_featured_2019-02_2026-01.parquet,data/features/08bc158af284/lianyungang_1/2019-02_2026-01.parquet,data/features/08bc158af284/lianyungang_1/2019-02_2026-01.receipt.json,features,main,lianyungang_1,2019-02/2026-01,a21270a3c2916169a2020d1088012a512f4a4686e2caba399776c945fe2dc145,08bc158af284,184104,,,incomplete
data/03_featured/lianyungang_1_featured_2024-02_2026-09.parquet,data/features/8506c6ec8f4a/lianyungang_1/2024-02_2026-09.parquet,data/features/8506c6ec8f4a/lianyungang_1/2024-02_2026-09.receipt.json,features,main,lianyungang_1,2024-02/2026-09,f9a9b50a1b0fcca7f56a16841198bb5f6c93814afc282da7e77a9bad3f9dcf17,8506c6ec8f4a,68544,,,incomplete
data/03_featured/lianyungang_2_featured_2019-02_2026-01.parquet,data/features/fa1b08f027e4/lianyungang_2/2019-02_2026-01.parquet,data/features/fa1b08f027e4/lianyungang_2/2019-02_2026-01.receipt.json,features,main,lianyungang_2,2019-02/2026-01,fe93372d3a87e697d16b96c7673e9249488e5faacf343974ee927c69c1680e3a,fa1b08f027e4,184104,,,incomplete
data/03_featured/lianyungang_2_featured_2024-02_2026-09.parquet,data/features/5025ed1ef2d0/lianyungang_2/2024-02_2026-09.parquet,data/features/5025ed1ef2d0/lianyungang_2/2024-02_2026-09.receipt.json,features,main,lianyungang_2,2024-02/2026-09,823603fdcf5d2ae5b7b516aed2bc095f1cdcb4018f1db8aec380d683d540af1c,5025ed1ef2d0,68544,,,incomplete
data/03_featured/nanjing_1_featured_2019-02_2026-01.parquet,data/features/44a1dc692c5e/nanjing_1/2019-02_2026-01.parquet,data/features/44a1dc692c5e/nanjing_1/2019-02_2026-01.receipt.json,features,main,nanjing_1,2019-02/2026-01,3d8f5f15cb0adce6aad9ccd557ea19bde780a86f905168b9e862f8a417acbe2d,44a1dc692c5e,184104,,,incomplete
data/03_featured/nanjing_1_featured_2024-02_2026-09.parquet,data/features/e509312d20ee/nanjing_1/2024-02_2026-09.parquet,data/features/e509312d20ee/nanjing_1/2024-02_2026-09.receipt.json,features,main,nanjing_1,2024-02/2026-09,470a0f95902649cc999c53290ac625946f85ff0dbf61e7a7102533e02cf63e46,e509312d20ee,68544,,,incomplete
data/03_featured/nanjing_2_featured_2019-02_2026-01.parquet,data/features/3b50a55ee74c/nanjing_2/2019-02_2026-01.parquet,data/features/3b50a55ee74c/nanjing_2/2019-02_2026-01.receipt.json,features,main,nanjing_2,2019-02/2026-01,a14618a5d023b805f45d115b0866f51eabd02d0944a07fe312925048c03465f4,3b50a55ee74c,184104,,,incomplete
data/03_featured/nanjing_2_featured_2024-02_2026-09.parquet,data/features/1c1fd3386a1a/nanjing_2/2024-02_2026-09.parquet,data/features/1c1fd3386a1a/nanjing_2/2024-02_2026-09.receipt.json,features,main,nanjing_2,2024-02/2026-09,0bb8c9be7d49a90db2222e7914aceeb216d52fba308ec5e3741f282dcc288697,1c1fd3386a1a,68544,,,incomplete
data/03_featured/nantong_1_featured_2019-02_2026-01.parquet,data/features/640e8a9929b3/nantong_1/2019-02_2026-01.parquet,data/features/640e8a9929b3/nantong_1/2019-02_2026-01.receipt.json,features,main,nantong_1,2019-02/2026-01,9d8bd700a8ace29b4e5b09e52d86652bea66af6399c8b7635c7e03cf1a9d4da2,640e8a9929b3,184104,,,incomplete
data/03_featured/nantong_1_featured_2024-02_2026-09.parquet,data/features/b764a95e508f/nantong_1/2024-02_2026-09.parquet,data/features/b764a95e508f/nantong_1/2024-02_2026-09.receipt.json,features,main,nantong_1,2024-02/2026-09,0aa1939619dd3239a5602eaed076a2ba0740fd070c679413c99fd909aefadcf6,b764a95e508f,68544,,,incomplete
data/03_featured/nantong_2_featured_2019-02_2026-01.parquet,data/features/43dc1308b5a1/nantong_2/2019-02_2026-01.parquet,data/features/43dc1308b5a1/nantong_2/2019-02_2026-01.receipt.json,features,main,nantong_2,2019-02/2026-01,20c021391c960d5857e2d2d77e3e49644dcc11fd8aa1459854e222e67c31d8cc,43dc1308b5a1,184104,,,incomplete
data/03_featured/nantong_2_featured_2024-02_2026-09.parquet,data/features/311a0af4e912/nantong_2/2024-02_2026-09.parquet,data/features/311a0af4e912/nantong_2/2024-02_2026-09.receipt.json,features,main,nantong_2,2024-02/2026-09,a116a22f6f8220018c4c670702e4a108b0121b045f8e4c2352cd17da0dd61840,311a0af4e912,68544,,,incomplete
data/03_featured/suqian_1_featured_2019-02_2026-01.parquet,data/features/b40933a84a35/suqian_1/2019-02_2026-01.parquet,data/features/b40933a84a35/suqian_1/2019-02_2026-01.receipt.json,features,main,suqian_1,2019-02/2026-01,9abe5a9676275f33c5c7973049a2bb5d555e5457bbfebbcd79ecc5d59dd12dcd,b40933a84a35,184104,,,incomplete
data/03_featured/suqian_1_featured_2024-02_2026-09.parquet,data/features/8de2173e2cf1/suqian_1/2024-02_2026-09.parquet,data/features/8de2173e2cf1/suqian_1/2024-02_2026-09.receipt.json,features,main,suqian_1,2024-02/2026-09,b95c071b6e67c21556cdff472aba4511bdc1b852b8d57d4a6a5f03970d798483,8de2173e2cf1,68544,,,incomplete
data/03_featured/suzhou_1_featured_2019-02_2026-01.parquet,data/features/663ebe6600f8/suzhou_1/2019-02_2026-01.parquet,data/features/663ebe6600f8/suzhou_1/2019-02_2026-01.receipt.json,features,main,suzhou_1,2019-02/2026-01,67fb4ddfc794aec750352bbb7d7edfb4b38ae5fa375245313aa92feac43ad230,663ebe6600f8,184104,,,incomplete
data/03_featured/suzhou_1_featured_2024-02_2026-09.parquet,data/features/fcf0e4a2a50d/suzhou_1/2024-02_2026-09.parquet,data/features/fcf0e4a2a50d/suzhou_1/2024-02_2026-09.receipt.json,features,main,suzhou_1,2024-02/2026-09,df2105746ec5ed62a0304e426b2b4c20131833f8f6c4f5d2889a9f8acc4318ad,fcf0e4a2a50d,68544,,,incomplete
data/03_featured/taizhou_1_featured_2019-02_2026-01.parquet,data/features/8267bea71bcb/taizhou_1/2019-02_2026-01.parquet,data/features/8267bea71bcb/taizhou_1/2019-02_2026-01.receipt.json,features,main,taizhou_1,2019-02/2026-01,1e872071205087e61fd6b129f8fa2bdf5173b6938d61bc1930fbc69b15a11144,8267bea71bcb,184104,,,incomplete
data/03_featured/taizhou_1_featured_2024-02_2026-09.parquet,data/features/99ff2030921d/taizhou_1/2024-02_2026-09.parquet,data/features/99ff2030921d/taizhou_1/2024-02_2026-09.receipt.json,features,main,taizhou_1,2024-02/2026-09,63a853ece5836c5f836beb971e196defa0f2e9e858852356d4b368e2ebf6b04c,99ff2030921d,68544,,,incomplete
data/03_featured/taizhou_2_featured_2019-02_2026-01.parquet,data/features/623cc7a8dfbd/taizhou_2/2019-02_2026-01.parquet,data/features/623cc7a8dfbd/taizhou_2/2019-02_2026-01.receipt.json,features,main,taizhou_2,2019-02/2026-01,78de4d838780a857ff4d41438257635f061c4b958e31bf0a94202e3b18cba803,623cc7a8dfbd,184104,,,incomplete
data/03_featured/taizhou_2_featured_2024-02_2026-09.parquet,data/features/6e15ebbdba6d/taizhou_2/2024-02_2026-09.parquet,data/features/6e15ebbdba6d/taizhou_2/2024-02_2026-09.receipt.json,features,main,taizhou_2,2024-02/2026-09,4f412a51c1af58dea8f417ed151e4d1fa887124f3e898a0de4874821dedc012b,6e15ebbdba6d,68544,,,incomplete
data/03_featured/wuxi_1_featured_2019-02_2026-01.parquet,data/features/037c2bb13865/wuxi_1/2019-02_2026-01.parquet,data/features/037c2bb13865/wuxi_1/2019-02_2026-01.receipt.json,features,main,wuxi_1,2019-02/2026-01,086de6cac5805e2b236909da86755a0a7a99c6bbce4feb687670973e298bd3d9,037c2bb13865,184104,,,incomplete
data/03_featured/wuxi_1_featured_2024-02_2026-09.parquet,data/features/1a080af3b479/wuxi_1/2024-02_2026-09.parquet,data/features/1a080af3b479/wuxi_1/2024-02_2026-09.receipt.json,features,main,wuxi_1,2024-02/2026-09,143e5ef7e4ecd836f5a503841605c2bfacbb57b0ab9f57503da6ccd1900be372,1a080af3b479,68544,,,incomplete
data/03_featured/xuzhou_1_featured_2019-02_2026-01.parquet,data/features/ad179675675c/xuzhou_1/2019-02_2026-01.parquet,data/features/ad179675675c/xuzhou_1/2019-02_2026-01.receipt.json,features,main,xuzhou_1,2019-02/2026-01,b57d0788e69cb1f0f298d863e0406c5c6166db823dc3a4ed653f7378fe4ead3b,ad179675675c,184104,,,incomplete
data/03_featured/xuzhou_1_featured_2024-02_2026-09.parquet,data/features/dc70ebcf4e96/xuzhou_1/2024-02_2026-09.parquet,data/features/dc70ebcf4e96/xuzhou_1/2024-02_2026-09.receipt.json,features,main,xuzhou_1,2024-02/2026-09,c61545ef86432186a600d6682818688ec119a6c71f72ca12b44ced6961aaca36,dc70ebcf4e96,68544,,,incomplete
data/03_featured/xuzhou_2_featured_2019-02_2026-01.parquet,data/features/4b614aa8f0da/xuzhou_2/2019-02_2026-01.parquet,data/features/4b614aa8f0da/xuzhou_2/2019-02_2026-01.receipt.json,features,main,xuzhou_2,2019-02/2026-01,0798aefeb82c81406371db9b3412018556378b4df404e27f848d8bb3fa7bd481,4b614aa8f0da,184104,,,incomplete
data/03_featured/xuzhou_2_featured_2024-02_2026-09.parquet,data/features/0adb00f196dc/xuzhou_2/2024-02_2026-09.parquet,data/features/0adb00f196dc/xuzhou_2/2024-02_2026-09.receipt.json,features,main,xuzhou_2,2024-02/2026-09,1a7e4137b4e7d33975bb3cc36c2849d881a65d71cafc4dc73e716fd061eb1a04,0adb00f196dc,68544,,,incomplete
data/03_featured/yancheng_1_featured_2019-02_2026-01.parquet,data/features/8ddb3d973810/yancheng_1/2019-02_2026-01.parquet,data/features/8ddb3d973810/yancheng_1/2019-02_2026-01.receipt.json,features,main,yancheng_1,2019-02/2026-01,ba8990e36ef21dba5b279713d19958a0b41f2078ca37312b760400a662fb395f,8ddb3d973810,184104,,,incomplete
data/03_featured/yancheng_1_featured_2024-02_2026-09.parquet,data/features/7a4551467742/yancheng_1/2024-02_2026-09.parquet,data/features/7a4551467742/yancheng_1/2024-02_2026-09.receipt.json,features,main,yancheng_1,2024-02/2026-09,fb3c1aed1de8a091608231fde026b9a09bcd0daa564115b7c645e630f6b5aad2,7a4551467742,68544,,,incomplete
data/03_featured/yancheng_2_featured_2019-02_2026-01.parquet,data/features/525f7a31adb7/yancheng_2/2019-02_2026-01.parquet,data/features/525f7a31adb7/yancheng_2/2019-02_2026-01.receipt.json,features,main,yancheng_2,2019-02/2026-01,cf12bd063e546c4dd32fc9b59f817d9dbc21a89a0fb416b830e62d5004bc8afe,525f7a31adb7,184104,,,incomplete
data/03_featured/yancheng_2_featured_2024-02_2026-09.parquet,data/features/6177b7745d35/yancheng_2/2024-02_2026-09.parquet,data/features/6177b7745d35/yancheng_2/2024-02_2026-09.receipt.json,features,main,yancheng_2,2024-02/2026-09,422b210b87952116a5f239555633327db3435473ee468a371acf731f1d4fd004,6177b7745d35,68544,,,incomplete
data/03_featured/yancheng_3_featured_2019-02_2026-01.parquet,data/features/ebd2e8357f5a/yancheng_3/2019-02_2026-01.parquet,data/features/ebd2e8357f5a/yancheng_3/2019-02_2026-01.receipt.json,features,main,yancheng_3,2019-02/2026-01,4ae3b33917a7e4c26c272ae6031a9847666b9fdc7776a14993825cb668b591eb,ebd2e8357f5a,184104,,,incomplete
data/03_featured/yancheng_3_featured_2024-02_2026-09.parquet,data/features/2b69b05b241f/yancheng_3/2024-02_2026-09.parquet,data/features/2b69b05b241f/yancheng_3/2024-02_2026-09.receipt.json,features,main,yancheng_3,2024-02/2026-09,08204d2643346715d9234a9f63ad5e5ff2f75eb09cef3cd33f4711a48e2df7aa,2b69b05b241f,68544,,,incomplete
data/protocol15temp/02_clean/nanjing_1_clean_2024-02_2024-02.parquet,data/clean/04c085417caf/nanjing_1/2024-02_2024-02.parquet,data/clean/04c085417caf/nanjing_1/2024-02_2024-02.receipt.json,clean,protocol15temp,nanjing_1,2024-02/2024-02,1aceda87f12ce81aa01613ed4f996fb2d0b15daa4697299831794c04ad305c41,04c085417caf,2088,,,incomplete
data/protocol15temp/02_clean/nanjing_1_clean_2024-02_2026-08.parquet,data/clean/1c12feac2f01/nanjing_1/2024-02_2026-08.parquet,data/clean/1c12feac2f01/nanjing_1/2024-02_2026-08.receipt.json,clean,protocol15temp,nanjing_1,2024-02/2026-08,49a316923c57d50c67913852a93b011bfd8ed976c531e24d5f352b16722bb817,1c12feac2f01,67896,,,incomplete
data/protocol15temp/03_featured/nanjing_1_featured_2024-02_2024-02.parquet,data/features/1ef39320a8c3/nanjing_1/2024-02_2024-02.parquet,data/features/1ef39320a8c3/nanjing_1/2024-02_2024-02.receipt.json,features,protocol15temp,nanjing_1,2024-02/2024-02,29363883e3a636d3f345592e397e611efd22ef833b5bbc6680ceb7b16bcabd12,1ef39320a8c3,2088,data/protocol15temp/03_featured/nanjing_1_featured_2024-02_2024-02.parquet.receipt.json,3ad2433c69d7e68869f314c5877cbdb80ae4bad0e1ad0f077627b03780bd9ba3,incomplete
data/protocol15temp/03_featured/nanjing_1_featured_2024-02_2026-08.parquet,data/features/ea5ba16ef003/nanjing_1/2024-02_2026-08.parquet,data/features/ea5ba16ef003/nanjing_1/2024-02_2026-08.receipt.json,features,protocol15temp,nanjing_1,2024-02/2026-08,7e715c19bce955196f1f44b15da49c1dc6a693ba7d0acfedcb3a0b5efad5b43e,ea5ba16ef003,67896,data/protocol15temp/03_featured/nanjing_1_featured_2024-02_2026-08.parquet.receipt.json,8b5484a00e399ed52526415cba8d245d266a601a5c0db0f0f98737b678131a9e,incomplete
data/protocol2/02_clean/nanjing_1_clean_2024-02_2024-02.parquet,data/clean/2ba19801a511/nanjing_1/2024-02_2024-02.parquet,data/clean/2ba19801a511/nanjing_1/2024-02_2024-02.receipt.json,clean,protocol2,nanjing_1,2024-02/2024-02,5f26bddbe1f601a1f769edb2f91060d8eaa7ee6323e2fe53058440811d8d8f09,2ba19801a511,2088,,,incomplete
data/protocol2/03_featured/nanjing_1_featured_2024-02_2024-02.parquet,data/features/075399337664/nanjing_1/2024-02_2024-02.parquet,data/features/075399337664/nanjing_1/2024-02_2024-02.receipt.json,features,protocol2,nanjing_1,2024-02/2024-02,e3eceffb90031c76cec8938cef5a233180c12e3916d4c6c3f9d469647a0f84ee,075399337664,2088,data/protocol2/03_featured/nanjing_1_featured_2024-02_2024-02.parquet.receipt.json,a663b0cd0dd4e86fcdde552ef557667090443ae43443a5ff7e512e0ed0480156,incomplete
