"run_id","path","size","sha256"
"20261002T144937Z_nanjing_cpu_diagnostic_7b12c831a4f0","00_meta/data_resolution.json","72","21aa3a5ae296972a186dd60c69215a4f04d18adc956c5145e63916e38a5ff48c"
"20261002T144937Z_nanjing_cpu_diagnostic_7b12c831a4f0","00_meta/data.receipt.json","362","6fd060516d9c34a27b5edca51ed90e4df498d7ddafb17251e4a210d468f212df"
"20261002T144937Z_nanjing_cpu_diagnostic_7b12c831a4f0","00_meta/features.receipt.json","348","f0e1f9bc7043e8988e7a1f28d207e278d962286ebf8e2ebcd21e3c979facdfbd"
"20261002T144937Z_nanjing_cpu_diagnostic_7b12c831a4f0","00_meta/resolved_config.yaml","20147","b58dba3dfa1fab792c74fbe70a02b1e2250e3aa34302ab33e9728ec206062b4c"
"20261002T144937Z_nanjing_cpu_diagnostic_7b12c831a4f0","00_meta/stage_status.json","1679","53bd051827bdd98d51bcd87f6d6f6fcbec242139fa0ae25138b589b27205ebff"
"20261002T144937Z_nanjing_cpu_diagnostic_7b12c831a4f0","00_meta/validate.receipt.json","340","ea5dce3cca171fe31cfa81cd6e07afa55b207d4f554b258837fc3aef8264d2e8"
"20261002T144937Z_nanjing_cpu_diagnostic_7b12c831a4f0","01_selection/selection.receipt.json","407","c0c4a4b50bd1ffe212280755e3553ee4d33863c4db2002035bd998e3daa7f423"
"20261002T144937Z_nanjing_cpu_diagnostic_7b12c831a4f0","01_selection/sites.json","129","5d2e2aa028262ef837709effb0638519b2ff544f3b5e4708adc0332eb70cf97d"
"20261002T145001Z_nanjing_cpu_diagnostic_7b12c831a4f0","00_meta/data_resolution.json","72","21aa3a5ae296972a186dd60c69215a4f04d18adc956c5145e63916e38a5ff48c"
"20261002T145001Z_nanjing_cpu_diagnostic_7b12c831a4f0","00_meta/data.receipt.json","362","2d54d0b10df06376b82e5844d83737937b3273dd3476fa3c86775629ef6d0129"
"20261002T145001Z_nanjing_cpu_diagnostic_7b12c831a4f0","00_meta/features.receipt.json","348","ad057c43415d7fba06a981aa9c851b4f09cbfc31ba79a323937d38a461de779f"
"20261002T145001Z_nanjing_cpu_diagnostic_7b12c831a4f0","00_meta/resolved_config.yaml","20147","b58dba3dfa1fab792c74fbe70a02b1e2250e3aa34302ab33e9728ec206062b4c"
"20261002T145001Z_nanjing_cpu_diagnostic_7b12c831a4f0","00_meta/stage_status.json","2244","cdf027bd02074e9141edf8c4a4ffff14b70f44bc0af3c1c08d0948b8e4c58231"
"20261002T145001Z_nanjing_cpu_diagnostic_7b12c831a4f0","00_meta/validate.receipt.json","340","11c74fd855e443b470fa7959263d86f3b5438f9c4242e5caa3c376f9e40d1059"
"20261002T145001Z_nanjing_cpu_diagnostic_7b12c831a4f0","01_selection/selection.receipt.json","407","a5e5448ff2ec0db383e6833145c9932c88c0ddcaebacf668b6cd275dddae8cb6"
"20261002T145001Z_nanjing_cpu_diagnostic_7b12c831a4f0","01_selection/sites.json","129","5d2e2aa028262ef837709effb0638519b2ff544f3b5e4708adc0332eb70cf97d"
"20261002T145001Z_nanjing_cpu_diagnostic_7b12c831a4f0","01_selection/splits.json","1407","ddbeeee176248f869d4be1defe45bb638e9e347da6b4ad3966fabfb8c6a98850"
"20261002T145001Z_nanjing_cpu_diagnostic_7b12c831a4f0","01_selection/splits.receipt.json","401","2796ae4dc31af2e8179bb6917a9f2e139748c0c90426f80fd22af6a272a006b7"
"20261002T145153Z_nanjing_cpu_diagnostic_7b12c831a4f0","00_meta/data_resolution.json","72","21aa3a5ae296972a186dd60c69215a4f04d18adc956c5145e63916e38a5ff48c"
"20261002T145153Z_nanjing_cpu_diagnostic_7b12c831a4f0","00_meta/data.receipt.json","362","b484e83de9c04c75a53ac5c306869ea787ea94d87e244621a4d4a0df41198edd"
"20261002T145153Z_nanjing_cpu_diagnostic_7b12c831a4f0","00_meta/features.receipt.json","348","2ae4981bfeaad8bb6f3fea9c17eae1f4dbb90b78683b840ecd449131907c2b4c"
"20261002T145153Z_nanjing_cpu_diagnostic_7b12c831a4f0","00_meta/resolved_config.yaml","20147","b58dba3dfa1fab792c74fbe70a02b1e2250e3aa34302ab33e9728ec206062b4c"
"20261002T145153Z_nanjing_cpu_diagnostic_7b12c831a4f0","00_meta/stage_status.json","2244","f4988c8440577b578120d6c2ba6db4c34c378a7abe7c8c4240e05a35475ce8cc"
"20261002T145153Z_nanjing_cpu_diagnostic_7b12c831a4f0","00_meta/validate.receipt.json","340","c4ae31a62d781220c801b12c5be635d7a4fc3d00ad6333cd95ae6995c8a656ef"
"20261002T145153Z_nanjing_cpu_diagnostic_7b12c831a4f0","01_selection/selection.receipt.json","407","ee3cc9d749c1d77e13369f597922a8c7756506dc775826c73adfba3e9cd869f7"
"20261002T145153Z_nanjing_cpu_diagnostic_7b12c831a4f0","01_selection/sites.json","129","5d2e2aa028262ef837709effb0638519b2ff544f3b5e4708adc0332eb70cf97d"
"20261002T145153Z_nanjing_cpu_diagnostic_7b12c831a4f0","01_selection/splits.json","1407","ddbeeee176248f869d4be1defe45bb638e9e347da6b4ad3966fabfb8c6a98850"
"20261002T145153Z_nanjing_cpu_diagnostic_7b12c831a4f0","01_selection/splits.receipt.json","401","94f7f4a4941e758b76c8cb845c00759cbdbcc18d006d3d4406b4b02f47706841"
"20261002T145241025290Z_nanjing_cpu_diagnostic_7b12c831a4f0","00_meta/data_resolution.json","72","21aa3a5ae296972a186dd60c69215a4f04d18adc956c5145e63916e38a5ff48c"
"20261002T145241025290Z_nanjing_cpu_diagnostic_7b12c831a4f0","00_meta/data.receipt.json","362","33412eab741d7ee8bcb1ecf71f93b0b1e5f17c2488c02a6f527e82b5cc125d74"
"20261002T145241025290Z_nanjing_cpu_diagnostic_7b12c831a4f0","00_meta/features.receipt.json","348","c346e2004ebe16bdcb2ac0ac445901ae03c3e837828d245bdab189e310f9f542"
"20261002T145241025290Z_nanjing_cpu_diagnostic_7b12c831a4f0","00_meta/resolved_config.yaml","20147","b58dba3dfa1fab792c74fbe70a02b1e2250e3aa34302ab33e9728ec206062b4c"
"20261002T145241025290Z_nanjing_cpu_diagnostic_7b12c831a4f0","00_meta/stage_status.json","2256","870527e840099c64728a27869249f430e4181443a2c6e86efaf948e911fd4b15"
"20261002T145241025290Z_nanjing_cpu_diagnostic_7b12c831a4f0","00_meta/validate.receipt.json","340","155ae13e461d90d6bdd6ce6de630f1f88053eaf7a8a096ee935bb5fcaa59248e"
"20261002T145241025290Z_nanjing_cpu_diagnostic_7b12c831a4f0","01_selection/selection.receipt.json","407","05b32b02554ea77c21b73ca5114c0141f193abdf9aaa0b524834cddbaa68086c"
"20261002T145241025290Z_nanjing_cpu_diagnostic_7b12c831a4f0","01_selection/sites.json","129","5d2e2aa028262ef837709effb0638519b2ff544f3b5e4708adc0332eb70cf97d"
"20261002T145241025290Z_nanjing_cpu_diagnostic_7b12c831a4f0","01_selection/splits.json","1407","ddbeeee176248f869d4be1defe45bb638e9e347da6b4ad3966fabfb8c6a98850"
"20261002T145241025290Z_nanjing_cpu_diagnostic_7b12c831a4f0","01_selection/splits.receipt.json","401","e2a1339eb96a383b92f6f61e54f56775cfebd435dd6d1d11982440fd04bf2dda"
"20261002T145241393133Z_nanjing_cpu_diagnostic_7b12c831a4f0","00_meta/resolved_config.yaml","20147","b58dba3dfa1fab792c74fbe70a02b1e2250e3aa34302ab33e9728ec206062b4c"
"20261002T145241393133Z_nanjing_cpu_diagnostic_7b12c831a4f0","00_meta/stage_status.json","937","fbc23d26e7554995fa7593259888cbf5100513db7a7907ea1850f2de16f74fa8"
"20261002T145241393133Z_nanjing_cpu_diagnostic_7b12c831a4f0","00_meta/validate.receipt.json","340","65808f830998bbe3d13cf11783d54f5df4a7041163fe08695eccb5d98762eb88"
"20261002T145241393133Z_nanjing_cpu_diagnostic_7b12c831a4f0","01_selection/selection.receipt.json","407","38dde1a9eb16e2d143d4418fe445a5c53328931b5f511d73acc0855d14f7ea00"
"20261002T145241393133Z_nanjing_cpu_diagnostic_7b12c831a4f0","01_selection/sites.json","129","5d2e2aa028262ef837709effb0638519b2ff544f3b5e4708adc0332eb70cf97d"
"20261002T145903677270Z_nanjing_cpu_diagnostic_c29b19aa86d5","00_meta/data_resolution.json","72","21aa3a5ae296972a186dd60c69215a4f04d18adc956c5145e63916e38a5ff48c"
"20261002T145903677270Z_nanjing_cpu_diagnostic_c29b19aa86d5","00_meta/data.receipt.json","362","d1d68f9681e8dad3f186a585ddef4132973fff98b6669819f0f8eff2f359cb1f"
"20261002T145903677270Z_nanjing_cpu_diagnostic_c29b19aa86d5","00_meta/features.receipt.json","348","e8fce01912dd6f7ce6f256d838725a4a7431f47c9b243bf4625f7bc87003b21c"
"20261002T145903677270Z_nanjing_cpu_diagnostic_c29b19aa86d5","00_meta/resolved_config.yaml","20151","a3d4f2f89ded7b4415259d8364103b511c9f6936a18f3f28501eda531834f933"
"20261002T145903677270Z_nanjing_cpu_diagnostic_c29b19aa86d5","00_meta/stage_status.json","2256","30781e1874f727a223964d7159696396bcfc5e0190148ac1268b89191861ee5b"
"20261002T145903677270Z_nanjing_cpu_diagnostic_c29b19aa86d5","00_meta/validate.receipt.json","340","e5b48c240d02f0c704c3e2b28ccd257fda8e6c86b20fe8c99575d31ddcf62526"
"20261002T145903677270Z_nanjing_cpu_diagnostic_c29b19aa86d5","01_selection/selection.receipt.json","407","f7f13d46b76c68657b85615cdf29052793dbe1b9a742db1309f7f6d813d32219"
"20261002T145903677270Z_nanjing_cpu_diagnostic_c29b19aa86d5","01_selection/sites.json","129","5d2e2aa028262ef837709effb0638519b2ff544f3b5e4708adc0332eb70cf97d"
"20261002T145903677270Z_nanjing_cpu_diagnostic_c29b19aa86d5","01_selection/splits.json","1407","ddbeeee176248f869d4be1defe45bb638e9e347da6b4ad3966fabfb8c6a98850"
"20261002T145903677270Z_nanjing_cpu_diagnostic_c29b19aa86d5","01_selection/splits.receipt.json","401","757d939d672f2c5df9157aa7f18686cabc2e048c6860efd8149cfefb310f65e5"
"20261002T145903992039Z_nanjing_cpu_diagnostic_c29b19aa86d5","00_meta/resolved_config.yaml","20151","a3d4f2f89ded7b4415259d8364103b511c9f6936a18f3f28501eda531834f933"
"20261002T145903992039Z_nanjing_cpu_diagnostic_c29b19aa86d5","00_meta/stage_status.json","937","8a1529e181e0a78dbfddc5ff98000d77f90e3c3377359fff984e13910ac4b33d"
"20261002T145903992039Z_nanjing_cpu_diagnostic_c29b19aa86d5","00_meta/validate.receipt.json","340","d613b41a3615d29beaee10427934c9542d85e7a0f76b28750ae7da2165b382c2"
"20261002T145903992039Z_nanjing_cpu_diagnostic_c29b19aa86d5","01_selection/selection.receipt.json","407","676a6e05a2bdf8e39c051ff9171616f71862c3beecfc30344f8eb9ba5cbf355b"
"20261002T145903992039Z_nanjing_cpu_diagnostic_c29b19aa86d5","01_selection/sites.json","129","5d2e2aa028262ef837709effb0638519b2ff544f3b5e4708adc0332eb70cf97d"
"20261002T145904876852Z_nanjing_cpu_diagnostic_c29b19aa86d5","00_meta/resolved_config.yaml","20151","a3d4f2f89ded7b4415259d8364103b511c9f6936a18f3f28501eda531834f933"
"20261002T145904876852Z_nanjing_cpu_diagnostic_c29b19aa86d5","00_meta/stage_status.json","937","c9b24aabc0a11e01c576ae4868244b8aedd152c609be0c8b100ded3ea28e396e"
"20261002T145904876852Z_nanjing_cpu_diagnostic_c29b19aa86d5","00_meta/validate.receipt.json","340","54f40dc861c00b1e9c725769068d94969f2a88b77e51d4a06c5c085d66a88417"
"20261002T145904876852Z_nanjing_cpu_diagnostic_c29b19aa86d5","01_selection/selection.receipt.json","407","37fc61bbcdffcfc5cbebb26c7a6d93ecd1a3aae1f6bbdd0a09cf19806758d78c"
"20261002T145904876852Z_nanjing_cpu_diagnostic_c29b19aa86d5","01_selection/sites.json","129","5d2e2aa028262ef837709effb0638519b2ff544f3b5e4708adc0332eb70cf97d"
"20261002T145939408452Z_nanjing_cpu_diagnostic_c29b19aa86d5","00_meta/data_resolution.json","72","21aa3a5ae296972a186dd60c69215a4f04d18adc956c5145e63916e38a5ff48c"
"20261002T145939408452Z_nanjing_cpu_diagnostic_c29b19aa86d5","00_meta/data.receipt.json","362","96f34e7f10151e9b06acc747a55178c1fc043bc22d36a366ae9d4da6af994e8d"
"20261002T145939408452Z_nanjing_cpu_diagnostic_c29b19aa86d5","00_meta/features.receipt.json","348","f34c5e3c9beb57a5d868918115c733debda1571b19b0bab434e3a1f750c78148"
"20261002T145939408452Z_nanjing_cpu_diagnostic_c29b19aa86d5","00_meta/resolved_config.yaml","20151","a3d4f2f89ded7b4415259d8364103b511c9f6936a18f3f28501eda531834f933"
"20261002T145939408452Z_nanjing_cpu_diagnostic_c29b19aa86d5","00_meta/stage_status.json","2256","d4865d2d7d8a0813217c8099359569f932dd25af77eff88544d39b06c66e137e"
"20261002T145939408452Z_nanjing_cpu_diagnostic_c29b19aa86d5","00_meta/validate.receipt.json","340","f6505ec49c6017c90d4e6270043c898a982c6d99cc05e17a7ebe7eb042524aee"
"20261002T145939408452Z_nanjing_cpu_diagnostic_c29b19aa86d5","01_selection/selection.receipt.json","407","8b6b8bd90652c76905e9f96de373f1dddae789c6baa70a54de9203b4a7fe86b6"
"20261002T145939408452Z_nanjing_cpu_diagnostic_c29b19aa86d5","01_selection/sites.json","129","5d2e2aa028262ef837709effb0638519b2ff544f3b5e4708adc0332eb70cf97d"
"20261002T145939408452Z_nanjing_cpu_diagnostic_c29b19aa86d5","01_selection/splits.json","1407","ddbeeee176248f869d4be1defe45bb638e9e347da6b4ad3966fabfb8c6a98850"
"20261002T145939408452Z_nanjing_cpu_diagnostic_c29b19aa86d5","01_selection/splits.receipt.json","401","d718a2f38316ba9813ceb9b2c96c2dd094308ad8b2b36117d37f091341b85185"
"20261002T145939735889Z_nanjing_cpu_diagnostic_c29b19aa86d5","00_meta/resolved_config.yaml","20151","a3d4f2f89ded7b4415259d8364103b511c9f6936a18f3f28501eda531834f933"
"20261002T145939735889Z_nanjing_cpu_diagnostic_c29b19aa86d5","00_meta/stage_status.json","937","e928365e985e60558815baeabfc0f13c3d82719ffc212c08a04c202ac6ee6468"
"20261002T145939735889Z_nanjing_cpu_diagnostic_c29b19aa86d5","00_meta/validate.receipt.json","340","1b5840030d7b2e292fdb8db32d64df348075c85c7048106723c73d7f2a65e71e"
"20261002T145939735889Z_nanjing_cpu_diagnostic_c29b19aa86d5","01_selection/selection.receipt.json","407","5a2932cfe7fe978b4e6f6e38fae899ed790950b3ffd0f8e5e9081ac5ba5e6756"
"20261002T145939735889Z_nanjing_cpu_diagnostic_c29b19aa86d5","01_selection/sites.json","129","5d2e2aa028262ef837709effb0638519b2ff544f3b5e4708adc0332eb70cf97d"
"20261002T150050187640Z_nanjing_cpu_diagnostic_c29b19aa86d5","00_meta/data_resolution.json","72","21aa3a5ae296972a186dd60c69215a4f04d18adc956c5145e63916e38a5ff48c"
"20261002T150050187640Z_nanjing_cpu_diagnostic_c29b19aa86d5","00_meta/data.receipt.json","362","51f00626d65751880c623a4e77fbed3d53170d79cddbfd8b45f06299b226f858"
"20261002T150050187640Z_nanjing_cpu_diagnostic_c29b19aa86d5","00_meta/features.receipt.json","348","722d0a3f2e31bf7bb9955a6a7cb7b9c1e69f4441a11de21e386cc8858d02a6ab"
"20261002T150050187640Z_nanjing_cpu_diagnostic_c29b19aa86d5","00_meta/resolved_config.yaml","20151","a3d4f2f89ded7b4415259d8364103b511c9f6936a18f3f28501eda531834f933"
"20261002T150050187640Z_nanjing_cpu_diagnostic_c29b19aa86d5","00_meta/stage_status.json","2256","4c06c4afd8399bc3c1b470a9b0507b72fdc69d3b49b38310272abde23a459af1"
"20261002T150050187640Z_nanjing_cpu_diagnostic_c29b19aa86d5","00_meta/validate.receipt.json","340","fde85690241918b3f501f963021e5998803946ceb69df707cfae52199ed51971"
"20261002T150050187640Z_nanjing_cpu_diagnostic_c29b19aa86d5","01_selection/selection.receipt.json","407","5e70964f4a8bee1b9bda2419904fed67a342d01d36f059857a315665ffd2397b"
"20261002T150050187640Z_nanjing_cpu_diagnostic_c29b19aa86d5","01_selection/sites.json","129","5d2e2aa028262ef837709effb0638519b2ff544f3b5e4708adc0332eb70cf97d"
"20261002T150050187640Z_nanjing_cpu_diagnostic_c29b19aa86d5","01_selection/splits.json","1407","ddbeeee176248f869d4be1defe45bb638e9e347da6b4ad3966fabfb8c6a98850"
"20261002T150050187640Z_nanjing_cpu_diagnostic_c29b19aa86d5","01_selection/splits.receipt.json","401","00e502b82f2d4a3a396087132acdd957a280e379b91e3a05f92f78b9c671c1d5"
"20261002T150050511040Z_nanjing_cpu_diagnostic_c29b19aa86d5","00_meta/resolved_config.yaml","20151","a3d4f2f89ded7b4415259d8364103b511c9f6936a18f3f28501eda531834f933"
"20261002T150050511040Z_nanjing_cpu_diagnostic_c29b19aa86d5","00_meta/stage_status.json","937","92fb773fc7a8f3038dd12e489c2930216b8658b83524dd6d9177e89d62f34f81"
"20261002T150050511040Z_nanjing_cpu_diagnostic_c29b19aa86d5","00_meta/validate.receipt.json","340","a26c15c2656d29d18583dd8e88fb84127659c2b8d36e5026bd8989f20686f733"
"20261002T150050511040Z_nanjing_cpu_diagnostic_c29b19aa86d5","01_selection/selection.receipt.json","407","612bfc95c9c183c7b1c4a9b807d28db15465df94e999c346956dd1d496312b64"
"20261002T150050511040Z_nanjing_cpu_diagnostic_c29b19aa86d5","01_selection/sites.json","129","5d2e2aa028262ef837709effb0638519b2ff544f3b5e4708adc0332eb70cf97d"
"20261002T150211243710Z_nanjing_cpu_diagnostic_c29b19aa86d5","00_meta/data_resolution.json","72","21aa3a5ae296972a186dd60c69215a4f04d18adc956c5145e63916e38a5ff48c"
"20261002T150211243710Z_nanjing_cpu_diagnostic_c29b19aa86d5","00_meta/data.receipt.json","362","665c8ac1731ed4a5ca3299dde2bbded5906600885c0a6b3d771af64e434396a7"
"20261002T150211243710Z_nanjing_cpu_diagnostic_c29b19aa86d5","00_meta/features.receipt.json","348","60568c593b0731f6b58dbbc89d4e577cdaef2c923c5f4e8742d8f105939d6490"
"20261002T150211243710Z_nanjing_cpu_diagnostic_c29b19aa86d5","00_meta/resolved_config.yaml","20151","a3d4f2f89ded7b4415259d8364103b511c9f6936a18f3f28501eda531834f933"
"20261002T150211243710Z_nanjing_cpu_diagnostic_c29b19aa86d5","00_meta/stage_status.json","2256","7cd8efc00f00af0513055d3b4a05290d769e1cfdd9dd0d8eef297fe9d6de3fad"
"20261002T150211243710Z_nanjing_cpu_diagnostic_c29b19aa86d5","00_meta/validate.receipt.json","340","1e7e11310ff3e1637db78d167630d670e5160a4c26e4267f8fac7a7ac613ffe0"
"20261002T150211243710Z_nanjing_cpu_diagnostic_c29b19aa86d5","01_selection/selection.receipt.json","407","17b7c9fae3022465c8f40184e3ca6b72c5b7676bce12bccfc7c1b8a88140ac9b"
"20261002T150211243710Z_nanjing_cpu_diagnostic_c29b19aa86d5","01_selection/sites.json","129","5d2e2aa028262ef837709effb0638519b2ff544f3b5e4708adc0332eb70cf97d"
"20261002T150211243710Z_nanjing_cpu_diagnostic_c29b19aa86d5","01_selection/splits.json","1407","ddbeeee176248f869d4be1defe45bb638e9e347da6b4ad3966fabfb8c6a98850"
"20261002T150211243710Z_nanjing_cpu_diagnostic_c29b19aa86d5","01_selection/splits.receipt.json","401","b031b53df50032e0794676614d46585391dc7b398610b110741ac3170d6673f5"
"20261002T150211569826Z_nanjing_cpu_diagnostic_c29b19aa86d5","00_meta/resolved_config.yaml","20151","a3d4f2f89ded7b4415259d8364103b511c9f6936a18f3f28501eda531834f933"
"20261002T150211569826Z_nanjing_cpu_diagnostic_c29b19aa86d5","00_meta/stage_status.json","937","8ae1d4ffcc81bd872c54d560fcb537d00a75143b43d4052bd063e37066a3a49c"
"20261002T150211569826Z_nanjing_cpu_diagnostic_c29b19aa86d5","00_meta/validate.receipt.json","340","9b707fce8853377bad38d7ca3d30a1c70d65be2b608768c93d93142c98ebb251"
"20261002T150211569826Z_nanjing_cpu_diagnostic_c29b19aa86d5","01_selection/selection.receipt.json","407","21129c01a7d5001b96e19b128e2ee1c4153476de586c25c585ede4afdc08aee0"
"20261002T150211569826Z_nanjing_cpu_diagnostic_c29b19aa86d5","01_selection/sites.json","129","5d2e2aa028262ef837709effb0638519b2ff544f3b5e4708adc0332eb70cf97d"
"20261002T150212263171Z_nanjing_cpu_diagnostic_c29b19aa86d5","00_meta/data_resolution.json","72","21aa3a5ae296972a186dd60c69215a4f04d18adc956c5145e63916e38a5ff48c"
"20261002T150212263171Z_nanjing_cpu_diagnostic_c29b19aa86d5","00_meta/data.receipt.json","362","44bd2940250ae2d329b8284a69b8b35150e95b171014c01255ffd45121f70cbe"
"20261002T150212263171Z_nanjing_cpu_diagnostic_c29b19aa86d5","00_meta/features.receipt.json","348","4784b91268831d47a4be785a6fb823786d7b8710fca281149d947fb9bdc98ba9"
"20261002T150212263171Z_nanjing_cpu_diagnostic_c29b19aa86d5","00_meta/resolved_config.yaml","20151","a3d4f2f89ded7b4415259d8364103b511c9f6936a18f3f28501eda531834f933"
"20261002T150212263171Z_nanjing_cpu_diagnostic_c29b19aa86d5","00_meta/stage_status.json","2256","b9ccf4a99f292e4490cd61eeecc270401c164149e7934318db639f0fc6f9bd88"
"20261002T150212263171Z_nanjing_cpu_diagnostic_c29b19aa86d5","00_meta/validate.receipt.json","340","06ada84a3e59ca1fdc550eadb0049bbbf4ba7634833f25eab2919a5afb3cff1a"
"20261002T150212263171Z_nanjing_cpu_diagnostic_c29b19aa86d5","01_selection/selection.receipt.json","407","4c7de525fb38aac126db37b2c87ce910d62fca8fa2a394b77ce432669aa1fa4a"
"20261002T150212263171Z_nanjing_cpu_diagnostic_c29b19aa86d5","01_selection/sites.json","129","5d2e2aa028262ef837709effb0638519b2ff544f3b5e4708adc0332eb70cf97d"
"20261002T150212263171Z_nanjing_cpu_diagnostic_c29b19aa86d5","01_selection/splits.json","1407","ddbeeee176248f869d4be1defe45bb638e9e347da6b4ad3966fabfb8c6a98850"
"20261002T150212263171Z_nanjing_cpu_diagnostic_c29b19aa86d5","01_selection/splits.receipt.json","401","cc73717ae04ea7a1728dee4e41015b5bd386651862c5df7ccec442c8079f559d"
"20261002T165955298092Z_nanjing_cpu_diagnostic_c29b19aa86d5","00_meta/data_resolution.json","72","21aa3a5ae296972a186dd60c69215a4f04d18adc956c5145e63916e38a5ff48c"
"20261002T165955298092Z_nanjing_cpu_diagnostic_c29b19aa86d5","00_meta/data.receipt.json","362","908de131eb8703e5c6b9af3b16e871f04f5964ebdd33891762bf81d2e904aa42"
"20261002T165955298092Z_nanjing_cpu_diagnostic_c29b19aa86d5","00_meta/features.receipt.json","348","0ef9ec9b6ea6e32390d23a8b6ec6751ac4ce8d47a26f5d41e82940182780606b"
"20261002T165955298092Z_nanjing_cpu_diagnostic_c29b19aa86d5","00_meta/resolved_config.yaml","20151","a3d4f2f89ded7b4415259d8364103b511c9f6936a18f3f28501eda531834f933"
"20261002T165955298092Z_nanjing_cpu_diagnostic_c29b19aa86d5","00_meta/stage_status.json","2256","ee4dedfeb323f0d1a2c7b904c63b9c3eae3644c1b77efd833d85898154a1862a"
"20261002T165955298092Z_nanjing_cpu_diagnostic_c29b19aa86d5","00_meta/validate.receipt.json","340","37e76e90da21788ca61b0eeac77103fc329dee681f9bc2537d08dcd09f7c7d9c"
"20261002T165955298092Z_nanjing_cpu_diagnostic_c29b19aa86d5","01_selection/selection.receipt.json","407","db4ad3bee615737d92e8f436d342530d2cc0d3315c487b814ce237a4488f4b12"
"20261002T165955298092Z_nanjing_cpu_diagnostic_c29b19aa86d5","01_selection/sites.json","129","5d2e2aa028262ef837709effb0638519b2ff544f3b5e4708adc0332eb70cf97d"
"20261002T165955298092Z_nanjing_cpu_diagnostic_c29b19aa86d5","01_selection/splits.json","1407","ddbeeee176248f869d4be1defe45bb638e9e347da6b4ad3966fabfb8c6a98850"
"20261002T165955298092Z_nanjing_cpu_diagnostic_c29b19aa86d5","01_selection/splits.receipt.json","401","2562c53f757917ca87614a4b34e4d20a16bcadc426b449ca69a750eb2f62566e"
"20261002T165955660828Z_nanjing_cpu_diagnostic_c29b19aa86d5","00_meta/resolved_config.yaml","20151","a3d4f2f89ded7b4415259d8364103b511c9f6936a18f3f28501eda531834f933"
"20261002T165955660828Z_nanjing_cpu_diagnostic_c29b19aa86d5","00_meta/stage_status.json","937","8a23e81dd3e962244fda2dcfbfd3e6f2be99e41ad2b379099f0da889fbeb4edb"
"20261002T165955660828Z_nanjing_cpu_diagnostic_c29b19aa86d5","00_meta/validate.receipt.json","340","440a279b6476374b476b6af33cd7fac24900002ac59cac28abc355a550df0092"
"20261002T165955660828Z_nanjing_cpu_diagnostic_c29b19aa86d5","01_selection/selection.receipt.json","407","34946b2e26a5ad5f7f39b371a7bc2890934f45ddd2e7745d4edb6cd39d9774aa"
"20261002T165955660828Z_nanjing_cpu_diagnostic_c29b19aa86d5","01_selection/sites.json","129","5d2e2aa028262ef837709effb0638519b2ff544f3b5e4708adc0332eb70cf97d"
"20261002T170010364503Z_nanjing_cpu_diagnostic_c29b19aa86d5","00_meta/data_resolution.json","72","21aa3a5ae296972a186dd60c69215a4f04d18adc956c5145e63916e38a5ff48c"
"20261002T170010364503Z_nanjing_cpu_diagnostic_c29b19aa86d5","00_meta/data.receipt.json","362","3c4626da5bd7cd5523a38cbf6003f6a1e3d276bf6dff0a4b95c1a3eebeaea067"
"20261002T170010364503Z_nanjing_cpu_diagnostic_c29b19aa86d5","00_meta/features.receipt.json","348","dac6ff38affa2d9fe6e5a01177972864b9908cb5163f3c4802af167a50673bd4"
"20261002T170010364503Z_nanjing_cpu_diagnostic_c29b19aa86d5","00_meta/resolved_config.yaml","20151","a3d4f2f89ded7b4415259d8364103b511c9f6936a18f3f28501eda531834f933"
"20261002T170010364503Z_nanjing_cpu_diagnostic_c29b19aa86d5","00_meta/stage_status.json","2256","417db1bb8b17c4e6c1fb6c1bfccf4f4ebc0c04e223443d189d11372a309364db"
"20261002T170010364503Z_nanjing_cpu_diagnostic_c29b19aa86d5","00_meta/validate.receipt.json","340","9c67365522a2315c46d32967e2d406ba89d3ec80b8aebc04dcd4b25cf906d0a3"
"20261002T170010364503Z_nanjing_cpu_diagnostic_c29b19aa86d5","01_selection/selection.receipt.json","407","2221fb8b99ac4d25f2f70e0a1ec84e97f5208b27128d0c1612caf1da8aa86eb7"
"20261002T170010364503Z_nanjing_cpu_diagnostic_c29b19aa86d5","01_selection/sites.json","129","5d2e2aa028262ef837709effb0638519b2ff544f3b5e4708adc0332eb70cf97d"
"20261002T170010364503Z_nanjing_cpu_diagnostic_c29b19aa86d5","01_selection/splits.json","1407","ddbeeee176248f869d4be1defe45bb638e9e347da6b4ad3966fabfb8c6a98850"
"20261002T170010364503Z_nanjing_cpu_diagnostic_c29b19aa86d5","01_selection/splits.receipt.json","401","79e03d428eae4a132ffe5eee22c18a1409f6b3706558231c8d4736bf3542e1ec"
"20261002T170010676025Z_nanjing_cpu_diagnostic_c29b19aa86d5","00_meta/resolved_config.yaml","20151","a3d4f2f89ded7b4415259d8364103b511c9f6936a18f3f28501eda531834f933"
"20261002T170010676025Z_nanjing_cpu_diagnostic_c29b19aa86d5","00_meta/stage_status.json","937","9c9862024d3b72dc9bf83df7ec2f772d6fcef974fb8fec2b4166006c797d73b6"
"20261002T170010676025Z_nanjing_cpu_diagnostic_c29b19aa86d5","00_meta/validate.receipt.json","340","aa798568152d478bacfb1217d14be06cec2664f7d2747d59e76e05051640d0e4"
"20261002T170010676025Z_nanjing_cpu_diagnostic_c29b19aa86d5","01_selection/selection.receipt.json","407","96b926fc0de12b0a787b4d05fe4d23054d782ed794799030b48140f6f22d6d9a"
"20261002T170010676025Z_nanjing_cpu_diagnostic_c29b19aa86d5","01_selection/sites.json","129","5d2e2aa028262ef837709effb0638519b2ff544f3b5e4708adc0332eb70cf97d"
"20261002T170118024947Z_nanjing_cpu_diagnostic_c29b19aa86d5","00_meta/data_resolution.json","72","21aa3a5ae296972a186dd60c69215a4f04d18adc956c5145e63916e38a5ff48c"
"20261002T170118024947Z_nanjing_cpu_diagnostic_c29b19aa86d5","00_meta/data.receipt.json","362","139594824abfae5eda0e9f05e31ba383d606093fb3b8cca87775a843f95be0af"
"20261002T170118024947Z_nanjing_cpu_diagnostic_c29b19aa86d5","00_meta/features.receipt.json","348","a326f0f63dadaadefe3bc0835d148396a64b2b91351ec78fd0183b84db63cb4a"
"20261002T170118024947Z_nanjing_cpu_diagnostic_c29b19aa86d5","00_meta/resolved_config.yaml","20151","a3d4f2f89ded7b4415259d8364103b511c9f6936a18f3f28501eda531834f933"
"20261002T170118024947Z_nanjing_cpu_diagnostic_c29b19aa86d5","00_meta/stage_status.json","2256","7a7e3da3023bc48bacf7297d6c9e34ffb21aba97af91a2b2affda67b915e55d2"
"20261002T170118024947Z_nanjing_cpu_diagnostic_c29b19aa86d5","00_meta/validate.receipt.json","340","5aef0486e1d1756ed6dcd5c8f83ed421d5601746f08c7cbf2a43e64bb958e59b"
"20261002T170118024947Z_nanjing_cpu_diagnostic_c29b19aa86d5","01_selection/selection.receipt.json","407","11a093e6e4804afcec7711a60d216c2b9c97d52a9e8f7e0575ee86a317b22ced"
"20261002T170118024947Z_nanjing_cpu_diagnostic_c29b19aa86d5","01_selection/sites.json","129","5d2e2aa028262ef837709effb0638519b2ff544f3b5e4708adc0332eb70cf97d"
"20261002T170118024947Z_nanjing_cpu_diagnostic_c29b19aa86d5","01_selection/splits.json","1407","ddbeeee176248f869d4be1defe45bb638e9e347da6b4ad3966fabfb8c6a98850"
"20261002T170118024947Z_nanjing_cpu_diagnostic_c29b19aa86d5","01_selection/splits.receipt.json","401","3564ff1c892082744c0109a0865d1d81d5efcf93105b68c002423230956462b7"
"20261002T170118334542Z_nanjing_cpu_diagnostic_c29b19aa86d5","00_meta/resolved_config.yaml","20151","a3d4f2f89ded7b4415259d8364103b511c9f6936a18f3f28501eda531834f933"
"20261002T170118334542Z_nanjing_cpu_diagnostic_c29b19aa86d5","00_meta/stage_status.json","937","38e8655bfa88b6e28ab45034b50fd8c79cc64d3b4f9c50918715749df60bbf14"
"20261002T170118334542Z_nanjing_cpu_diagnostic_c29b19aa86d5","00_meta/validate.receipt.json","340","de241de49fd5b110c7c53727ed6a772364e072de1bc38c5959be5bf1f34c9c65"
"20261002T170118334542Z_nanjing_cpu_diagnostic_c29b19aa86d5","01_selection/selection.receipt.json","407","56f1f2803381c8e5944992570428ed116bcafbbef4745098337d4ddd50b67c22"
"20261002T170118334542Z_nanjing_cpu_diagnostic_c29b19aa86d5","01_selection/sites.json","129","5d2e2aa028262ef837709effb0638519b2ff544f3b5e4708adc0332eb70cf97d"
"20261002T170119283194Z_nanjing_cpu_diagnostic_c29b19aa86d5","00_meta/data_resolution.json","72","21aa3a5ae296972a186dd60c69215a4f04d18adc956c5145e63916e38a5ff48c"
"20261002T170119283194Z_nanjing_cpu_diagnostic_c29b19aa86d5","00_meta/data.receipt.json","362","e916b45b22037872b986f745fc775346c0f23ff8260ff7713911130bec753255"
"20261002T170119283194Z_nanjing_cpu_diagnostic_c29b19aa86d5","00_meta/features.receipt.json","348","4d58a76b710eb6572430dedfabd01a82c2bf87b3fc8d5a06eebe1f4f4a13dbe0"
"20261002T170119283194Z_nanjing_cpu_diagnostic_c29b19aa86d5","00_meta/resolved_config.yaml","20151","a3d4f2f89ded7b4415259d8364103b511c9f6936a18f3f28501eda531834f933"
"20261002T170119283194Z_nanjing_cpu_diagnostic_c29b19aa86d5","00_meta/stage_status.json","2256","e3086e6ef19cbb89ca677a2309f82a1ab4102788701b8be3f99668f7f1928748"
"20261002T170119283194Z_nanjing_cpu_diagnostic_c29b19aa86d5","00_meta/validate.receipt.json","340","2bb7eba5223acdf06c9086c849647aef8352f554f9aeb9945f8b1402fa7ee216"
"20261002T170119283194Z_nanjing_cpu_diagnostic_c29b19aa86d5","01_selection/selection.receipt.json","407","ce7055a5a5937c44bae50743b2500ee604c09a29180ae41c6af21d9bd7121b69"
"20261002T170119283194Z_nanjing_cpu_diagnostic_c29b19aa86d5","01_selection/sites.json","129","5d2e2aa028262ef837709effb0638519b2ff544f3b5e4708adc0332eb70cf97d"
"20261002T170119283194Z_nanjing_cpu_diagnostic_c29b19aa86d5","01_selection/splits.json","1407","ddbeeee176248f869d4be1defe45bb638e9e347da6b4ad3966fabfb8c6a98850"
"20261002T170119283194Z_nanjing_cpu_diagnostic_c29b19aa86d5","01_selection/splits.receipt.json","401","b4128f4d95a571e1aad7287560daa36b07d5ced239a4772c76677947ca6e32b3"
"20261002T170422738414Z_nanjing_cpu_diagnostic_c29b19aa86d5","00_meta/data_resolution.json","72","21aa3a5ae296972a186dd60c69215a4f04d18adc956c5145e63916e38a5ff48c"
"20261002T170422738414Z_nanjing_cpu_diagnostic_c29b19aa86d5","00_meta/data.receipt.json","362","f63d568f4c6d3920c163994868dfe6fa89b06b598faaf9f78bf353c1be7c3eb0"
"20261002T170422738414Z_nanjing_cpu_diagnostic_c29b19aa86d5","00_meta/features.receipt.json","348","73e29e02260b5097449d3c0103382f0e7e702e1b02b0c8e10861999e43ea0a85"
"20261002T170422738414Z_nanjing_cpu_diagnostic_c29b19aa86d5","00_meta/resolved_config.yaml","20151","a3d4f2f89ded7b4415259d8364103b511c9f6936a18f3f28501eda531834f933"
"20261002T170422738414Z_nanjing_cpu_diagnostic_c29b19aa86d5","00_meta/stage_status.json","2256","a5e0eeb143cb340e0a5b9c394222086ef3f6ffd7524003994db76964fe45cbac"
"20261002T170422738414Z_nanjing_cpu_diagnostic_c29b19aa86d5","00_meta/validate.receipt.json","340","74c27891fbee305f3fdc4c1237bc6de62eef77585ed38ae380f4c6bb0880a6b1"
"20261002T170422738414Z_nanjing_cpu_diagnostic_c29b19aa86d5","01_selection/selection.receipt.json","407","db040d7a3226a0fb150ba1b1ae724438f82de892928714485950e3a2f33281c8"
"20261002T170422738414Z_nanjing_cpu_diagnostic_c29b19aa86d5","01_selection/sites.json","129","5d2e2aa028262ef837709effb0638519b2ff544f3b5e4708adc0332eb70cf97d"
"20261002T170422738414Z_nanjing_cpu_diagnostic_c29b19aa86d5","01_selection/splits.json","1407","ddbeeee176248f869d4be1defe45bb638e9e347da6b4ad3966fabfb8c6a98850"
"20261002T170422738414Z_nanjing_cpu_diagnostic_c29b19aa86d5","01_selection/splits.receipt.json","401","2ff8a5b0cf376463f106d0b6952e7400bcf1505cb296c894ab5387a796d66802"
"20261002T170423054417Z_nanjing_cpu_diagnostic_c29b19aa86d5","00_meta/resolved_config.yaml","20151","a3d4f2f89ded7b4415259d8364103b511c9f6936a18f3f28501eda531834f933"
"20261002T170423054417Z_nanjing_cpu_diagnostic_c29b19aa86d5","00_meta/stage_status.json","937","975b274363fb9a9e693e2a020ae888c7ac0276bfb5a7517e30160d6c5a01823d"
"20261002T170423054417Z_nanjing_cpu_diagnostic_c29b19aa86d5","00_meta/validate.receipt.json","340","7a2e42864eab9e4c93c3ac1f34bda78a134762e2d7462363fc270b4127ed583c"
"20261002T170423054417Z_nanjing_cpu_diagnostic_c29b19aa86d5","01_selection/selection.receipt.json","407","62373bd009c36ca948e4966085f92cdb22359942e949da653d3836cf011b48e0"
"20261002T170423054417Z_nanjing_cpu_diagnostic_c29b19aa86d5","01_selection/sites.json","129","5d2e2aa028262ef837709effb0638519b2ff544f3b5e4708adc0332eb70cf97d"
"20261002T174955964516Z_nanjing_cpu_diagnostic_dd807184143b","00_meta/resolved_config.yaml","22401","a4fe51b31e1c8f1b67267c5110493e5d4a555cce9329609e3f35ac75b39d012a"
"20261002T174955964516Z_nanjing_cpu_diagnostic_dd807184143b","00_meta/stage_status.json","937","7a34dace2778f269bf83ad85fe8f21f441e95ab3ed108b8c5139c39de1ecaf49"
"20261002T174955964516Z_nanjing_cpu_diagnostic_dd807184143b","00_meta/validate.receipt.json","340","6a3aa60c0d1c409b3f341b71f5c5388a9f3d1c2e4b10e889b6694b19a0da9672"
"20261002T174955964516Z_nanjing_cpu_diagnostic_dd807184143b","01_selection/selection.receipt.json","407","4ed58885c883f4ca8ce216d7a306318582fa8014e41bde55b22c94eec0dfc42b"
"20261002T174955964516Z_nanjing_cpu_diagnostic_dd807184143b","01_selection/sites.json","129","5d2e2aa028262ef837709effb0638519b2ff544f3b5e4708adc0332eb70cf97d"
"20261002T174956085291Z_nanjing_cpu_diagnostic_dd807184143b","00_meta/data_resolution.json","72","d781cb40b0fd9fa82ec6798cfff3e0f24d2aea70b68bc96689d11912d362cca3"
"20261002T174956085291Z_nanjing_cpu_diagnostic_dd807184143b","00_meta/data.receipt.json","362","9441a4aad97df0649f2b90e864ed474380c2d46ba719b1eeb99c06d16c34279a"
"20261002T174956085291Z_nanjing_cpu_diagnostic_dd807184143b","00_meta/features.receipt.json","348","31cf2e60f986733e3bd7b65204c4671353ba747e9a2dfb73381e28ae05609518"
"20261002T174956085291Z_nanjing_cpu_diagnostic_dd807184143b","00_meta/resolved_config.yaml","22401","a4fe51b31e1c8f1b67267c5110493e5d4a555cce9329609e3f35ac75b39d012a"
"20261002T174956085291Z_nanjing_cpu_diagnostic_dd807184143b","00_meta/stage_status.json","2256","9a1d65230902bdca8c00fc67ce8eebe44fef0ddd2499b6d0006f882d54a27137"
"20261002T174956085291Z_nanjing_cpu_diagnostic_dd807184143b","00_meta/validate.receipt.json","340","bb6bdf06db36d05b4360ce51a4bf756663ddda0be10f6ff36ddd0a19addfaeeb"
"20261002T174956085291Z_nanjing_cpu_diagnostic_dd807184143b","01_selection/selection.receipt.json","407","6ceed4dab88b21a1f6e8ba467e95f70bb6c08ac106bd08add56554b1f6e24c45"
"20261002T174956085291Z_nanjing_cpu_diagnostic_dd807184143b","01_selection/sites.json","129","5d2e2aa028262ef837709effb0638519b2ff544f3b5e4708adc0332eb70cf97d"
"20261002T174956085291Z_nanjing_cpu_diagnostic_dd807184143b","01_selection/splits.json","1407","ddbeeee176248f869d4be1defe45bb638e9e347da6b4ad3966fabfb8c6a98850"
"20261002T174956085291Z_nanjing_cpu_diagnostic_dd807184143b","01_selection/splits.receipt.json","401","0bab7d72c4939a80e4e93fadf0644d64dc1fb50b8349aad36c30affcfdcb9687"
"20261002T175046413480Z_nanjing_cpu_diagnostic_dd807184143b","00_meta/resolved_config.yaml","22401","a4fe51b31e1c8f1b67267c5110493e5d4a555cce9329609e3f35ac75b39d012a"
"20261002T175046413480Z_nanjing_cpu_diagnostic_dd807184143b","00_meta/stage_status.json","937","4dc9ad2ea3b4baafa8667107b6f3f95c3ead5fbd4d44bd407bb2f0bd61d15eb0"
"20261002T175046413480Z_nanjing_cpu_diagnostic_dd807184143b","00_meta/validate.receipt.json","340","f3c94eead6d7f057e59267d1051f5823cf8b9778428433f896d0793dc05421a5"
"20261002T175046413480Z_nanjing_cpu_diagnostic_dd807184143b","01_selection/selection.receipt.json","407","c811fc6e996bf0a62c5fc7c854b9c14fe1556afb30a20791366a231554e0e697"
"20261002T175046413480Z_nanjing_cpu_diagnostic_dd807184143b","01_selection/sites.json","129","5d2e2aa028262ef837709effb0638519b2ff544f3b5e4708adc0332eb70cf97d"
"20261002T175046537475Z_nanjing_cpu_diagnostic_dd807184143b","00_meta/data_resolution.json","72","d781cb40b0fd9fa82ec6798cfff3e0f24d2aea70b68bc96689d11912d362cca3"
"20261002T175046537475Z_nanjing_cpu_diagnostic_dd807184143b","00_meta/data.receipt.json","362","1a1771be760fa1f42f08ab0baf328cfebcc65b1a6a18aa34a1b06d5bb1231851"
"20261002T175046537475Z_nanjing_cpu_diagnostic_dd807184143b","00_meta/features.receipt.json","348","c2c5cbfb48327751b4ddcc6457291e3c924ad59a684d236d8cf2d037ac78b8d4"
"20261002T175046537475Z_nanjing_cpu_diagnostic_dd807184143b","00_meta/resolved_config.yaml","22401","a4fe51b31e1c8f1b67267c5110493e5d4a555cce9329609e3f35ac75b39d012a"
"20261002T175046537475Z_nanjing_cpu_diagnostic_dd807184143b","00_meta/stage_status.json","2256","ea70d9ebf889581f239f7d57c081cc2bc6782edf6ed9304dc85e0482fa3a2b70"
"20261002T175046537475Z_nanjing_cpu_diagnostic_dd807184143b","00_meta/validate.receipt.json","340","053abb87ef0384971f4e77f4c7ab07b97281e02c06e39b5f10fa92862ed1d7dd"
"20261002T175046537475Z_nanjing_cpu_diagnostic_dd807184143b","01_selection/selection.receipt.json","407","80c87876a9ffcd995a7aee16dde997165fd9c1cbe9883734a6e3ff2123387f3f"
"20261002T175046537475Z_nanjing_cpu_diagnostic_dd807184143b","01_selection/sites.json","129","5d2e2aa028262ef837709effb0638519b2ff544f3b5e4708adc0332eb70cf97d"
"20261002T175046537475Z_nanjing_cpu_diagnostic_dd807184143b","01_selection/splits.json","1407","ddbeeee176248f869d4be1defe45bb638e9e347da6b4ad3966fabfb8c6a98850"
"20261002T175046537475Z_nanjing_cpu_diagnostic_dd807184143b","01_selection/splits.receipt.json","401","2b8624545e938e3ff823890da228ef4e54558c68e4616351287529b52831a84d"
"20261002T175217419232Z_nanjing_cpu_diagnostic_dd807184143b","00_meta/resolved_config.yaml","22401","a4fe51b31e1c8f1b67267c5110493e5d4a555cce9329609e3f35ac75b39d012a"
"20261002T175217419232Z_nanjing_cpu_diagnostic_dd807184143b","00_meta/stage_status.json","937","129acdf43de2f3a5ab53edd1d892c2f8a1a83c135240d94cc523e277782a76b1"
"20261002T175217419232Z_nanjing_cpu_diagnostic_dd807184143b","00_meta/validate.receipt.json","340","8620f30432f9f8156daed5b815b97a118c308f4f64737aae40cdfc28628c6735"
"20261002T175217419232Z_nanjing_cpu_diagnostic_dd807184143b","01_selection/selection.receipt.json","407","abe6a63e644990eaaa67e73814a444607c1b97a3724dfd4a92e63202d97fe1c7"
"20261002T175217419232Z_nanjing_cpu_diagnostic_dd807184143b","01_selection/sites.json","129","5d2e2aa028262ef837709effb0638519b2ff544f3b5e4708adc0332eb70cf97d"
"20261002T175217539311Z_nanjing_cpu_diagnostic_dd807184143b","00_meta/data_resolution.json","72","d781cb40b0fd9fa82ec6798cfff3e0f24d2aea70b68bc96689d11912d362cca3"
"20261002T175217539311Z_nanjing_cpu_diagnostic_dd807184143b","00_meta/data.receipt.json","362","b42b8f7bb9fbfa212eb5aebe6e6a892c974c842b172fc8b0c984c73d623d52c4"
"20261002T175217539311Z_nanjing_cpu_diagnostic_dd807184143b","00_meta/features.receipt.json","348","562e8f8db165d98ce74dc205717c06ed9762aa7465a905e8fa10e198487543f9"
"20261002T175217539311Z_nanjing_cpu_diagnostic_dd807184143b","00_meta/resolved_config.yaml","22401","a4fe51b31e1c8f1b67267c5110493e5d4a555cce9329609e3f35ac75b39d012a"
"20261002T175217539311Z_nanjing_cpu_diagnostic_dd807184143b","00_meta/stage_status.json","2256","d84c480de073fe808ae614cbd80ffbbff2ae62effa5fba462a3a751baa15ebe1"
"20261002T175217539311Z_nanjing_cpu_diagnostic_dd807184143b","00_meta/validate.receipt.json","340","38d456c0c80414a564d0d195ddc323123d628a070d1c7d20345cc04f4902f9e2"
"20261002T175217539311Z_nanjing_cpu_diagnostic_dd807184143b","01_selection/selection.receipt.json","407","f5173fba8fc613d20a85a60e7daa7ea5ad9710730de681a62dd6250f7fdad715"
"20261002T175217539311Z_nanjing_cpu_diagnostic_dd807184143b","01_selection/sites.json","129","5d2e2aa028262ef837709effb0638519b2ff544f3b5e4708adc0332eb70cf97d"
"20261002T175217539311Z_nanjing_cpu_diagnostic_dd807184143b","01_selection/splits.json","1407","ddbeeee176248f869d4be1defe45bb638e9e347da6b4ad3966fabfb8c6a98850"
"20261002T175217539311Z_nanjing_cpu_diagnostic_dd807184143b","01_selection/splits.receipt.json","401","65f40d88ea7bb0a68fdc0b9264b389a425f06e7ad3eb1ebb438f1ea18701cf8b"
