"run_id","file_count","total_size","recorded_stages","classification","action"
"20261002T144937Z_nanjing_cpu_diagnostic_7b12c831a4f0","8","23484","validate;selection;data;features","REFACTOR_TEST_SCAFFOLD","DELETE"
"20261002T145001Z_nanjing_cpu_diagnostic_7b12c831a4f0","10","25857","validate;selection;data;features;splits","REFACTOR_TEST_SCAFFOLD","DELETE"
"20261002T145153Z_nanjing_cpu_diagnostic_7b12c831a4f0","10","25857","validate;selection;data;features;splits","REFACTOR_TEST_SCAFFOLD","DELETE"
"20261002T145241025290Z_nanjing_cpu_diagnostic_7b12c831a4f0","10","25869","validate;selection;data;features;splits","REFACTOR_TEST_SCAFFOLD","DELETE"
"20261002T145241393133Z_nanjing_cpu_diagnostic_7b12c831a4f0","5","21960","validate;selection","REFACTOR_TEST_SCAFFOLD","DELETE"
"20261002T145903677270Z_nanjing_cpu_diagnostic_c29b19aa86d5","10","25873","validate;selection;data;features;splits","REFACTOR_TEST_SCAFFOLD","DELETE"
"20261002T145903992039Z_nanjing_cpu_diagnostic_c29b19aa86d5","5","21964","validate;selection","REFACTOR_TEST_SCAFFOLD","DELETE"
"20261002T145904876852Z_nanjing_cpu_diagnostic_c29b19aa86d5","5","21964","validate;selection","REFACTOR_TEST_SCAFFOLD","DELETE"
"20261002T145939408452Z_nanjing_cpu_diagnostic_c29b19aa86d5","10","25873","validate;selection;data;features;splits","REFACTOR_TEST_SCAFFOLD","DELETE"
"20261002T145939735889Z_nanjing_cpu_diagnostic_c29b19aa86d5","5","21964","validate;selection","REFACTOR_TEST_SCAFFOLD","DELETE"
"20261002T150050187640Z_nanjing_cpu_diagnostic_c29b19aa86d5","10","25873","validate;selection;data;features;splits","REFACTOR_TEST_SCAFFOLD","DELETE"
"20261002T150050511040Z_nanjing_cpu_diagnostic_c29b19aa86d5","5","21964","validate;selection","REFACTOR_TEST_SCAFFOLD","DELETE"
"20261002T150211243710Z_nanjing_cpu_diagnostic_c29b19aa86d5","10","25873","validate;selection;data;features;splits","REFACTOR_TEST_SCAFFOLD","DELETE"
"20261002T150211569826Z_nanjing_cpu_diagnostic_c29b19aa86d5","5","21964","validate;selection","REFACTOR_TEST_SCAFFOLD","DELETE"
"20261002T150212263171Z_nanjing_cpu_diagnostic_c29b19aa86d5","10","25873","validate;selection;data;features;splits","REFACTOR_TEST_SCAFFOLD","DELETE"
"20261002T165955298092Z_nanjing_cpu_diagnostic_c29b19aa86d5","10","25873","validate;selection;data;features;splits","REFACTOR_TEST_SCAFFOLD","DELETE"
"20261002T165955660828Z_nanjing_cpu_diagnostic_c29b19aa86d5","5","21964","validate;selection","REFACTOR_TEST_SCAFFOLD","DELETE"
"20261002T170010364503Z_nanjing_cpu_diagnostic_c29b19aa86d5","10","25873","validate;selection;data;features;splits","REFACTOR_TEST_SCAFFOLD","DELETE"
"20261002T170010676025Z_nanjing_cpu_diagnostic_c29b19aa86d5","5","21964","validate;selection","REFACTOR_TEST_SCAFFOLD","DELETE"
"20261002T170118024947Z_nanjing_cpu_diagnostic_c29b19aa86d5","10","25873","validate;selection;data;features;splits","REFACTOR_TEST_SCAFFOLD","DELETE"
"20261002T170118334542Z_nanjing_cpu_diagnostic_c29b19aa86d5","5","21964","validate;selection","REFACTOR_TEST_SCAFFOLD","DELETE"
"20261002T170119283194Z_nanjing_cpu_diagnostic_c29b19aa86d5","10","25873","validate;selection;data;features;splits","REFACTOR_TEST_SCAFFOLD","DELETE"
"20261002T170422738414Z_nanjing_cpu_diagnostic_c29b19aa86d5","10","25873","validate;selection;data;features;splits","REFACTOR_TEST_SCAFFOLD","DELETE"
"20261002T170423054417Z_nanjing_cpu_diagnostic_c29b19aa86d5","5","21964","validate;selection","REFACTOR_TEST_SCAFFOLD","DELETE"
"20261002T174955964516Z_nanjing_cpu_diagnostic_dd807184143b","5","24214","validate;selection","REFACTOR_TEST_SCAFFOLD","DELETE"
"20261002T174956085291Z_nanjing_cpu_diagnostic_dd807184143b","10","28123","validate;selection;data;features;splits","REFACTOR_TEST_SCAFFOLD","DELETE"
"20261002T175046413480Z_nanjing_cpu_diagnostic_dd807184143b","5","24214","validate;selection","REFACTOR_TEST_SCAFFOLD","DELETE"
"20261002T175046537475Z_nanjing_cpu_diagnostic_dd807184143b","10","28123","validate;selection;data;features;splits","REFACTOR_TEST_SCAFFOLD","DELETE"
"20261002T175217419232Z_nanjing_cpu_diagnostic_dd807184143b","5","24214","validate;selection","REFACTOR_TEST_SCAFFOLD","DELETE"
"20261002T175217539311Z_nanjing_cpu_diagnostic_dd807184143b","10","28123","validate;selection;data;features;splits","REFACTOR_TEST_SCAFFOLD","DELETE"
