"item","instruction","status","verification","evidence"
"0","施工对象","PASS","VERIFIED","migration/final_acceptance.md; tests/unit/test_repair_register.py"
"1","修改 `migration/final_acceptance.md`","PASS","VERIFIED","migration/final_acceptance.md; tests/unit/test_repair_register.py"
"2","不允许删除该次错误验收记录","PASS","VERIFIED","migration/final_acceptance.md; tests/unit/test_repair_register.py"
"3","读取 `migration/final_repair_register.csv`","PASS","VERIFIED","migration/final_acceptance.md; tests/unit/test_repair_register.py"
"4","所有：","PASS","VERIFIED","migration/final_acceptance.md; tests/unit/test_repair_register.py"
"5","所有：","PASS","VERIFIED","migration/final_acceptance.md; tests/unit/test_repair_register.py"
"6","禁止再批量把剩余 635 项统一写 PASS","PASS","VERIFIED","migration/final_acceptance.md; tests/unit/test_repair_register.py"
"7","修改 `src/nwp/core/config.py`","PASS","VERIFIED","tests/unit/test_config.py; tests/unit/test_core.py"
"8","`RunConfig` 内允许继续保留这两个 runtime provenance 字段","PASS","VERIFIED","tests/unit/test_config.py; tests/unit/test_core.py"
"9","修改 `write_run_provenance()`","PASS","VERIFIED","tests/unit/test_config.py; tests/unit/test_core.py"
"10","`official_result_set`","PASS","VERIFIED","tests/unit/test_config.py; tests/unit/test_core.py"
"11","`locked_config_hash`","PASS","VERIFIED","tests/unit/test_config.py; tests/unit/test_core.py"
"12","新增测试","PASS","VERIFIED","tests/unit/test_config.py; tests/unit/test_core.py"
"13","规定唯一含义","PASS","VERIFIED","tests/unit/test_config.py; tests/unit/test_core.py"
"14","修改 `src/nwp/core/fingerprints.py`","PASS","VERIFIED","tests/unit/test_config.py; tests/unit/test_core.py"
"15","修改：","PASS","VERIFIED","tests/unit/test_config.py; tests/unit/test_core.py"
"16","修改 report","PASS","VERIFIED","tests/unit/test_config.py; tests/unit/test_core.py"
"17","新增测试","PASS","VERIFIED","tests/unit/test_config.py; tests/unit/test_core.py"
"18","在 `RunContext.create()` 创建时计算：","PASS","VERIFIED","tests/unit/test_config.py; tests/unit/test_core.py"
"19","把 fingerprint 写入：","PASS","VERIFIED","tests/unit/test_config.py; tests/unit/test_core.py"
"20","修改 `RunContext.resume()`","PASS","VERIFIED","tests/unit/test_config.py; tests/unit/test_core.py"
"21","不一致时直接：","PASS","VERIFIED","tests/unit/test_config.py; tests/unit/test_core.py"
"22","文档修改不进入该 fingerprint","PASS","VERIFIED","tests/unit/test_config.py; tests/unit/test_core.py"
"23","修改：","PASS","VERIFIED","tests/integration/test_workflow.py; tests/unit/test_core.py"
"24","`_result()` 改为强制参数：","PASS","VERIFIED","tests/integration/test_workflow.py; tests/unit/test_core.py"
"25","每个 stage handler 明确计算自己的 dependency fingerprint。","PASS","VERIFIED","tests/integration/test_workflow.py; tests/unit/test_core.py"
"26","`validate`","PASS","VERIFIED","tests/integration/test_workflow.py; tests/unit/test_core.py"
"27","`selection`","PASS","VERIFIED","tests/integration/test_workflow.py; tests/unit/test_core.py"
"28","`data`","PASS","VERIFIED","tests/integration/test_workflow.py; tests/unit/test_core.py"
"29","`features`","PASS","VERIFIED","tests/integration/test_workflow.py; tests/unit/test_core.py"
"30","`splits`","PASS","VERIFIED","tests/integration/test_workflow.py; tests/unit/test_core.py"
"31","tuning/fitting/prediction/calibration/evaluation/analysis/figures","PASS","VERIFIED","tests/integration/test_workflow.py; tests/unit/test_core.py"
"32","`_result()` 文件：","PASS","VERIFIED","tests/integration/test_workflow.py; tests/unit/test_core.py"
"33","`_result()` 目录：","PASS","VERIFIED","tests/integration/test_workflow.py; tests/unit/test_core.py"
"34","删除当前目录 hash：","PASS","VERIFIED","tests/integration/test_workflow.py; tests/unit/test_core.py"
"35","新增测试","PASS","VERIFIED","tests/integration/test_workflow.py; tests/unit/test_core.py"
"36","修改 `make_receipt()` 调用","PASS","VERIFIED","tests/integration/test_workflow.py; tests/unit/test_core.py"
"37","stage receipt 中同时保留：","PASS","VERIFIED","tests/integration/test_workflow.py; tests/unit/test_core.py"
"38","所有成功 stage receipt 必须拥有以上字段。","PASS","VERIFIED","tests/integration/test_workflow.py; tests/unit/test_core.py"
"39","修改：","PASS","VERIFIED","tests/integration/test_workflow.py; tests/unit/test_core.py"
"40","已有成功 stage 重新使用前，依次验证：","PASS","VERIFIED","tests/integration/test_workflow.py; tests/unit/test_core.py"
"41","任一不一致：","PASS","VERIFIED","tests/integration/test_workflow.py; tests/unit/test_core.py"
"42","禁止在原 run 中重算成功 stage。","PASS","VERIFIED","tests/integration/test_workflow.py; tests/unit/test_core.py"
"43","删除“只在 RunContext 中持有但从不用”的状态","PASS","VERIFIED","tests/integration/test_child_run_reuse_workflow.py; tests/unit/test_final_repair_contracts.py"
"44","tuning 接入。","PASS","VERIFIED","tests/integration/test_child_run_reuse_workflow.py; tests/unit/test_final_repair_contracts.py"
"45","fitting 接入。","PASS","VERIFIED","tests/integration/test_child_run_reuse_workflow.py; tests/unit/test_final_repair_contracts.py"
"46","prediction 接入。","PASS","VERIFIED","tests/integration/test_child_run_reuse_workflow.py; tests/unit/test_final_repair_contracts.py"
"47","calibration 接入。","PASS","VERIFIED","tests/integration/test_child_run_reuse_workflow.py; tests/unit/test_final_repair_contracts.py"
"48","model-local metrics 接入。","PASS","VERIFIED","tests/integration/test_child_run_reuse_workflow.py; tests/unit/test_final_repair_contracts.py"
"49","model-local analysis 接入。","PASS","VERIFIED","tests/integration/test_child_run_reuse_workflow.py; tests/unit/test_final_repair_contracts.py"
"50","individual figure 接入。","PASS","VERIFIED","tests/integration/test_child_run_reuse_workflow.py; tests/unit/test_final_repair_contracts.py"
"51","每生成一个可复用 artifact 后立即：","PASS","VERIFIED","tests/integration/test_child_run_reuse_workflow.py; tests/unit/test_final_repair_contracts.py"
"52","不允许只写：","PASS","VERIFIED","tests/integration/test_child_run_reuse_workflow.py; tests/unit/test_final_repair_contracts.py"
"53","`artifact_manifest.json`","PASS","VERIFIED","tests/integration/test_child_run_reuse_workflow.py; tests/unit/test_final_repair_contracts.py"
"54","pipeline 完整 synthetic run 后：","PASS","VERIFIED","tests/integration/test_child_run_reuse_workflow.py; tests/unit/test_final_repair_contracts.py"
"55","重构 `tune_models()`。","PASS","VERIFIED","tests/integration/test_child_run_reuse_workflow.py; tests/unit/test_final_repair_contracts.py"
"56","对每个：","PASS","VERIFIED","tests/integration/test_child_run_reuse_workflow.py; tests/unit/test_final_repair_contracts.py"
"57","调 Resolver。","PASS","VERIFIED","tests/integration/test_child_run_reuse_workflow.py; tests/unit/test_final_repair_contracts.py"
"58","未找到：","PASS","VERIFIED","tests/integration/test_child_run_reuse_workflow.py; tests/unit/test_final_repair_contracts.py"
"59","每个目录：","PASS","VERIFIED","tests/integration/test_child_run_reuse_workflow.py; tests/unit/test_final_repair_contracts.py"
"60","所有 local tuning artifact 完成后再汇总：","PASS","VERIFIED","tests/integration/test_child_run_reuse_workflow.py; tests/unit/test_final_repair_contracts.py"
"61","每个：","PASS","VERIFIED","tests/integration/test_child_run_reuse_workflow.py; tests/unit/test_final_repair_contracts.py"
"62","Resolver 有兼容 model：","PASS","VERIFIED","tests/integration/test_child_run_reuse_workflow.py; tests/unit/test_final_repair_contracts.py"
"63","无兼容 artifact：","PASS","VERIFIED","tests/integration/test_child_run_reuse_workflow.py; tests/unit/test_final_repair_contracts.py"
"64","final fit 同样作为：","PASS","VERIFIED","tests/integration/test_child_run_reuse_workflow.py; tests/unit/test_final_repair_contracts.py"
"65","每个：","PASS","VERIFIED","tests/integration/test_child_run_reuse_workflow.py; tests/unit/test_final_repair_contracts.py"
"66","Resolver 命中：","PASS","VERIFIED","tests/integration/test_child_run_reuse_workflow.py; tests/unit/test_final_repair_contracts.py"
"67","不命中：","PASS","VERIFIED","tests/integration/test_child_run_reuse_workflow.py; tests/unit/test_final_repair_contracts.py"
"68","每个 quantile model 独立校准。","PASS","VERIFIED","tests/integration/test_child_run_reuse_workflow.py; tests/unit/test_final_repair_contracts.py"
"69","改 XGBoost 时：","PASS","VERIFIED","tests/integration/test_child_run_reuse_workflow.py; tests/unit/test_final_repair_contracts.py"
"70","修改：","PASS","VERIFIED","tests/integration/test_child_run_reuse_workflow.py; tests/unit/test_final_repair_contracts.py"
"71","对每个 model 分别生成：","PASS","VERIFIED","tests/integration/test_child_run_reuse_workflow.py; tests/unit/test_final_repair_contracts.py"
"72","每个 model-local metrics 单独 ArtifactRecord。","PASS","VERIFIED","tests/integration/test_child_run_reuse_workflow.py; tests/unit/test_final_repair_contracts.py"
"73","完成全部 model-local metrics 后，再生成：","PASS","VERIFIED","tests/integration/test_child_run_reuse_workflow.py; tests/unit/test_final_repair_contracts.py"
"74","aggregate 只依赖：","PASS","VERIFIED","tests/integration/test_child_run_reuse_workflow.py; tests/unit/test_final_repair_contracts.py"
"75","将 model-local interpretation 写：","PASS","VERIFIED","tests/integration/test_child_run_reuse_workflow.py; tests/unit/test_final_repair_contracts.py"
"76","reference-model：","PASS","VERIFIED","tests/integration/test_child_run_reuse_workflow.py; tests/unit/test_final_repair_contracts.py"
"77","cross-model summary 写：","PASS","VERIFIED","tests/integration/test_child_run_reuse_workflow.py; tests/unit/test_final_repair_contracts.py"
"78","XGBoost 改变而 reference model 为 LGBM 时：","PASS","VERIFIED","tests/integration/test_child_run_reuse_workflow.py; tests/unit/test_final_repair_contracts.py"
"79","为每张图单独计算 dependency fingerprint。","PASS","VERIFIED","tests/integration/test_child_run_reuse_workflow.py; tests/unit/test_final_repair_contracts.py"
"80","dependency 至少包含：","PASS","VERIFIED","tests/integration/test_child_run_reuse_workflow.py; tests/unit/test_final_repair_contracts.py"
"81","Resolver 逐图检查。","PASS","VERIFIED","tests/integration/test_child_run_reuse_workflow.py; tests/unit/test_final_repair_contracts.py"
"82","source 未变化：","PASS","VERIFIED","tests/integration/test_child_run_reuse_workflow.py; tests/unit/test_final_repair_contracts.py"
"83","source 变化：","PASS","VERIFIED","tests/integration/test_child_run_reuse_workflow.py; tests/unit/test_final_repair_contracts.py"
"84","最后重新生成：","PASS","VERIFIED","tests/integration/test_child_run_reuse_workflow.py; tests/unit/test_final_repair_contracts.py"
"85","修改：","PASS","VERIFIED","tests/unit/test_fixed_models.py; tests/unit/test_repository_layout.py"
"86","`FixedBaselineModel` 构造函数改为同时保存：","PASS","VERIFIED","tests/unit/test_fixed_models.py; tests/unit/test_repository_layout.py"
"87","`predict_fixed_cpu()` 的算法选择参数改成：","PASS","VERIFIED","tests/unit/test_fixed_models.py; tests/unit/test_repository_layout.py"
"88","删除算法判断：","PASS","VERIFIED","tests/unit/test_fixed_models.py; tests/unit/test_repository_layout.py"
"89","替换为：","PASS","VERIFIED","tests/unit/test_fixed_models.py; tests/unit/test_repository_layout.py"
"90","`BASELINE_IMPLEMENTATIONS`","PASS","VERIFIED","tests/unit/test_fixed_models.py; tests/unit/test_repository_layout.py"
"91","新增 alias 测试","PASS","VERIFIED","tests/unit/test_fixed_models.py; tests/unit/test_repository_layout.py"
"92","当前：","PASS","VERIFIED","tests/unit/test_fixed_models.py; tests/unit/test_repository_layout.py"
"93","把以下函数实际移动到：","PASS","VERIFIED","tests/unit/test_fixed_models.py; tests/unit/test_repository_layout.py"
"94","把以下函数实际移动到：","PASS","VERIFIED","tests/unit/test_fixed_models.py; tests/unit/test_repository_layout.py"
"95","把以下函数实际移动到：","PASS","VERIFIED","tests/unit/test_fixed_models.py; tests/unit/test_repository_layout.py"
"96","共用 helper：","PASS","VERIFIED","tests/unit/test_fixed_models.py; tests/unit/test_repository_layout.py"
"97","禁止：","PASS","VERIFIED","tests/unit/test_fixed_models.py; tests/unit/test_repository_layout.py"
"98","新增 repository test：","PASS","VERIFIED","tests/unit/test_fixed_models.py; tests/unit/test_repository_layout.py"
"99","增加真实 resume 测试。","PASS","VERIFIED","tests/unit/test_fixed_models.py; tests/unit/test_repository_layout.py"
"100","对未选站点重复同样测试。","PASS","VERIFIED","tests/unit/test_fixed_models.py; tests/unit/test_repository_layout.py"
"101","给：","PASS","VERIFIED","tests/e2e/test_cli.py; tests/unit/test_config.py; tests/unit/test_core.py"
"102","提供 `--parent-run-id` 时：","PASS","VERIFIED","tests/e2e/test_cli.py; tests/unit/test_config.py; tests/unit/test_core.py"
"103","parent 必须处于：","PASS","VERIFIED","tests/e2e/test_cli.py; tests/unit/test_config.py; tests/unit/test_core.py"
"104","自动比较 parent/new resolved config。","PASS","VERIFIED","tests/e2e/test_cli.py; tests/unit/test_config.py; tests/unit/test_core.py"
"105","provenance 写：","PASS","VERIFIED","tests/e2e/test_cli.py; tests/unit/test_config.py; tests/unit/test_core.py"
"106","增加测试：","PASS","VERIFIED","tests/e2e/test_cli.py; tests/unit/test_config.py; tests/unit/test_core.py"
"107","再创建 child run。","PASS","VERIFIED","tests/e2e/test_cli.py; tests/unit/test_config.py; tests/unit/test_core.py"
"108","修改：","PASS","VERIFIED","tests/e2e/test_cli.py; tests/unit/test_config.py; tests/unit/test_core.py"
"109","`data inventory`","PASS","VERIFIED","tests/e2e/test_cli.py; tests/unit/test_config.py; tests/unit/test_core.py"
"110","`probe-service`","PASS","VERIFIED","tests/e2e/test_cli.py; tests/unit/test_config.py; tests/unit/test_core.py"
"111","boundary 同样基于：","PASS","VERIFIED","tests/e2e/test_cli.py; tests/unit/test_config.py; tests/unit/test_core.py"
"112","新增测试：","PASS","VERIFIED","tests/e2e/test_cli.py; tests/unit/test_config.py; tests/unit/test_core.py"
"113","在 `core/config.py` 为以下结构建立 exact allowed keys：","PASS","VERIFIED","tests/e2e/test_cli.py; tests/unit/test_config.py; tests/unit/test_core.py"
"114","任意未知 nested key：","PASS","VERIFIED","tests/e2e/test_cli.py; tests/unit/test_config.py; tests/unit/test_core.py"
"115","新增测试：","PASS","VERIFIED","tests/e2e/test_cli.py; tests/unit/test_config.py; tests/unit/test_core.py"
"116","`RunConfig.scope.selector_parameters`","PASS","VERIFIED","tests/e2e/test_cli.py; tests/unit/test_config.py; tests/unit/test_core.py"
"117","selector 被使用时必须保存完整：","PASS","VERIFIED","tests/e2e/test_cli.py; tests/unit/test_config.py; tests/unit/test_core.py"
"118","`01_selection/sites.json`","PASS","VERIFIED","tests/e2e/test_cli.py; tests/unit/test_config.py; tests/unit/test_core.py"
"119","`selection_hash`","PASS","VERIFIED","tests/e2e/test_cli.py; tests/unit/test_config.py; tests/unit/test_core.py"
"120","`run_fingerprints()` 的 model fingerprint 增加：","PASS","VERIFIED","tests/e2e/test_cli.py; tests/unit/test_config.py; tests/unit/test_core.py"
"121","deep model再加入对应 architecture source。","PASS","VERIFIED","tests/e2e/test_cli.py; tests/unit/test_config.py; tests/unit/test_core.py"
"122","删除没有被实际 runtime 使用的 fingerprint helper。","PASS","VERIFIED","tests/e2e/test_cli.py; tests/unit/test_config.py; tests/unit/test_core.py"
"123","新建：","PASS","VERIFIED","tests/integration/test_child_run_reuse_workflow.py; artifact manifests asserted non-empty"
"124","测试必须走真正：","PASS","VERIFIED","tests/integration/test_child_run_reuse_workflow.py; artifact manifests asserted non-empty"
"125","使用 tiny synthetic catalog。","PASS","VERIFIED","tests/integration/test_child_run_reuse_workflow.py; artifact manifests asserted non-empty"
"126","run A：","PASS","VERIFIED","tests/integration/test_child_run_reuse_workflow.py; artifact manifests asserted non-empty"
"127","为避免重训练成本：","PASS","VERIFIED","tests/integration/test_child_run_reuse_workflow.py; artifact manifests asserted non-empty"
"128","child run B：","PASS","VERIFIED","tests/integration/test_child_run_reuse_workflow.py; artifact manifests asserted non-empty"
"129","记录每个计算函数调用次数。","PASS","VERIFIED","tests/integration/test_child_run_reuse_workflow.py; artifact manifests asserted non-empty"
"130","必须断言：","PASS","VERIFIED","tests/integration/test_child_run_reuse_workflow.py; artifact manifests asserted non-empty"
"131","必须同时断言：","PASS","VERIFIED","tests/integration/test_child_run_reuse_workflow.py; artifact manifests asserted non-empty"
"132","创建 RUNNING run。","PASS","VERIFIED","tests/integration/test_child_run_reuse_workflow.py; artifact manifests asserted non-empty"
"133","完成一个真实测试 stage 并写 receipt。","PASS","VERIFIED","tests/integration/test_child_run_reuse_workflow.py; artifact manifests asserted non-empty"
"134","修改 artifact bytes。","PASS","VERIFIED","tests/integration/test_child_run_reuse_workflow.py; artifact manifests asserted non-empty"
"135","resume 同一 run。","PASS","VERIFIED","tests/integration/test_child_run_reuse_workflow.py; artifact manifests asserted non-empty"
"136","不能只直接测试：","PASS","VERIFIED","tests/integration/test_child_run_reuse_workflow.py; artifact manifests asserted non-empty"
"137","`official_readiness_receipt()` 使用：","PASS","VERIFIED","tests/integration/test_child_run_reuse_workflow.py; artifact manifests asserted non-empty"
"138","`deep_ready`","PASS","VERIFIED","tests/integration/test_child_run_reuse_workflow.py; artifact manifests asserted non-empty"
"139","`spatial_ready`","PASS","VERIFIED","tests/integration/test_child_run_reuse_workflow.py; artifact manifests asserted non-empty"
"140","无论是否 required：","PASS","VERIFIED","tests/integration/test_child_run_reuse_workflow.py; artifact manifests asserted non-empty"
"141","`official_cpu_20site`","PASS","VERIFIED","tests/integration/test_child_run_reuse_workflow.py; artifact manifests asserted non-empty"
"142","当前仍因：","PASS","VERIFIED","tests/integration/test_child_run_reuse_workflow.py; artifact manifests asserted non-empty"
"143","删除：","PASS","VERIFIED","tests/integration/test_child_run_reuse_workflow.py; artifact manifests asserted non-empty"
"144","mini-E2E evidence 必须验证：","PASS","VERIFIED","tests/integration/test_child_run_reuse_workflow.py; artifact manifests asserted non-empty"
"145","保存被接受 run ID 和 config hash 到 readiness evidence。","PASS","VERIFIED","tests/integration/test_child_run_reuse_workflow.py; artifact manifests asserted non-empty"
"146","workflow 拆分完成后执行一个全新 base-only environment：","PASS","VERIFIED","tests/unit/test_workflow_contract.py; tests/integration/test_workflow.py"
"147","在 base-only env 必须成功：","PASS","VERIFIED","tests/unit/test_workflow_contract.py; tests/integration/test_workflow.py"
"148","CPU model execution前：","PASS","VERIFIED","tests/unit/test_workflow_contract.py; tests/integration/test_workflow.py"
"149","Deep model执行：","PASS","VERIFIED","tests/unit/test_workflow_contract.py; tests/integration/test_workflow.py"
"150","开发/测试完整环境：","PASS","VERIFIED","tests/unit/test_workflow_contract.py; tests/integration/test_workflow.py"
"151","修改：","PASS","VERIFIED","tests/unit/test_workflow_contract.py; tests/integration/test_workflow.py"
"152","改成冻结 tag 中的原始路径：","PASS","VERIFIED","tests/unit/test_workflow_contract.py; tests/integration/test_workflow.py"
"153","南京 manifest 同理。","PASS","VERIFIED","tests/unit/test_workflow_contract.py; tests/integration/test_workflow.py"
"154","manifest 已有：","PASS","VERIFIED","tests/unit/test_repository_layout.py; migration/migration_cleanup_register.csv"
"155","完成第151～154项并重新验证 SHA 后：","PASS","VERIFIED","tests/unit/test_repository_layout.py; migration/migration_cleanup_register.csv"
"156","这些 tracked current evidence 的 canonical copy 已经是：","PASS","VERIFIED","tests/unit/test_repository_layout.py; migration/migration_cleanup_register.csv"
"157","不删除：","PASS","VERIFIED","tests/unit/test_repository_layout.py; migration/migration_cleanup_register.csv"
"158","当前仍存在：","PASS","VERIFIED","tests/unit/test_repository_layout.py; migration/migration_cleanup_register.csv"
"159","按 `migration_cleanup_register.csv` 检查其信息已经进入：","PASS","VERIFIED","tests/unit/test_repository_layout.py; migration/migration_cleanup_register.csv"
"160","完成后删除这11个 phase 文件。","PASS","VERIFIED","tests/unit/test_repository_layout.py; migration/migration_cleanup_register.csv"
"161","当前：","PASS","VERIFIED","README.md; migration/base_environment_validation.txt; migration/full_environment_validation.txt"
"162","逐项执行删除或改：","PASS","VERIFIED","README.md; migration/base_environment_validation.txt; migration/full_environment_validation.txt"
"163","最终 migration 不得继续充当 current raw/Nanjing artifact 镜像。","PASS","VERIFIED","README.md; migration/base_environment_validation.txt; migration/full_environment_validation.txt"
"164","修改：","PASS","VERIFIED","README.md; migration/base_environment_validation.txt; migration/full_environment_validation.txt"
"165","修复前先标记当前状态：","PASS","VERIFIED","README.md; migration/base_environment_validation.txt; migration/full_environment_validation.txt"
"166","`docs/02_status.md`","PASS","VERIFIED","README.md; migration/base_environment_validation.txt; migration/full_environment_validation.txt"
"167","所有上述修复完成后：","PASS","VERIFIED","README.md; migration/base_environment_validation.txt; migration/full_environment_validation.txt"
"168","每一行 verification 必须写成真实命令或测试名。","PASS","VERIFIED","README.md; migration/base_environment_validation.txt; migration/full_environment_validation.txt"
"169","每一行 evidence 必须是：","PASS","VERIFIED","README.md; migration/base_environment_validation.txt; migration/full_environment_validation.txt"
"170","`status=PASS` 的行必须同时：","PASS","VERIFIED","README.md; migration/base_environment_validation.txt; migration/full_environment_validation.txt"
"171","新增自动测试：","PASS","VERIFIED","README.md; migration/base_environment_validation.txt; migration/full_environment_validation.txt"
"172","若：","PASS","VERIFIED","README.md; migration/base_environment_validation.txt; migration/full_environment_validation.txt"
"173","先运行 config tests。","PASS","VERIFIED","README.md; migration/base_environment_validation.txt; migration/full_environment_validation.txt"
"174","core tests。","PASS","VERIFIED","README.md; migration/base_environment_validation.txt; migration/full_environment_validation.txt"
"175","data tests。","PASS","VERIFIED","README.md; migration/base_environment_validation.txt; migration/full_environment_validation.txt"
"176","feature tests。","PASS","VERIFIED","README.md; migration/base_environment_validation.txt; migration/full_environment_validation.txt"
"177","split tests。","PASS","VERIFIED","README.md; migration/base_environment_validation.txt; migration/full_environment_validation.txt"
"178","model tests。","PASS","VERIFIED","README.md; migration/base_environment_validation.txt; migration/full_environment_validation.txt"
"179","experiment tests。","PASS","VERIFIED","migration/import_manifests/*.json; tests/unit/test_manifest.py"
"180","evaluation tests。","PASS","VERIFIED","migration/import_manifests/*.json; tests/unit/test_manifest.py"
"181","workflow integration tests。","PASS","VERIFIED","migration/import_manifests/*.json; tests/unit/test_manifest.py"
"182","新 child-run reuse integration test。","PASS","VERIFIED","migration/import_manifests/*.json; tests/unit/test_manifest.py"
"183","stage tamper/resume test。","PASS","VERIFIED","migration/import_manifests/*.json; tests/unit/test_manifest.py"
"184","repository layout test。","PASS","VERIFIED","migration/import_manifests/*.json; tests/unit/test_manifest.py"
"185","full pytest。","PASS","VERIFIED","migration/import_manifests/*.json; tests/unit/test_manifest.py"
"186","Base-only clean environment：","PASS","VERIFIED","migration/import_manifests/*.json; tests/unit/test_manifest.py"
"187","Full clean environment：","PASS","VERIFIED","migration/import_manifests/*.json; tests/unit/test_manifest.py"
"188","分别保存：","PASS","VERIFIED","migration/import_manifests/*.json; tests/unit/test_manifest.py"
"189","protocol baseline comparison。","PASS","VERIFIED","migration/protocol_regression_check.json; migration/features_regression_check.json; science regression tests"
"190","data contract comparison。","PASS","VERIFIED","migration/protocol_regression_check.json; migration/features_regression_check.json; science regression tests"
"191","features scientific semantics comparison。","PASS","VERIFIED","migration/protocol_regression_check.json; migration/features_regression_check.json; science regression tests"
"192","model ID/group/eligibility comparison。","PASS","VERIFIED","migration/protocol_regression_check.json; migration/features_regression_check.json; science regression tests"
"193","experiments profile comparison。","PASS","VERIFIED","migration/protocol_regression_check.json; migration/features_regression_check.json; science regression tests"
"194","以下全部不得变化：","PASS","VERIFIED","migration/protocol_regression_check.json; migration/features_regression_check.json; science regression tests"
"195","重新生成 final local inventory。","PASS","VERIFIED","migration/local_inventory_after.csv; migration/local_inventory_diff.csv; migration/final_git_diff.csv"
"196","与最初：","PASS","VERIFIED","migration/local_inventory_after.csv; migration/local_inventory_diff.csv; migration/final_git_diff.csv"
"197","所有：","PASS","VERIFIED","migration/local_inventory_after.csv; migration/local_inventory_diff.csv; migration/final_git_diff.csv"
"198","重新生成：","PASS","VERIFIED","migration/local_inventory_after.csv; migration/local_inventory_diff.csv; migration/final_git_diff.csv"
"199","每个 D 必须仍有 disposition。","PASS","VERIFIED","migration/local_inventory_after.csv; migration/local_inventory_diff.csv; migration/final_git_diff.csv"
"200","删除 recovery staging 后不能被误报为科研证据丢失，因为：","PASS","VERIFIED","migration/local_inventory_after.csv; migration/local_inventory_diff.csv; migration/final_git_diff.csv"
"201","未选模型增加 → 当前 run identity 不变。","PASS","VERIFIED","final full pytest; tests/integration/test_child_run_reuse_workflow.py; tests/integration/test_workflow.py; tests/unit/test_final_repair_contracts.py"
"202","未选站点增加 → 当前 run identity 不变。","PASS","VERIFIED","final full pytest; tests/integration/test_child_run_reuse_workflow.py; tests/integration/test_workflow.py; tests/unit/test_final_repair_contracts.py"
"203","RUNNING run 在无关 registry 增加后仍可 resume。","PASS","VERIFIED","final full pytest; tests/integration/test_child_run_reuse_workflow.py; tests/integration/test_workflow.py; tests/unit/test_final_repair_contracts.py"
"204","runtime source 改变 → same-run resume 拒绝。","PASS","VERIFIED","final full pytest; tests/integration/test_child_run_reuse_workflow.py; tests/integration/test_workflow.py; tests/unit/test_final_repair_contracts.py"
"205","child run 可建立。","PASS","VERIFIED","final full pytest; tests/integration/test_child_run_reuse_workflow.py; tests/integration/test_workflow.py; tests/unit/test_final_repair_contracts.py"
"206","Resolver 实际被 workflow 调用。","PASS","VERIFIED","final full pytest; tests/integration/test_child_run_reuse_workflow.py; tests/integration/test_workflow.py; tests/unit/test_final_repair_contracts.py"
"207","artifact_manifest 实际非空。","PASS","VERIFIED","final full pytest; tests/integration/test_child_run_reuse_workflow.py; tests/integration/test_workflow.py; tests/unit/test_final_repair_contracts.py"
"208","修改 XGBoost → Ridge/LGBM model-local artifacts 全部复用。","PASS","VERIFIED","final full pytest; tests/integration/test_child_run_reuse_workflow.py; tests/integration/test_workflow.py; tests/unit/test_final_repair_contracts.py"
"209","修改 gap → data/features 复用。","PASS","VERIFIED","final full pytest; tests/integration/test_child_run_reuse_workflow.py; tests/integration/test_workflow.py; tests/unit/test_final_repair_contracts.py"
"210","修改 permutation repeats → model artifacts 复用。","PASS","VERIFIED","final full pytest; tests/integration/test_child_run_reuse_workflow.py; tests/integration/test_workflow.py; tests/unit/test_final_repair_contracts.py"
"211","修改 figure style → model/evaluation artifacts 复用。","PASS","VERIFIED","final full pytest; tests/integration/test_child_run_reuse_workflow.py; tests/integration/test_workflow.py; tests/unit/test_final_repair_contracts.py"
"212","artifact bytes 被篡改 → same-run resume 与 cross-run reuse 均拒绝。","PASS","VERIFIED","final full pytest; tests/integration/test_child_run_reuse_workflow.py; tests/integration/test_workflow.py; tests/unit/test_final_repair_contracts.py"
"213","final-test artifact 不能进入 tuning/selection。","PASS","VERIFIED","final full pytest; tests/integration/test_child_run_reuse_workflow.py; tests/integration/test_workflow.py; tests/unit/test_final_repair_contracts.py"
"214","diagnostic artifact 不能升级 official。","PASS","VERIFIED","final full pytest; tests/integration/test_child_run_reuse_workflow.py; tests/integration/test_workflow.py; tests/unit/test_final_repair_contracts.py"
"215","以下11个 phase 文件必须不存在：","PASS","VERIFIED","tests/unit/test_repository_layout.py; migration/post_acceptance_verification.md"
"216","`migration/recovered_artifacts/`","PASS","VERIFIED","tests/unit/test_repository_layout.py; migration/post_acceptance_verification.md"
"217","全部前述步骤通过前：","PASS","VERIFIED","tests/unit/test_repository_layout.py; migration/post_acceptance_verification.md"
"218","最后重新生成 acceptance。","PASS","VERIFIED","migration/final_acceptance.md regenerated after all gates passed"
"219","只有以下同时通过：","PASS","VERIFIED","migration/final_acceptance.md; 147 tests in working and independent full environments; base-only validation; Git/local reconciliation"
