"path","deletion_reason","migration_map_entry","repair_issue","recoverability"
"archive/README.md","Delete only after its behavior is mapped or proven inactive and recoverable from the tag.","migration/migration_map.csv:DELETE:git:pre-nwp-refactor-20261002","FR-525..FR-529","pre-nwp-refactor-20261002 and pre-final-repair-20261004"
"archive/code/predict_daily.py","Delete only after its behavior is mapped or proven inactive and recoverable from the tag.","migration/migration_map.csv:DELETE:git:pre-nwp-refactor-20261002","FR-525..FR-529","pre-nwp-refactor-20261002 and pre-final-repair-20261004"
"archive/docs/01_research_v10.0_2026-09-11.md","Delete only after its behavior is mapped or proven inactive and recoverable from the tag.","migration/migration_map.csv:DELETE:git:pre-nwp-refactor-20261002","FR-525..FR-529","pre-nwp-refactor-20261002 and pre-final-repair-20261004"
"archive/docs/legacy_v11_20260915/01_research.md","Delete only after its behavior is mapped or proven inactive and recoverable from the tag.","migration/migration_map.csv:DELETE:git:pre-nwp-refactor-20261002","FR-525..FR-529","pre-nwp-refactor-20261002 and pre-final-repair-20261004"
"archive/docs/legacy_v11_20260915/02_project_status.md","Delete only after its behavior is mapped or proven inactive and recoverable from the tag.","migration/migration_map.csv:DELETE:git:pre-nwp-refactor-20261002","FR-525..FR-529","pre-nwp-refactor-20261002 and pre-final-repair-20261004"
"archive/docs/legacy_v11_20260915/03_hyperparameters.md","Delete only after its behavior is mapped or proven inactive and recoverable from the tag.","migration/migration_map.csv:DELETE:git:pre-nwp-refactor-20261002","FR-525..FR-529","pre-nwp-refactor-20261002 and pre-final-repair-20261004"
"archive/docs/legacy_v11_20260915/04_project_organization.md","Delete only after its behavior is mapped or proven inactive and recoverable from the tag.","migration/migration_map.csv:DELETE:git:pre-nwp-refactor-20261002","FR-525..FR-529","pre-nwp-refactor-20261002 and pre-final-repair-20261004"
"archive/docs/legacy_v11_20260915/05_review.md","Delete only after its behavior is mapped or proven inactive and recoverable from the tag.","migration/migration_map.csv:DELETE:git:pre-nwp-refactor-20261002","FR-525..FR-529","pre-nwp-refactor-20261002 and pre-final-repair-20261004"
"archive/docs/legacy_v11_20260915/06_protocol_changelog.md","Delete only after its behavior is mapped or proven inactive and recoverable from the tag.","migration/migration_map.csv:DELETE:git:pre-nwp-refactor-20261002","FR-525..FR-529","pre-nwp-refactor-20261002 and pre-final-repair-20261004"
"archive/docs/legacy_v11_20260915/07_issue_register.md","Delete only after its behavior is mapped or proven inactive and recoverable from the tag.","migration/migration_map.csv:DELETE:git:pre-nwp-refactor-20261002","FR-525..FR-529","pre-nwp-refactor-20261002 and pre-final-repair-20261004"
"archive/docs/legacy_v11_20260915/README.md","Delete only after its behavior is mapped or proven inactive and recoverable from the tag.","migration/migration_map.csv:DELETE:git:pre-nwp-refactor-20261002","FR-525..FR-529","pre-nwp-refactor-20261002 and pre-final-repair-20261004"
"config/01_sites.yaml","Values move to their single canonical configuration owner.","migration/migration_map.csv:MOVE:config/sites.yaml","FR-525..FR-529","pre-nwp-refactor-20261002 and pre-final-repair-20261004"
"config/02_variables.yaml","Values move to their single canonical configuration owner.","migration/migration_map.csv:MOVE:config/data.yaml","FR-525..FR-529","pre-nwp-refactor-20261002 and pre-final-repair-20261004"
"docs/01_research.md","Documentation is rewritten only after implementation paths stabilize.","migration/migration_map.csv:MERGE:docs/01_protocol.md","FR-525..FR-529","pre-nwp-refactor-20261002 and pre-final-repair-20261004"
"docs/02_project_status.md","Documentation is rewritten only after implementation paths stabilize.","migration/migration_map.csv:MERGE:docs/02_status.md","FR-525..FR-529","pre-nwp-refactor-20261002 and pre-final-repair-20261004"
"docs/03_model_config.md","Documentation is rewritten only after implementation paths stabilize.","migration/migration_map.csv:MERGE:config/models.yaml;docs/01_protocol.md","FR-525..FR-529","pre-nwp-refactor-20261002 and pre-final-repair-20261004"
"docs/04_project_structure.md","Documentation is rewritten only after implementation paths stabilize.","migration/migration_map.csv:MERGE:docs/04_repository_guide.md","FR-525..FR-529","pre-nwp-refactor-20261002 and pre-final-repair-20261004"
"docs/issues_open.md","Documentation is rewritten only after implementation paths stabilize.","migration/migration_map.csv:MERGE:docs/06_issues.md","FR-525..FR-529","pre-nwp-refactor-20261002 and pre-final-repair-20261004"
"figs/02_site_design/fig_jiangsu_20sites.png","Legacy/superseded result is excluded from active outputs; tracked copy remains recoverable from Git.","migration/migration_map.csv:DELETE:git:pre-nwp-refactor-20261002","FR-525..FR-529","pre-nwp-refactor-20261002 and pre-final-repair-20261004"
"figs/02_site_design/fig_jiangsu_20sites.svg","Legacy/superseded result is excluded from active outputs; tracked copy remains recoverable from Git.","migration/migration_map.csv:DELETE:git:pre-nwp-refactor-20261002","FR-525..FR-529","pre-nwp-refactor-20261002 and pre-final-repair-20261004"
"figs/02_site_design/fig_jiangsu_20sites_geo.png","Legacy/superseded result is excluded from active outputs; tracked copy remains recoverable from Git.","migration/migration_map.csv:DELETE:git:pre-nwp-refactor-20261002","FR-525..FR-529","pre-nwp-refactor-20261002 and pre-final-repair-20261004"
"figs/02_site_design/fig_jiangsu_20sites_geo.svg","Legacy/superseded result is excluded from active outputs; tracked copy remains recoverable from Git.","migration/migration_map.csv:DELETE:git:pre-nwp-refactor-20261002","FR-525..FR-529","pre-nwp-refactor-20261002 and pre-final-repair-20261004"
"figs/02_site_design/fig_jiangsu_annual_ghi.png","Legacy/superseded result is excluded from active outputs; tracked copy remains recoverable from Git.","migration/migration_map.csv:DELETE:git:pre-nwp-refactor-20261002","FR-525..FR-529","pre-nwp-refactor-20261002 and pre-final-repair-20261004"
"figs/02_site_design/fig_jiangsu_annual_ghi.svg","Legacy/superseded result is excluded from active outputs; tracked copy remains recoverable from Git.","migration/migration_map.csv:DELETE:git:pre-nwp-refactor-20261002","FR-525..FR-529","pre-nwp-refactor-20261002 and pre-final-repair-20261004"
"figs/02_site_design/fig_site_coverage_map_global.png","Legacy/superseded result is excluded from active outputs; tracked copy remains recoverable from Git.","migration/migration_map.csv:DELETE:git:pre-nwp-refactor-20261002","FR-525..FR-529","pre-nwp-refactor-20261002 and pre-final-repair-20261004"
"figs/02_site_design/fig_site_coverage_map_global.svg","Legacy/superseded result is excluded from active outputs; tracked copy remains recoverable from Git.","migration/migration_map.csv:DELETE:git:pre-nwp-refactor-20261002","FR-525..FR-529","pre-nwp-refactor-20261002 and pre-final-repair-20261004"
"figs/02_site_design/fig_site_coverage_map_stratified.png","Legacy/superseded result is excluded from active outputs; tracked copy remains recoverable from Git.","migration/migration_map.csv:DELETE:git:pre-nwp-refactor-20261002","FR-525..FR-529","pre-nwp-refactor-20261002 and pre-final-repair-20261004"
"figs/02_site_design/fig_site_coverage_map_stratified.svg","Legacy/superseded result is excluded from active outputs; tracked copy remains recoverable from Git.","migration/migration_map.csv:DELETE:git:pre-nwp-refactor-20261002","FR-525..FR-529","pre-nwp-refactor-20261002 and pre-final-repair-20261004"
"figs/03_modeling/00_comparison/fig_case_studies_full.png","Legacy/superseded result is excluded from active outputs; tracked copy remains recoverable from Git.","migration/migration_map.csv:DELETE:git:pre-nwp-refactor-20261002","FR-525..FR-529","pre-nwp-refactor-20261002 and pre-final-repair-20261004"
"figs/03_modeling/00_comparison/fig_case_studies_full.svg","Legacy/superseded result is excluded from active outputs; tracked copy remains recoverable from Git.","migration/migration_map.csv:DELETE:git:pre-nwp-refactor-20261002","FR-525..FR-529","pre-nwp-refactor-20261002 and pre-final-repair-20261004"
"figs/03_modeling/00_comparison/fig_model_comparison_dual.png","Legacy/superseded result is excluded from active outputs; tracked copy remains recoverable from Git.","migration/migration_map.csv:DELETE:git:pre-nwp-refactor-20261002","FR-525..FR-529","pre-nwp-refactor-20261002 and pre-final-repair-20261004"
"figs/03_modeling/00_comparison/fig_model_comparison_dual.svg","Legacy/superseded result is excluded from active outputs; tracked copy remains recoverable from Git.","migration/migration_map.csv:DELETE:git:pre-nwp-refactor-20261002","FR-525..FR-529","pre-nwp-refactor-20261002 and pre-final-repair-20261004"
"figs/03_modeling/00_comparison/fig_model_comparison_full.png","Legacy/superseded result is excluded from active outputs; tracked copy remains recoverable from Git.","migration/migration_map.csv:DELETE:git:pre-nwp-refactor-20261002","FR-525..FR-529","pre-nwp-refactor-20261002 and pre-final-repair-20261004"
"figs/03_modeling/00_comparison/fig_model_comparison_full.svg","Legacy/superseded result is excluded from active outputs; tracked copy remains recoverable from Git.","migration/migration_map.csv:DELETE:git:pre-nwp-refactor-20261002","FR-525..FR-529","pre-nwp-refactor-20261002 and pre-final-repair-20261004"
"figs/03_modeling/00_comparison/fig_weather_profiles.png","Legacy/superseded result is excluded from active outputs; tracked copy remains recoverable from Git.","migration/migration_map.csv:DELETE:git:pre-nwp-refactor-20261002","FR-525..FR-529","pre-nwp-refactor-20261002 and pre-final-repair-20261004"
"figs/03_modeling/00_comparison/fig_weather_profiles.svg","Legacy/superseded result is excluded from active outputs; tracked copy remains recoverable from Git.","migration/migration_map.csv:DELETE:git:pre-nwp-refactor-20261002","FR-525..FR-529","pre-nwp-refactor-20261002 and pre-final-repair-20261004"
"figs/03_modeling/v1_ml/full/fig_v1_ml_cloud_agreement.png","Legacy/superseded result is excluded from active outputs; tracked copy remains recoverable from Git.","migration/migration_map.csv:DELETE:git:pre-nwp-refactor-20261002","FR-525..FR-529","pre-nwp-refactor-20261002 and pre-final-repair-20261004"
"figs/03_modeling/v1_ml/full/fig_v1_ml_cloud_agreement.svg","Legacy/superseded result is excluded from active outputs; tracked copy remains recoverable from Git.","migration/migration_map.csv:DELETE:git:pre-nwp-refactor-20261002","FR-525..FR-529","pre-nwp-refactor-20261002 and pre-final-repair-20261004"
"figs/03_modeling/v1_ml/full/fig_v1_ml_ghi_agreement.png","Legacy/superseded result is excluded from active outputs; tracked copy remains recoverable from Git.","migration/migration_map.csv:DELETE:git:pre-nwp-refactor-20261002","FR-525..FR-529","pre-nwp-refactor-20261002 and pre-final-repair-20261004"
"figs/03_modeling/v1_ml/full/fig_v1_ml_ghi_agreement.svg","Legacy/superseded result is excluded from active outputs; tracked copy remains recoverable from Git.","migration/migration_map.csv:DELETE:git:pre-nwp-refactor-20261002","FR-525..FR-529","pre-nwp-refactor-20261002 and pre-final-repair-20261004"
"figs/04_error_analysis/fig_ablation_feature_groups.png","Legacy/superseded result is excluded from active outputs; tracked copy remains recoverable from Git.","migration/migration_map.csv:DELETE:git:pre-nwp-refactor-20261002","FR-525..FR-529","pre-nwp-refactor-20261002 and pre-final-repair-20261004"
"figs/04_error_analysis/fig_ablation_feature_groups.svg","Legacy/superseded result is excluded from active outputs; tracked copy remains recoverable from Git.","migration/migration_map.csv:DELETE:git:pre-nwp-refactor-20261002","FR-525..FR-529","pre-nwp-refactor-20261002 and pre-final-repair-20261004"
"figs/04_error_analysis/fig_exploratory_error.png","Legacy/superseded result is excluded from active outputs; tracked copy remains recoverable from Git.","migration/migration_map.csv:DELETE:git:pre-nwp-refactor-20261002","FR-525..FR-529","pre-nwp-refactor-20261002 and pre-final-repair-20261004"
"figs/04_error_analysis/fig_exploratory_error.svg","Legacy/superseded result is excluded from active outputs; tracked copy remains recoverable from Git.","migration/migration_map.csv:DELETE:git:pre-nwp-refactor-20261002","FR-525..FR-529","pre-nwp-refactor-20261002 and pre-final-repair-20261004"
"figs/04_error_analysis/fig_grouped_full.png","Legacy/superseded result is excluded from active outputs; tracked copy remains recoverable from Git.","migration/migration_map.csv:DELETE:git:pre-nwp-refactor-20261002","FR-525..FR-529","pre-nwp-refactor-20261002 and pre-final-repair-20261004"
"figs/04_error_analysis/fig_grouped_full.svg","Legacy/superseded result is excluded from active outputs; tracked copy remains recoverable from Git.","migration/migration_map.csv:DELETE:git:pre-nwp-refactor-20261002","FR-525..FR-529","pre-nwp-refactor-20261002 and pre-final-repair-20261004"
"figs/04_error_analysis/fig_shap_interaction.png","Legacy/superseded result is excluded from active outputs; tracked copy remains recoverable from Git.","migration/migration_map.csv:DELETE:git:pre-nwp-refactor-20261002","FR-525..FR-529","pre-nwp-refactor-20261002 and pre-final-repair-20261004"
"figs/04_error_analysis/fig_shap_interaction.svg","Legacy/superseded result is excluded from active outputs; tracked copy remains recoverable from Git.","migration/migration_map.csv:DELETE:git:pre-nwp-refactor-20261002","FR-525..FR-529","pre-nwp-refactor-20261002 and pre-final-repair-20261004"
"figs/04_error_analysis/fig_shap_lead_region.png","Legacy/superseded result is excluded from active outputs; tracked copy remains recoverable from Git.","migration/migration_map.csv:DELETE:git:pre-nwp-refactor-20261002","FR-525..FR-529","pre-nwp-refactor-20261002 and pre-final-repair-20261004"
"figs/04_error_analysis/fig_shap_lead_region.svg","Legacy/superseded result is excluded from active outputs; tracked copy remains recoverable from Git.","migration/migration_map.csv:DELETE:git:pre-nwp-refactor-20261002","FR-525..FR-529","pre-nwp-refactor-20261002 and pre-final-repair-20261004"
"figs/04_error_analysis/fig_shap_quantile.png","Legacy/superseded result is excluded from active outputs; tracked copy remains recoverable from Git.","migration/migration_map.csv:DELETE:git:pre-nwp-refactor-20261002","FR-525..FR-529","pre-nwp-refactor-20261002 and pre-final-repair-20261004"
"figs/04_error_analysis/fig_shap_quantile.svg","Legacy/superseded result is excluded from active outputs; tracked copy remains recoverable from Git.","migration/migration_map.csv:DELETE:git:pre-nwp-refactor-20261002","FR-525..FR-529","pre-nwp-refactor-20261002 and pre-final-repair-20261004"
"figs/05_robustness/fig_dm_conformal_full.png","Legacy/superseded result is excluded from active outputs; tracked copy remains recoverable from Git.","migration/migration_map.csv:DELETE:git:pre-nwp-refactor-20261002","FR-525..FR-529","pre-nwp-refactor-20261002 and pre-final-repair-20261004"
"figs/05_robustness/fig_dm_conformal_full.svg","Legacy/superseded result is excluded from active outputs; tracked copy remains recoverable from Git.","migration/migration_map.csv:DELETE:git:pre-nwp-refactor-20261002","FR-525..FR-529","pre-nwp-refactor-20261002 and pre-final-repair-20261004"
"figs/06_probability/00_comparison/fig_calibration_effect_full.png","Legacy/superseded result is excluded from active outputs; tracked copy remains recoverable from Git.","migration/migration_map.csv:DELETE:git:pre-nwp-refactor-20261002","FR-525..FR-529","pre-nwp-refactor-20261002 and pre-final-repair-20261004"
"figs/06_probability/00_comparison/fig_calibration_effect_full.svg","Legacy/superseded result is excluded from active outputs; tracked copy remains recoverable from Git.","migration/migration_map.csv:DELETE:git:pre-nwp-refactor-20261002","FR-525..FR-529","pre-nwp-refactor-20261002 and pre-final-repair-20261004"
"figs/06_probability/00_comparison/fig_reliability_full.png","Legacy/superseded result is excluded from active outputs; tracked copy remains recoverable from Git.","migration/migration_map.csv:DELETE:git:pre-nwp-refactor-20261002","FR-525..FR-529","pre-nwp-refactor-20261002 and pre-final-repair-20261004"
"figs/06_probability/00_comparison/fig_reliability_full.svg","Legacy/superseded result is excluded from active outputs; tracked copy remains recoverable from Git.","migration/migration_map.csv:DELETE:git:pre-nwp-refactor-20261002","FR-525..FR-529","pre-nwp-refactor-20261002 and pre-final-repair-20261004"
"figs/06_probability/fig_pit_grouped.png","Legacy/superseded result is excluded from active outputs; tracked copy remains recoverable from Git.","migration/migration_map.csv:DELETE:git:pre-nwp-refactor-20261002","FR-525..FR-529","pre-nwp-refactor-20261002 and pre-final-repair-20261004"
"figs/06_probability/fig_pit_grouped.svg","Legacy/superseded result is excluded from active outputs; tracked copy remains recoverable from Git.","migration/migration_map.csv:DELETE:git:pre-nwp-refactor-20261002","FR-525..FR-529","pre-nwp-refactor-20261002 and pre-final-repair-20261004"
"figs/06_probability/v1_ml/cloud/fig_probability_lead_feature.png","Legacy/superseded result is excluded from active outputs; tracked copy remains recoverable from Git.","migration/migration_map.csv:DELETE:git:pre-nwp-refactor-20261002","FR-525..FR-529","pre-nwp-refactor-20261002 and pre-final-repair-20261004"
"figs/06_probability/v1_ml/cloud/fig_probability_lead_feature.svg","Legacy/superseded result is excluded from active outputs; tracked copy remains recoverable from Git.","migration/migration_map.csv:DELETE:git:pre-nwp-refactor-20261002","FR-525..FR-529","pre-nwp-refactor-20261002 and pre-final-repair-20261004"
"figs/06_probability/v1_ml/cloud/fig_probability_per_lead.png","Legacy/superseded result is excluded from active outputs; tracked copy remains recoverable from Git.","migration/migration_map.csv:DELETE:git:pre-nwp-refactor-20261002","FR-525..FR-529","pre-nwp-refactor-20261002 and pre-final-repair-20261004"
"figs/06_probability/v1_ml/cloud/fig_probability_per_lead.svg","Legacy/superseded result is excluded from active outputs; tracked copy remains recoverable from Git.","migration/migration_map.csv:DELETE:git:pre-nwp-refactor-20261002","FR-525..FR-529","pre-nwp-refactor-20261002 and pre-final-repair-20261004"
"figs/06_probability/v1_ml/ghi/fig_probability_lead_feature.png","Legacy/superseded result is excluded from active outputs; tracked copy remains recoverable from Git.","migration/migration_map.csv:DELETE:git:pre-nwp-refactor-20261002","FR-525..FR-529","pre-nwp-refactor-20261002 and pre-final-repair-20261004"
"figs/06_probability/v1_ml/ghi/fig_probability_lead_feature.svg","Legacy/superseded result is excluded from active outputs; tracked copy remains recoverable from Git.","migration/migration_map.csv:DELETE:git:pre-nwp-refactor-20261002","FR-525..FR-529","pre-nwp-refactor-20261002 and pre-final-repair-20261004"
"figs/06_probability/v1_ml/ghi/fig_probability_per_lead.png","Legacy/superseded result is excluded from active outputs; tracked copy remains recoverable from Git.","migration/migration_map.csv:DELETE:git:pre-nwp-refactor-20261002","FR-525..FR-529","pre-nwp-refactor-20261002 and pre-final-repair-20261004"
"figs/06_probability/v1_ml/ghi/fig_probability_per_lead.svg","Legacy/superseded result is excluded from active outputs; tracked copy remains recoverable from Git.","migration/migration_map.csv:DELETE:git:pre-nwp-refactor-20261002","FR-525..FR-529","pre-nwp-refactor-20261002 and pre-final-repair-20261004"
"figs/README.md","Legacy/superseded result is excluded from active outputs; tracked copy remains recoverable from Git.","migration/migration_map.csv:DELETE:git:pre-nwp-refactor-20261002","FR-525..FR-529","pre-nwp-refactor-20261002 and pre-final-repair-20261004"
"legacy/README.md","Delete only after its behavior is mapped or proven inactive and recoverable from the tag.","migration/migration_map.csv:DELETE:git:pre-nwp-refactor-20261002","FR-525..FR-529","pre-nwp-refactor-20261002 and pre-final-repair-20261004"
"legacy/s01_data/features/features.py","Delete only after its behavior is mapped or proven inactive and recoverable from the tag.","migration/migration_map.csv:DELETE:git:pre-nwp-refactor-20261002","FR-525..FR-529","pre-nwp-refactor-20261002 and pre-final-repair-20261004"
"legacy/s02_experiment/cv_month_balanced_quantile.py","Delete only after its behavior is mapped or proven inactive and recoverable from the tag.","migration/migration_map.csv:DELETE:git:pre-nwp-refactor-20261002","FR-525..FR-529","pre-nwp-refactor-20261002 and pre-final-repair-20261004"
"legacy/s03_models/train/train_quantile_v1.py","Delete only after its behavior is mapped or proven inactive and recoverable from the tag.","migration/migration_map.csv:DELETE:git:pre-nwp-refactor-20261002","FR-525..FR-529","pre-nwp-refactor-20261002 and pre-final-repair-20261004"
"legacy/s04_evaluation/analysis/audit_data_quality.py","Delete only after its behavior is mapped or proven inactive and recoverable from the tag.","migration/migration_map.csv:DELETE:git:pre-nwp-refactor-20261002","FR-525..FR-529","pre-nwp-refactor-20261002 and pre-final-repair-20261004"
"legacy/s04_evaluation/analysis/audit_gfs_semantics.py","Delete only after its behavior is mapped or proven inactive and recoverable from the tag.","migration/migration_map.csv:DELETE:git:pre-nwp-refactor-20261002","FR-525..FR-529","pre-nwp-refactor-20261002 and pre-final-repair-20261004"
"legacy/s04_evaluation/analysis/audit_source_grid.py","Delete only after its behavior is mapped or proven inactive and recoverable from the tag.","migration/migration_map.csv:DELETE:git:pre-nwp-refactor-20261002","FR-525..FR-529","pre-nwp-refactor-20261002 and pre-final-repair-20261004"
"legacy/s04_evaluation/analysis/batch1_eval.py","Delete only after its behavior is mapped or proven inactive and recoverable from the tag.","migration/migration_map.csv:DELETE:git:pre-nwp-refactor-20261002","FR-525..FR-529","pre-nwp-refactor-20261002 and pre-final-repair-20261004"
"legacy/s04_evaluation/analysis/collinearity_ablation.py","Delete only after its behavior is mapped or proven inactive and recoverable from the tag.","migration/migration_map.csv:DELETE:git:pre-nwp-refactor-20261002","FR-525..FR-529","pre-nwp-refactor-20261002 and pre-final-repair-20261004"
"legacy/s04_evaluation/analysis/data_availability.py","Delete only after its behavior is mapped or proven inactive and recoverable from the tag.","migration/migration_map.csv:DELETE:git:pre-nwp-refactor-20261002","FR-525..FR-529","pre-nwp-refactor-20261002 and pre-final-repair-20261004"
"legacy/s04_evaluation/analysis/diagnostics_local.py","Delete only after its behavior is mapped or proven inactive and recoverable from the tag.","migration/migration_map.csv:DELETE:git:pre-nwp-refactor-20261002","FR-525..FR-529","pre-nwp-refactor-20261002 and pre-final-repair-20261004"
"legacy/s04_evaluation/analysis/downstream2_local.py","Delete only after its behavior is mapped or proven inactive and recoverable from the tag.","migration/migration_map.csv:DELETE:git:pre-nwp-refactor-20261002","FR-525..FR-529","pre-nwp-refactor-20261002 and pre-final-repair-20261004"
"legacy/s04_evaluation/analysis/downstream_full.py","Delete only after its behavior is mapped or proven inactive and recoverable from the tag.","migration/migration_map.csv:DELETE:git:pre-nwp-refactor-20261002","FR-525..FR-529","pre-nwp-refactor-20261002 and pre-final-repair-20261004"
"legacy/s04_evaluation/analysis/error_analysis.py","Delete only after its behavior is mapped or proven inactive and recoverable from the tag.","migration/migration_map.csv:DELETE:git:pre-nwp-refactor-20261002","FR-525..FR-529","pre-nwp-refactor-20261002 and pre-final-repair-20261004"
"legacy/s04_evaluation/analysis/fetch_grid_ghi.py","Delete only after its behavior is mapped or proven inactive and recoverable from the tag.","migration/migration_map.csv:DELETE:git:pre-nwp-refactor-20261002","FR-525..FR-529","pre-nwp-refactor-20261002 and pre-final-repair-20261004"
"legacy/s04_evaluation/analysis/figures_data_audit.py","Delete only after its behavior is mapped or proven inactive and recoverable from the tag.","migration/migration_map.csv:DELETE:git:pre-nwp-refactor-20261002","FR-525..FR-529","pre-nwp-refactor-20261002 and pre-final-repair-20261004"
"legacy/s04_evaluation/analysis/geo_jiangsu.py","Delete only after its behavior is mapped or proven inactive and recoverable from the tag.","migration/migration_map.csv:DELETE:git:pre-nwp-refactor-20261002","FR-525..FR-529","pre-nwp-refactor-20261002 and pre-final-repair-20261004"
"legacy/s04_evaluation/analysis/plot_agreement.py","Delete only after its behavior is mapped or proven inactive and recoverable from the tag.","migration/migration_map.csv:DELETE:git:pre-nwp-refactor-20261002","FR-525..FR-529","pre-nwp-refactor-20261002 and pre-final-repair-20261004"
"legacy/s04_evaluation/analysis/plot_agreement_full.py","Delete only after its behavior is mapped or proven inactive and recoverable from the tag.","migration/migration_map.csv:DELETE:git:pre-nwp-refactor-20261002","FR-525..FR-529","pre-nwp-refactor-20261002 and pre-final-repair-20261004"
"legacy/s04_evaluation/analysis/plot_batch_figures.py","Delete only after its behavior is mapped or proven inactive and recoverable from the tag.","migration/migration_map.csv:DELETE:git:pre-nwp-refactor-20261002","FR-525..FR-529","pre-nwp-refactor-20261002 and pre-final-repair-20261004"
"legacy/s04_evaluation/analysis/plot_common.py","Delete only after its behavior is mapped or proven inactive and recoverable from the tag.","migration/migration_map.csv:DELETE:git:pre-nwp-refactor-20261002","FR-525..FR-529","pre-nwp-refactor-20261002 and pre-final-repair-20261004"
"legacy/s04_evaluation/analysis/plot_deep_quantile.py","Delete only after its behavior is mapped or proven inactive and recoverable from the tag.","migration/migration_map.csv:DELETE:git:pre-nwp-refactor-20261002","FR-525..FR-529","pre-nwp-refactor-20261002 and pre-final-repair-20261004"
"legacy/s04_evaluation/analysis/plot_pipeline_preview.py","Delete only after its behavior is mapped or proven inactive and recoverable from the tag.","migration/migration_map.csv:DELETE:git:pre-nwp-refactor-20261002","FR-525..FR-529","pre-nwp-refactor-20261002 and pre-final-repair-20261004"
"legacy/s04_evaluation/analysis/plot_quantile_results.py","Delete only after its behavior is mapped or proven inactive and recoverable from the tag.","migration/migration_map.csv:DELETE:git:pre-nwp-refactor-20261002","FR-525..FR-529","pre-nwp-refactor-20261002 and pre-final-repair-20261004"
"legacy/s04_evaluation/analysis/plot_site_figs.py","Delete only after its behavior is mapped or proven inactive and recoverable from the tag.","migration/migration_map.csv:DELETE:git:pre-nwp-refactor-20261002","FR-525..FR-529","pre-nwp-refactor-20261002 and pre-final-repair-20261004"
"legacy/s04_evaluation/analysis/plot_spatial_jiangsu.py","Delete only after its behavior is mapped or proven inactive and recoverable from the tag.","migration/migration_map.csv:DELETE:git:pre-nwp-refactor-20261002","FR-525..FR-529","pre-nwp-refactor-20261002 and pre-final-repair-20261004"
"legacy/s04_evaluation/analysis/plot_weather_profiles.py","Delete only after its behavior is mapped or proven inactive and recoverable from the tag.","migration/migration_map.csv:DELETE:git:pre-nwp-refactor-20261002","FR-525..FR-529","pre-nwp-refactor-20261002 and pre-final-repair-20261004"
"legacy/s04_evaluation/analysis/shap_analysis.py","Delete only after its behavior is mapped or proven inactive and recoverable from the tag.","migration/migration_map.csv:DELETE:git:pre-nwp-refactor-20261002","FR-525..FR-529","pre-nwp-refactor-20261002 and pre-final-repair-20261004"
"legacy/s04_evaluation/verification/kt_grouping_stability.py","Delete only after its behavior is mapped or proven inactive and recoverable from the tag.","migration/migration_map.csv:DELETE:git:pre-nwp-refactor-20261002","FR-525..FR-529","pre-nwp-refactor-20261002 and pre-final-repair-20261004"
"legacy/s04_evaluation/verification/verification_robustness.py","Delete only after its behavior is mapped or proven inactive and recoverable from the tag.","migration/migration_map.csv:DELETE:git:pre-nwp-refactor-20261002","FR-525..FR-529","pre-nwp-refactor-20261002 and pre-final-repair-20261004"
"legacy/scripts/03_train/run_deep_quantile.ps1","Delete only after its behavior is mapped or proven inactive and recoverable from the tag.","migration/migration_map.csv:DELETE:git:pre-nwp-refactor-20261002","FR-525..FR-529","pre-nwp-refactor-20261002 and pre-final-repair-20261004"
"legacy/scripts/05_server/README.md","Delete only after its behavior is mapped or proven inactive and recoverable from the tag.","migration/migration_map.csv:DELETE:git:pre-nwp-refactor-20261002","FR-525..FR-529","pre-nwp-refactor-20261002 and pre-final-repair-20261004"
"legacy/scripts/05_server/auto_resume.sh","Delete only after its behavior is mapped or proven inactive and recoverable from the tag.","migration/migration_map.csv:DELETE:git:pre-nwp-refactor-20261002","FR-525..FR-529","pre-nwp-refactor-20261002 and pre-final-repair-20261004"
"legacy/scripts/05_server/auto_shutdown.sh","Delete only after its behavior is mapped or proven inactive and recoverable from the tag.","migration/migration_map.csv:DELETE:git:pre-nwp-refactor-20261002","FR-525..FR-529","pre-nwp-refactor-20261002 and pre-final-repair-20261004"
"legacy/scripts/05_server/boot_hook.sh","Delete only after its behavior is mapped or proven inactive and recoverable from the tag.","migration/migration_map.csv:DELETE:git:pre-nwp-refactor-20261002","FR-525..FR-529","pre-nwp-refactor-20261002 and pre-final-repair-20261004"
"legacy/scripts/05_server/check_server.sh","Delete only after its behavior is mapped or proven inactive and recoverable from the tag.","migration/migration_map.csv:DELETE:git:pre-nwp-refactor-20261002","FR-525..FR-529","pre-nwp-refactor-20261002 and pre-final-repair-20261004"
"legacy/scripts/05_server/local_collect.py","Delete only after its behavior is mapped or proven inactive and recoverable from the tag.","migration/migration_map.csv:DELETE:git:pre-nwp-refactor-20261002","FR-525..FR-529","pre-nwp-refactor-20261002 and pre-final-repair-20261004"
"legacy/scripts/05_server/remote.py","Delete only after its behavior is mapped or proven inactive and recoverable from the tag.","migration/migration_map.csv:DELETE:git:pre-nwp-refactor-20261002","FR-525..FR-529","pre-nwp-refactor-20261002 and pre-final-repair-20261004"
"legacy/scripts/05_server/run_deep_formal.sh","Delete only after its behavior is mapped or proven inactive and recoverable from the tag.","migration/migration_map.csv:DELETE:git:pre-nwp-refactor-20261002","FR-525..FR-529","pre-nwp-refactor-20261002 and pre-final-repair-20261004"
"legacy/scripts/05_server/run_deep_only.sh","Delete only after its behavior is mapped or proven inactive and recoverable from the tag.","migration/migration_map.csv:DELETE:git:pre-nwp-refactor-20261002","FR-525..FR-529","pre-nwp-refactor-20261002 and pre-final-repair-20261004"
"legacy/scripts/05_server/run_sens_top.sh","Delete only after its behavior is mapped or proven inactive and recoverable from the tag.","migration/migration_map.csv:DELETE:git:pre-nwp-refactor-20261002","FR-525..FR-529","pre-nwp-refactor-20261002 and pre-final-repair-20261004"
"legacy/scripts/05_server/run_sens_top_deep.sh","Delete only after its behavior is mapped or proven inactive and recoverable from the tag.","migration/migration_map.csv:DELETE:git:pre-nwp-refactor-20261002","FR-525..FR-529","pre-nwp-refactor-20261002 and pre-final-repair-20261004"
"legacy/scripts/05_server/run_server_full.sh","Delete only after its behavior is mapped or proven inactive and recoverable from the tag.","migration/migration_map.csv:DELETE:git:pre-nwp-refactor-20261002","FR-525..FR-529","pre-nwp-refactor-20261002 and pre-final-repair-20261004"
"legacy/scripts/05_server/watch.sh","Delete only after its behavior is mapped or proven inactive and recoverable from the tag.","migration/migration_map.csv:DELETE:git:pre-nwp-refactor-20261002","FR-525..FR-529","pre-nwp-refactor-20261002 and pre-final-repair-20261004"
"legacy/scripts/06_validate/validate_project.py","Delete only after its behavior is mapped or proven inactive and recoverable from the tag.","migration/migration_map.csv:DELETE:git:pre-nwp-refactor-20261002","FR-525..FR-529","pre-nwp-refactor-20261002 and pre-final-repair-20261004"
"figs/nanjing_15var_diagnostic/01_data/fig_cloud_error_ghi_error_hexbin.pdf","Legacy/superseded result is excluded from active outputs; tracked copy remains recoverable from Git.","migration/migration_map.csv:DELETE:git:pre-nwp-refactor-20261002","FR-525..FR-529","pre-nwp-refactor-20261002 and pre-final-repair-20261004"
"figs/nanjing_15var_diagnostic/01_data/fig_cloud_error_ghi_error_hexbin.png","Legacy/superseded result is excluded from active outputs; tracked copy remains recoverable from Git.","migration/migration_map.csv:DELETE:git:pre-nwp-refactor-20261002","FR-525..FR-529","pre-nwp-refactor-20261002 and pre-final-repair-20261004"
"figs/nanjing_15var_diagnostic/01_data/fig_cloud_error_ghi_error_hexbin.svg","Legacy/superseded result is excluded from active outputs; tracked copy remains recoverable from Git.","migration/migration_map.csv:DELETE:git:pre-nwp-refactor-20261002","FR-525..FR-529","pre-nwp-refactor-20261002 and pre-final-repair-20261004"
"figs/nanjing_15var_diagnostic/01_data/fig_cloud_error_ghi_error_hexbin_source.csv","Legacy/superseded result is excluded from active outputs; tracked copy remains recoverable from Git.","migration/migration_map.csv:DELETE:git:pre-nwp-refactor-20261002","FR-525..FR-529","pre-nwp-refactor-20261002 and pre-final-repair-20261004"
"figs/nanjing_15var_diagnostic/01_data/fig_data_source_timeline.png","Legacy/superseded result is excluded from active outputs; tracked copy remains recoverable from Git.","migration/migration_map.csv:DELETE:git:pre-nwp-refactor-20261002","FR-525..FR-529","pre-nwp-refactor-20261002 and pre-final-repair-20261004"
"figs/nanjing_15var_diagnostic/01_data/fig_data_source_timeline.svg","Legacy/superseded result is excluded from active outputs; tracked copy remains recoverable from Git.","migration/migration_map.csv:DELETE:git:pre-nwp-refactor-20261002","FR-525..FR-529","pre-nwp-refactor-20261002 and pre-final-repair-20261004"
"figs/nanjing_15var_diagnostic/01_data/fig_data_source_timeline_source.csv","Legacy/superseded result is excluded from active outputs; tracked copy remains recoverable from Git.","migration/migration_map.csv:DELETE:git:pre-nwp-refactor-20261002","FR-525..FR-529","pre-nwp-refactor-20261002 and pre-final-repair-20261004"
"figs/nanjing_15var_diagnostic/01_data/fig_feature_distribution_hexbin.png","Legacy/superseded result is excluded from active outputs; tracked copy remains recoverable from Git.","migration/migration_map.csv:DELETE:git:pre-nwp-refactor-20261002","FR-525..FR-529","pre-nwp-refactor-20261002 and pre-final-repair-20261004"
"figs/nanjing_15var_diagnostic/01_data/fig_feature_distribution_hexbin.svg","Legacy/superseded result is excluded from active outputs; tracked copy remains recoverable from Git.","migration/migration_map.csv:DELETE:git:pre-nwp-refactor-20261002","FR-525..FR-529","pre-nwp-refactor-20261002 and pre-final-repair-20261004"
"figs/nanjing_15var_diagnostic/01_data/fig_feature_distribution_hexbin_source.csv","Legacy/superseded result is excluded from active outputs; tracked copy remains recoverable from Git.","migration/migration_map.csv:DELETE:git:pre-nwp-refactor-20261002","FR-525..FR-529","pre-nwp-refactor-20261002 and pre-final-repair-20261004"
"figs/nanjing_15var_diagnostic/03_model_benchmark/all_cpu_rmse_by_fold.csv","Legacy/superseded result is excluded from active outputs; tracked copy remains recoverable from Git.","migration/migration_map.csv:DELETE:git:pre-nwp-refactor-20261002","FR-525..FR-529","pre-nwp-refactor-20261002 and pre-final-repair-20261004"
"figs/nanjing_15var_diagnostic/03_model_benchmark/all_cpu_rmse_by_lead.csv","Legacy/superseded result is excluded from active outputs; tracked copy remains recoverable from Git.","migration/migration_map.csv:DELETE:git:pre-nwp-refactor-20261002","FR-525..FR-529","pre-nwp-refactor-20261002 and pre-final-repair-20261004"
"figs/nanjing_15var_diagnostic/03_model_benchmark/all_cpu_rmse_overall.csv","Legacy/superseded result is excluded from active outputs; tracked copy remains recoverable from Git.","migration/migration_map.csv:DELETE:git:pre-nwp-refactor-20261002","FR-525..FR-529","pre-nwp-refactor-20261002 and pre-final-repair-20261004"
"figs/nanjing_15var_diagnostic/03_model_benchmark/fig_cpu_improvement_vs_raw.png","Legacy/superseded result is excluded from active outputs; tracked copy remains recoverable from Git.","migration/migration_map.csv:DELETE:git:pre-nwp-refactor-20261002","FR-525..FR-529","pre-nwp-refactor-20261002 and pre-final-repair-20261004"
"figs/nanjing_15var_diagnostic/03_model_benchmark/fig_cpu_improvement_vs_raw.svg","Legacy/superseded result is excluded from active outputs; tracked copy remains recoverable from Git.","migration/migration_map.csv:DELETE:git:pre-nwp-refactor-20261002","FR-525..FR-529","pre-nwp-refactor-20261002 and pre-final-repair-20261004"
"figs/nanjing_15var_diagnostic/03_model_benchmark/fig_cpu_improvement_vs_raw_source.csv","Legacy/superseded result is excluded from active outputs; tracked copy remains recoverable from Git.","migration/migration_map.csv:DELETE:git:pre-nwp-refactor-20261002","FR-525..FR-529","pre-nwp-refactor-20261002 and pre-final-repair-20261004"
"figs/nanjing_15var_diagnostic/03_model_benchmark/fig_cpu_lead_performance.png","Legacy/superseded result is excluded from active outputs; tracked copy remains recoverable from Git.","migration/migration_map.csv:DELETE:git:pre-nwp-refactor-20261002","FR-525..FR-529","pre-nwp-refactor-20261002 and pre-final-repair-20261004"
"figs/nanjing_15var_diagnostic/03_model_benchmark/fig_cpu_lead_performance.svg","Legacy/superseded result is excluded from active outputs; tracked copy remains recoverable from Git.","migration/migration_map.csv:DELETE:git:pre-nwp-refactor-20261002","FR-525..FR-529","pre-nwp-refactor-20261002 and pre-final-repair-20261004"
"figs/nanjing_15var_diagnostic/03_model_benchmark/fig_cpu_lead_performance_source.csv","Legacy/superseded result is excluded from active outputs; tracked copy remains recoverable from Git.","migration/migration_map.csv:DELETE:git:pre-nwp-refactor-20261002","FR-525..FR-529","pre-nwp-refactor-20261002 and pre-final-repair-20261004"
"figs/nanjing_15var_diagnostic/03_model_benchmark/fig_cpu_overall_pinball.png","Legacy/superseded result is excluded from active outputs; tracked copy remains recoverable from Git.","migration/migration_map.csv:DELETE:git:pre-nwp-refactor-20261002","FR-525..FR-529","pre-nwp-refactor-20261002 and pre-final-repair-20261004"
"figs/nanjing_15var_diagnostic/03_model_benchmark/fig_cpu_overall_pinball.svg","Legacy/superseded result is excluded from active outputs; tracked copy remains recoverable from Git.","migration/migration_map.csv:DELETE:git:pre-nwp-refactor-20261002","FR-525..FR-529","pre-nwp-refactor-20261002 and pre-final-repair-20261004"
"figs/nanjing_15var_diagnostic/03_model_benchmark/fig_cpu_overall_pinball_source.csv","Legacy/superseded result is excluded from active outputs; tracked copy remains recoverable from Git.","migration/migration_map.csv:DELETE:git:pre-nwp-refactor-20261002","FR-525..FR-529","pre-nwp-refactor-20261002 and pre-final-repair-20261004"
"figs/nanjing_15var_diagnostic/03_model_benchmark/fig_tuning_candidates.png","Legacy/superseded result is excluded from active outputs; tracked copy remains recoverable from Git.","migration/migration_map.csv:DELETE:git:pre-nwp-refactor-20261002","FR-525..FR-529","pre-nwp-refactor-20261002 and pre-final-repair-20261004"
"figs/nanjing_15var_diagnostic/03_model_benchmark/fig_tuning_candidates.svg","Legacy/superseded result is excluded from active outputs; tracked copy remains recoverable from Git.","migration/migration_map.csv:DELETE:git:pre-nwp-refactor-20261002","FR-525..FR-529","pre-nwp-refactor-20261002 and pre-final-repair-20261004"
"figs/nanjing_15var_diagnostic/03_model_benchmark/fig_tuning_candidates_source.csv","Legacy/superseded result is excluded from active outputs; tracked copy remains recoverable from Git.","migration/migration_map.csv:DELETE:git:pre-nwp-refactor-20261002","FR-525..FR-529","pre-nwp-refactor-20261002 and pre-final-repair-20261004"
"figs/nanjing_15var_diagnostic/03_model_benchmark/fig_value_ladder.png","Legacy/superseded result is excluded from active outputs; tracked copy remains recoverable from Git.","migration/migration_map.csv:DELETE:git:pre-nwp-refactor-20261002","FR-525..FR-529","pre-nwp-refactor-20261002 and pre-final-repair-20261004"
"figs/nanjing_15var_diagnostic/03_model_benchmark/fig_value_ladder.svg","Legacy/superseded result is excluded from active outputs; tracked copy remains recoverable from Git.","migration/migration_map.csv:DELETE:git:pre-nwp-refactor-20261002","FR-525..FR-529","pre-nwp-refactor-20261002 and pre-final-repair-20261004"
"figs/nanjing_15var_diagnostic/03_model_benchmark/fixed_rmse_by_fold.csv","Legacy/superseded result is excluded from active outputs; tracked copy remains recoverable from Git.","migration/migration_map.csv:DELETE:git:pre-nwp-refactor-20261002","FR-525..FR-529","pre-nwp-refactor-20261002 and pre-final-repair-20261004"
"figs/nanjing_15var_diagnostic/03_model_benchmark/fixed_rmse_by_fold_lead.csv","Legacy/superseded result is excluded from active outputs; tracked copy remains recoverable from Git.","migration/migration_map.csv:DELETE:git:pre-nwp-refactor-20261002","FR-525..FR-529","pre-nwp-refactor-20261002 and pre-final-repair-20261004"
"figs/nanjing_15var_diagnostic/03_model_benchmark/fixed_rmse_overall.csv","Legacy/superseded result is excluded from active outputs; tracked copy remains recoverable from Git.","migration/migration_map.csv:DELETE:git:pre-nwp-refactor-20261002","FR-525..FR-529","pre-nwp-refactor-20261002 and pre-final-repair-20261004"
"figs/nanjing_15var_diagnostic/04_probability/fig_coverage_reliability.png","Legacy/superseded result is excluded from active outputs; tracked copy remains recoverable from Git.","migration/migration_map.csv:DELETE:git:pre-nwp-refactor-20261002","FR-525..FR-529","pre-nwp-refactor-20261002 and pre-final-repair-20261004"
"figs/nanjing_15var_diagnostic/04_probability/fig_coverage_reliability.svg","Legacy/superseded result is excluded from active outputs; tracked copy remains recoverable from Git.","migration/migration_map.csv:DELETE:git:pre-nwp-refactor-20261002","FR-525..FR-529","pre-nwp-refactor-20261002 and pre-final-repair-20261004"
"figs/nanjing_15var_diagnostic/04_probability/fig_coverage_reliability_source.csv","Legacy/superseded result is excluded from active outputs; tracked copy remains recoverable from Git.","migration/migration_map.csv:DELETE:git:pre-nwp-refactor-20261002","FR-525..FR-529","pre-nwp-refactor-20261002 and pre-final-repair-20261004"
"figs/nanjing_15var_diagnostic/04_probability/fig_coverage_width.png","Legacy/superseded result is excluded from active outputs; tracked copy remains recoverable from Git.","migration/migration_map.csv:DELETE:git:pre-nwp-refactor-20261002","FR-525..FR-529","pre-nwp-refactor-20261002 and pre-final-repair-20261004"
"figs/nanjing_15var_diagnostic/04_probability/fig_coverage_width.svg","Legacy/superseded result is excluded from active outputs; tracked copy remains recoverable from Git.","migration/migration_map.csv:DELETE:git:pre-nwp-refactor-20261002","FR-525..FR-529","pre-nwp-refactor-20261002 and pre-final-repair-20261004"
"figs/nanjing_15var_diagnostic/04_probability/fig_coverage_width_source.csv","Legacy/superseded result is excluded from active outputs; tracked copy remains recoverable from Git.","migration/migration_map.csv:DELETE:git:pre-nwp-refactor-20261002","FR-525..FR-529","pre-nwp-refactor-20261002 and pre-final-repair-20261004"
"figs/nanjing_15var_diagnostic/04_probability/fig_quantile_case.png","Legacy/superseded result is excluded from active outputs; tracked copy remains recoverable from Git.","migration/migration_map.csv:DELETE:git:pre-nwp-refactor-20261002","FR-525..FR-529","pre-nwp-refactor-20261002 and pre-final-repair-20261004"
"figs/nanjing_15var_diagnostic/04_probability/fig_quantile_case.svg","Legacy/superseded result is excluded from active outputs; tracked copy remains recoverable from Git.","migration/migration_map.csv:DELETE:git:pre-nwp-refactor-20261002","FR-525..FR-529","pre-nwp-refactor-20261002 and pre-final-repair-20261004"
"figs/nanjing_15var_diagnostic/04_probability/fig_quantile_case_source.csv","Legacy/superseded result is excluded from active outputs; tracked copy remains recoverable from Git.","migration/migration_map.csv:DELETE:git:pre-nwp-refactor-20261002","FR-525..FR-529","pre-nwp-refactor-20261002 and pre-final-repair-20261004"
"figs/nanjing_15var_diagnostic/04_probability/fig_weather_conditional_coverage.png","Legacy/superseded result is excluded from active outputs; tracked copy remains recoverable from Git.","migration/migration_map.csv:DELETE:git:pre-nwp-refactor-20261002","FR-525..FR-529","pre-nwp-refactor-20261002 and pre-final-repair-20261004"
"figs/nanjing_15var_diagnostic/04_probability/fig_weather_conditional_coverage.svg","Legacy/superseded result is excluded from active outputs; tracked copy remains recoverable from Git.","migration/migration_map.csv:DELETE:git:pre-nwp-refactor-20261002","FR-525..FR-529","pre-nwp-refactor-20261002 and pre-final-repair-20261004"
"figs/nanjing_15var_diagnostic/04_probability/fig_weather_conditional_coverage_source.csv","Legacy/superseded result is excluded from active outputs; tracked copy remains recoverable from Git.","migration/migration_map.csv:DELETE:git:pre-nwp-refactor-20261002","FR-525..FR-529","pre-nwp-refactor-20261002 and pre-final-repair-20261004"
"figs/nanjing_15var_diagnostic/05_interpretation/fig_group_ablation.png","Legacy/superseded result is excluded from active outputs; tracked copy remains recoverable from Git.","migration/migration_map.csv:DELETE:git:pre-nwp-refactor-20261002","FR-525..FR-529","pre-nwp-refactor-20261002 and pre-final-repair-20261004"
"figs/nanjing_15var_diagnostic/05_interpretation/fig_group_ablation.svg","Legacy/superseded result is excluded from active outputs; tracked copy remains recoverable from Git.","migration/migration_map.csv:DELETE:git:pre-nwp-refactor-20261002","FR-525..FR-529","pre-nwp-refactor-20261002 and pre-final-repair-20261004"
"figs/nanjing_15var_diagnostic/05_interpretation/fig_group_ablation_by_outer.csv","Legacy/superseded result is excluded from active outputs; tracked copy remains recoverable from Git.","migration/migration_map.csv:DELETE:git:pre-nwp-refactor-20261002","FR-525..FR-529","pre-nwp-refactor-20261002 and pre-final-repair-20261004"
"figs/nanjing_15var_diagnostic/05_interpretation/fig_group_ablation_source.csv","Legacy/superseded result is excluded from active outputs; tracked copy remains recoverable from Git.","migration/migration_map.csv:DELETE:git:pre-nwp-refactor-20261002","FR-525..FR-529","pre-nwp-refactor-20261002 and pre-final-repair-20261004"
"figs/nanjing_15var_diagnostic/05_interpretation/fig_group_permutation.png","Legacy/superseded result is excluded from active outputs; tracked copy remains recoverable from Git.","migration/migration_map.csv:DELETE:git:pre-nwp-refactor-20261002","FR-525..FR-529","pre-nwp-refactor-20261002 and pre-final-repair-20261004"
"figs/nanjing_15var_diagnostic/05_interpretation/fig_group_permutation.svg","Legacy/superseded result is excluded from active outputs; tracked copy remains recoverable from Git.","migration/migration_map.csv:DELETE:git:pre-nwp-refactor-20261002","FR-525..FR-529","pre-nwp-refactor-20261002 and pre-final-repair-20261004"
"figs/nanjing_15var_diagnostic/05_interpretation/fig_group_permutation_by_outer.csv","Legacy/superseded result is excluded from active outputs; tracked copy remains recoverable from Git.","migration/migration_map.csv:DELETE:git:pre-nwp-refactor-20261002","FR-525..FR-529","pre-nwp-refactor-20261002 and pre-final-repair-20261004"
"figs/nanjing_15var_diagnostic/05_interpretation/fig_group_permutation_source.csv","Legacy/superseded result is excluded from active outputs; tracked copy remains recoverable from Git.","migration/migration_map.csv:DELETE:git:pre-nwp-refactor-20261002","FR-525..FR-529","pre-nwp-refactor-20261002 and pre-final-repair-20261004"
"figs/nanjing_15var_diagnostic/05_interpretation/fig_key_feature_hexbin.png","Legacy/superseded result is excluded from active outputs; tracked copy remains recoverable from Git.","migration/migration_map.csv:DELETE:git:pre-nwp-refactor-20261002","FR-525..FR-529","pre-nwp-refactor-20261002 and pre-final-repair-20261004"
"figs/nanjing_15var_diagnostic/05_interpretation/fig_key_feature_hexbin.svg","Legacy/superseded result is excluded from active outputs; tracked copy remains recoverable from Git.","migration/migration_map.csv:DELETE:git:pre-nwp-refactor-20261002","FR-525..FR-529","pre-nwp-refactor-20261002 and pre-final-repair-20261004"
"figs/nanjing_15var_diagnostic/05_interpretation/fig_key_feature_hexbin_source.csv","Legacy/superseded result is excluded from active outputs; tracked copy remains recoverable from Git.","migration/migration_map.csv:DELETE:git:pre-nwp-refactor-20261002","FR-525..FR-529","pre-nwp-refactor-20261002 and pre-final-repair-20261004"
"figs/nanjing_15var_diagnostic/05_interpretation/fig_shap_beeswarm.png","Legacy/superseded result is excluded from active outputs; tracked copy remains recoverable from Git.","migration/migration_map.csv:DELETE:git:pre-nwp-refactor-20261002","FR-525..FR-529","pre-nwp-refactor-20261002 and pre-final-repair-20261004"
"figs/nanjing_15var_diagnostic/05_interpretation/fig_shap_beeswarm.svg","Legacy/superseded result is excluded from active outputs; tracked copy remains recoverable from Git.","migration/migration_map.csv:DELETE:git:pre-nwp-refactor-20261002","FR-525..FR-529","pre-nwp-refactor-20261002 and pre-final-repair-20261004"
"figs/nanjing_15var_diagnostic/05_interpretation/fig_shap_beeswarm_importance.csv","Legacy/superseded result is excluded from active outputs; tracked copy remains recoverable from Git.","migration/migration_map.csv:DELETE:git:pre-nwp-refactor-20261002","FR-525..FR-529","pre-nwp-refactor-20261002 and pre-final-repair-20261004"
"figs/nanjing_15var_diagnostic/05_interpretation/fig_shap_beeswarm_source.csv","Legacy/superseded result is excluded from active outputs; tracked copy remains recoverable from Git.","migration/migration_map.csv:DELETE:git:pre-nwp-refactor-20261002","FR-525..FR-529","pre-nwp-refactor-20261002 and pre-final-repair-20261004"
"figs/nanjing_15var_diagnostic/05_interpretation/model_reproduction_receipt.json","Legacy/superseded result is excluded from active outputs; tracked copy remains recoverable from Git.","migration/migration_map.csv:DELETE:git:pre-nwp-refactor-20261002","FR-525..FR-529","pre-nwp-refactor-20261002 and pre-final-repair-20261004"
"figs/nanjing_15var_diagnostic/FIGURE_CONTRACT.md","Legacy/superseded result is excluded from active outputs; tracked copy remains recoverable from Git.","migration/migration_map.csv:DELETE:git:pre-nwp-refactor-20261002","FR-525..FR-529","pre-nwp-refactor-20261002 and pre-final-repair-20261004"
"figs/nanjing_15var_diagnostic/figure_manifest.json","Legacy/superseded result is excluded from active outputs; tracked copy remains recoverable from Git.","migration/migration_map.csv:DELETE:git:pre-nwp-refactor-20261002","FR-525..FR-529","pre-nwp-refactor-20261002 and pre-final-repair-20261004"
"figs/01_data_audit/fig_cloud_endpoint_distribution.png","Legacy/superseded result is excluded from active outputs; tracked copy remains recoverable from Git.","migration/migration_map.csv:DELETE:git:pre-nwp-refactor-20261002","FR-525..FR-529","pre-nwp-refactor-20261002 and pre-final-repair-20261004"
"figs/01_data_audit/fig_cloud_endpoint_distribution.svg","Legacy/superseded result is excluded from active outputs; tracked copy remains recoverable from Git.","migration/migration_map.csv:DELETE:git:pre-nwp-refactor-20261002","FR-525..FR-529","pre-nwp-refactor-20261002 and pre-final-repair-20261004"
"figs/01_data_audit/fig_cloud_error_ghi_error_hexbin.png","Legacy/superseded result is excluded from active outputs; tracked copy remains recoverable from Git.","migration/migration_map.csv:DELETE:git:pre-nwp-refactor-20261002","FR-525..FR-529","pre-nwp-refactor-20261002 and pre-final-repair-20261004"
"figs/01_data_audit/fig_cloud_error_ghi_error_hexbin.svg","Legacy/superseded result is excluded from active outputs; tracked copy remains recoverable from Git.","migration/migration_map.csv:DELETE:git:pre-nwp-refactor-20261002","FR-525..FR-529","pre-nwp-refactor-20261002 and pre-final-repair-20261004"
"figs/01_data_audit/fig_cloud_identifiability.png","Legacy/superseded result is excluded from active outputs; tracked copy remains recoverable from Git.","migration/migration_map.csv:DELETE:git:pre-nwp-refactor-20261002","FR-525..FR-529","pre-nwp-refactor-20261002 and pre-final-repair-20261004"
"figs/01_data_audit/fig_cloud_identifiability.svg","Legacy/superseded result is excluded from active outputs; tracked copy remains recoverable from Git.","migration/migration_map.csv:DELETE:git:pre-nwp-refactor-20261002","FR-525..FR-529","pre-nwp-refactor-20261002 and pre-final-repair-20261004"
"figs/01_data_audit/fig_cloud_kt_hexbin.png","Legacy/superseded result is excluded from active outputs; tracked copy remains recoverable from Git.","migration/migration_map.csv:DELETE:git:pre-nwp-refactor-20261002","FR-525..FR-529","pre-nwp-refactor-20261002 and pre-final-repair-20261004"
"figs/01_data_audit/fig_cloud_kt_hexbin.svg","Legacy/superseded result is excluded from active outputs; tracked copy remains recoverable from Git.","migration/migration_map.csv:DELETE:git:pre-nwp-refactor-20261002","FR-525..FR-529","pre-nwp-refactor-20261002 and pre-final-repair-20261004"
"figs/01_data_audit/fig_collinearity_valid.png","Legacy/superseded result is excluded from active outputs; tracked copy remains recoverable from Git.","migration/migration_map.csv:DELETE:git:pre-nwp-refactor-20261002","FR-525..FR-529","pre-nwp-refactor-20261002 and pre-final-repair-20261004"
"figs/01_data_audit/fig_collinearity_valid.svg","Legacy/superseded result is excluded from active outputs; tracked copy remains recoverable from Git.","migration/migration_map.csv:DELETE:git:pre-nwp-refactor-20261002","FR-525..FR-529","pre-nwp-refactor-20261002 and pre-final-repair-20261004"
"figs/01_data_audit/fig_collinearity_valid1.svg","Legacy/superseded result is excluded from active outputs; tracked copy remains recoverable from Git.","migration/migration_map.csv:DELETE:git:pre-nwp-refactor-20261002","FR-525..FR-529","pre-nwp-refactor-20261002 and pre-final-repair-20261004"
"figs/01_data_audit/fig_data_overview.png","Legacy/superseded result is excluded from active outputs; tracked copy remains recoverable from Git.","migration/migration_map.csv:DELETE:git:pre-nwp-refactor-20261002","FR-525..FR-529","pre-nwp-refactor-20261002 and pre-final-repair-20261004"
"figs/01_data_audit/fig_data_overview.svg","Legacy/superseded result is excluded from active outputs; tracked copy remains recoverable from Git.","migration/migration_map.csv:DELETE:git:pre-nwp-refactor-20261002","FR-525..FR-529","pre-nwp-refactor-20261002 and pre-final-repair-20261004"
"figs/01_data_audit/fig_feature_correlation.png","Legacy/superseded result is excluded from active outputs; tracked copy remains recoverable from Git.","migration/migration_map.csv:DELETE:git:pre-nwp-refactor-20261002","FR-525..FR-529","pre-nwp-refactor-20261002 and pre-final-repair-20261004"
"figs/01_data_audit/fig_feature_correlation.svg","Legacy/superseded result is excluded from active outputs; tracked copy remains recoverable from Git.","migration/migration_map.csv:DELETE:git:pre-nwp-refactor-20261002","FR-525..FR-529","pre-nwp-refactor-20261002 and pre-final-repair-20261004"
"figs/01_data_audit/fig_gfs_availability.png","Legacy/superseded result is excluded from active outputs; tracked copy remains recoverable from Git.","migration/migration_map.csv:DELETE:git:pre-nwp-refactor-20261002","FR-525..FR-529","pre-nwp-refactor-20261002 and pre-final-repair-20261004"
"figs/01_data_audit/fig_gfs_availability.svg","Legacy/superseded result is excluded from active outputs; tracked copy remains recoverable from Git.","migration/migration_map.csv:DELETE:git:pre-nwp-refactor-20261002","FR-525..FR-529","pre-nwp-refactor-20261002 and pre-final-repair-20261004"
"figs/01_data_audit/fig_gfs_himawari_ghi_hexbin.png","Legacy/superseded result is excluded from active outputs; tracked copy remains recoverable from Git.","migration/migration_map.csv:DELETE:git:pre-nwp-refactor-20261002","FR-525..FR-529","pre-nwp-refactor-20261002 and pre-final-repair-20261004"
"figs/01_data_audit/fig_gfs_himawari_ghi_hexbin.svg","Legacy/superseded result is excluded from active outputs; tracked copy remains recoverable from Git.","migration/migration_map.csv:DELETE:git:pre-nwp-refactor-20261002","FR-525..FR-529","pre-nwp-refactor-20261002 and pre-final-repair-20261004"
"figs/01_data_audit/fig_gfs_zero_diagnostics.png","Legacy/superseded result is excluded from active outputs; tracked copy remains recoverable from Git.","migration/migration_map.csv:DELETE:git:pre-nwp-refactor-20261002","FR-525..FR-529","pre-nwp-refactor-20261002 and pre-final-repair-20261004"
"figs/01_data_audit/fig_gfs_zero_diagnostics.svg","Legacy/superseded result is excluded from active outputs; tracked copy remains recoverable from Git.","migration/migration_map.csv:DELETE:git:pre-nwp-refactor-20261002","FR-525..FR-529","pre-nwp-refactor-20261002 and pre-final-repair-20261004"
"figs/01_data_audit/fig_kt_raw_distribution.png","Legacy/superseded result is excluded from active outputs; tracked copy remains recoverable from Git.","migration/migration_map.csv:DELETE:git:pre-nwp-refactor-20261002","FR-525..FR-529","pre-nwp-refactor-20261002 and pre-final-repair-20261004"
"figs/01_data_audit/fig_kt_raw_distribution.svg","Legacy/superseded result is excluded from active outputs; tracked copy remains recoverable from Git.","migration/migration_map.csv:DELETE:git:pre-nwp-refactor-20261002","FR-525..FR-529","pre-nwp-refactor-20261002 and pre-final-repair-20261004"
"figs/01_data_audit/fig_quantile_proto.png","Legacy/superseded result is excluded from active outputs; tracked copy remains recoverable from Git.","migration/migration_map.csv:DELETE:git:pre-nwp-refactor-20261002","FR-525..FR-529","pre-nwp-refactor-20261002 and pre-final-repair-20261004"
"figs/01_data_audit/fig_quantile_proto.svg","Legacy/superseded result is excluded from active outputs; tracked copy remains recoverable from Git.","migration/migration_map.csv:DELETE:git:pre-nwp-refactor-20261002","FR-525..FR-529","pre-nwp-refactor-20261002 and pre-final-repair-20261004"
"reports/01_data_audit/cloud_endpoint_audit.csv","Legacy/superseded result is excluded from active outputs; tracked copy remains recoverable from Git.","migration/migration_map.csv:DELETE:git:pre-nwp-refactor-20261002","FR-525..FR-529","pre-nwp-refactor-20261002 and pre-final-repair-20261004"
"reports/01_data_audit/gfs_quality_audit.md","Legacy/superseded result is excluded from active outputs; tracked copy remains recoverable from Git.","migration/migration_map.csv:DELETE:git:pre-nwp-refactor-20261002","FR-525..FR-529","pre-nwp-refactor-20261002 and pre-final-repair-20261004"
"reports/01_data_audit/gfs_quality_summary.csv","Legacy/superseded result is excluded from active outputs; tracked copy remains recoverable from Git.","migration/migration_map.csv:DELETE:git:pre-nwp-refactor-20261002","FR-525..FR-529","pre-nwp-refactor-20261002 and pre-final-repair-20261004"
"reports/01_data_audit/gfs_zero_ghi_audit.csv","Legacy/superseded result is excluded from active outputs; tracked copy remains recoverable from Git.","migration/migration_map.csv:DELETE:git:pre-nwp-refactor-20261002","FR-525..FR-529","pre-nwp-refactor-20261002 and pre-final-repair-20261004"
"reports/01_data_audit/gfs_zero_ghi_cases.csv","Legacy/superseded result is excluded from active outputs; tracked copy remains recoverable from Git.","migration/migration_map.csv:DELETE:git:pre-nwp-refactor-20261002","FR-525..FR-529","pre-nwp-refactor-20261002 and pre-final-repair-20261004"
"reports/01_data_audit/kt_raw_audit.csv","Legacy/superseded result is excluded from active outputs; tracked copy remains recoverable from Git.","migration/migration_map.csv:DELETE:git:pre-nwp-refactor-20261002","FR-525..FR-529","pre-nwp-refactor-20261002 and pre-final-repair-20261004"
"reports/01_data_audit/receipt.json","Legacy/superseded result is excluded from active outputs; tracked copy remains recoverable from Git.","migration/migration_map.csv:DELETE:git:pre-nwp-refactor-20261002","FR-525..FR-529","pre-nwp-refactor-20261002 and pre-final-repair-20261004"
"reports/01_data_audit/service_grid_duplication.csv","Legacy/superseded result is excluded from active outputs; tracked copy remains recoverable from Git.","migration/migration_map.csv:DELETE:git:pre-nwp-refactor-20261002","FR-525..FR-529","pre-nwp-refactor-20261002 and pre-final-repair-20261004"
"reports/01_data_audit/source_processing_trace.md","Legacy/superseded result is excluded from active outputs; tracked copy remains recoverable from Git.","migration/migration_map.csv:DELETE:git:pre-nwp-refactor-20261002","FR-525..FR-529","pre-nwp-refactor-20261002 and pre-final-repair-20261004"
"reports/protocol_migration_audit.md","Legacy/superseded result is excluded from active outputs; tracked copy remains recoverable from Git.","migration/migration_map.csv:DELETE:git:pre-nwp-refactor-20261002","FR-525..FR-529","pre-nwp-refactor-20261002 and pre-final-repair-20261004"
"requirements.in","Preserve dependency evidence during refactor.","migration/migration_map.csv:KEEP:requirements.in","FR-525..FR-529","pre-nwp-refactor-20261002 and pre-final-repair-20261004"
"requirements.txt","Preserve dependency evidence during refactor.","migration/migration_map.csv:KEEP:requirements.txt","FR-525..FR-529","pre-nwp-refactor-20261002 and pre-final-repair-20261004"
"scripts/01_validate/run.py","Absorb script logic, then remove the standalone entry point in phase K.","migration/migration_map.csv:MERGE:src/nwp/cli.py;src/nwp/workflow/pipeline.py","FR-525..FR-529","pre-nwp-refactor-20261002 and pre-final-repair-20261004"
"scripts/02_data/audit_existing_months.py","Absorb script logic, then remove the standalone entry point in phase K.","migration/migration_map.csv:MERGE:src/nwp/data/audit.py","FR-525..FR-529","pre-nwp-refactor-20261002 and pre-final-repair-20261004"
"scripts/02_data/audit_first_outer_duration.py","Absorb script logic, then remove the standalone entry point in phase K.","migration/migration_map.csv:MERGE:src/nwp/data/audit.py","FR-525..FR-529","pre-nwp-refactor-20261002 and pre-final-repair-20261004"
"scripts/02_data/audit_legacy_log_provenance.py","Absorb script logic, then remove the standalone entry point in phase K.","migration/migration_map.csv:MERGE:src/nwp/data/audit.py","FR-525..FR-529","pre-nwp-refactor-20261002 and pre-final-repair-20261004"
"scripts/02_data/audit_legacy_truth.py","Absorb script logic, then remove the standalone entry point in phase K.","migration/migration_map.csv:MERGE:src/nwp/data/audit.py","FR-525..FR-529","pre-nwp-refactor-20261002 and pre-final-repair-20261004"
"scripts/02_data/compare_legacy_current.py","Absorb script logic, then remove the standalone entry point in phase K.","migration/migration_map.csv:MERGE:src/nwp/data/audit.py","FR-525..FR-529","pre-nwp-refactor-20261002 and pre-final-repair-20261004"
"scripts/02_data/probe_service_points.py","Absorb script logic, then remove the standalone entry point in phase K.","migration/migration_map.csv:MERGE:src/nwp/data/client.py;src/nwp/evaluation/spatial.py","FR-525..FR-529","pre-nwp-refactor-20261002 and pre-final-repair-20261004"
"scripts/02_data/run_features.py","Absorb script logic, then remove the standalone entry point in phase K.","migration/migration_map.csv:MERGE:src/nwp/features/build.py;src/nwp/cli.py","FR-525..FR-529","pre-nwp-refactor-20261002 and pre-final-repair-20261004"
"scripts/02_data/run_gfs_quality_audit.py","Absorb script logic, then remove the standalone entry point in phase K.","migration/migration_map.csv:MERGE:src/nwp/data/audit.py","FR-525..FR-529","pre-nwp-refactor-20261002 and pre-final-repair-20261004"
"scripts/05_cpu/audit_ridge_inner_trials.py","Absorb script logic, then remove the standalone entry point in phase K.","migration/migration_map.csv:MERGE:src/nwp/experiment/fitting.py;src/nwp/experiment/prediction.py;src/nwp/workflow/pipeline.py","FR-525..FR-529","pre-nwp-refactor-20261002 and pre-final-repair-20261004"
"scripts/05_cpu/run_nanjing_final_test.py","Absorb script logic, then remove the standalone entry point in phase K.","migration/migration_map.csv:MERGE:src/nwp/experiment/fitting.py;src/nwp/experiment/prediction.py;src/nwp/evaluation/metrics.py","FR-525..FR-529","pre-nwp-refactor-20261002 and pre-final-repair-20261004"
"scripts/05_cpu/run_nanjing_group_analysis.py","Absorb script logic, then remove the standalone entry point in phase K.","migration/migration_map.csv:MERGE:src/nwp/evaluation/grouped.py;src/nwp/evaluation/interpretation.py","FR-525..FR-529","pre-nwp-refactor-20261002 and pre-final-repair-20261004"
"scripts/05_cpu/run_nanjing_outer_fixed.py","Absorb script logic, then remove the standalone entry point in phase K.","migration/migration_map.csv:MERGE:src/nwp/experiment/fitting.py;src/nwp/experiment/prediction.py;src/nwp/workflow/pipeline.py","FR-525..FR-529","pre-nwp-refactor-20261002 and pre-final-repair-20261004"
"scripts/05_cpu/run_nanjing_outer_tuned.py","Absorb script logic, then remove the standalone entry point in phase K.","migration/migration_map.csv:MERGE:src/nwp/experiment/tuning.py","FR-525..FR-529","pre-nwp-refactor-20261002 and pre-final-repair-20261004"
"scripts/05_cpu/run_real_data_mini_e2e.py","Absorb script logic, then remove the standalone entry point in phase K.","migration/migration_map.csv:MERGE:src/nwp/experiment/fitting.py;src/nwp/experiment/prediction.py;src/nwp/workflow/pipeline.py","FR-525..FR-529","pre-nwp-refactor-20261002 and pre-final-repair-20261004"
"scripts/05_cpu/tune_nanjing_outer.py","Absorb script logic, then remove the standalone entry point in phase K.","migration/migration_map.csv:MERGE:src/nwp/experiment/tuning.py","FR-525..FR-529","pre-nwp-refactor-20261002 and pre-final-repair-20261004"
"scripts/13_figures/plot_nanjing_diagnostics.py","Absorb script logic, then remove the standalone entry point in phase K.","migration/migration_map.csv:MERGE:src/nwp/visualization/figures.py","FR-525..FR-529","pre-nwp-refactor-20261002 and pre-final-repair-20261004"
"scripts/13_figures/plot_nanjing_gap_sensitivity.py","Absorb script logic, then remove the standalone entry point in phase K.","migration/migration_map.csv:MERGE:src/nwp/visualization/figures.py","FR-525..FR-529","pre-nwp-refactor-20261002 and pre-final-repair-20261004"
"scripts/13_figures/plot_nanjing_groups.py","Absorb script logic, then remove the standalone entry point in phase K.","migration/migration_map.csv:MERGE:src/nwp/visualization/figures.py","FR-525..FR-529","pre-nwp-refactor-20261002 and pre-final-repair-20261004"
"scripts/13_figures/plot_nanjing_interpretation.py","Absorb script logic, then remove the standalone entry point in phase K.","migration/migration_map.csv:MERGE:src/nwp/visualization/figures.py","FR-525..FR-529","pre-nwp-refactor-20261002 and pre-final-repair-20261004"
"scripts/13_figures/plot_nanjing_outer_all.py","Absorb script logic, then remove the standalone entry point in phase K.","migration/migration_map.csv:MERGE:src/nwp/visualization/figures.py","FR-525..FR-529","pre-nwp-refactor-20261002 and pre-final-repair-20261004"
"scripts/13_figures/plot_nanjing_probability.py","Absorb script logic, then remove the standalone entry point in phase K.","migration/migration_map.csv:MERGE:src/nwp/visualization/figures.py","FR-525..FR-529","pre-nwp-refactor-20261002 and pre-final-repair-20261004"
"scripts/13_figures/plot_nanjing_tuning.py","Absorb script logic, then remove the standalone entry point in phase K.","migration/migration_map.csv:MERGE:src/nwp/visualization/figures.py","FR-525..FR-529","pre-nwp-refactor-20261002 and pre-final-repair-20261004"
"scripts/run_stage.py","Absorb script logic, then remove the standalone entry point in phase K.","migration/migration_map.csv:MERGE:src/nwp/cli.py;src/nwp/workflow/pipeline.py","FR-525..FR-529","pre-nwp-refactor-20261002 and pre-final-repair-20261004"
"src/s01_core/__init__.py","Preserve required exports; compatibility-only exports are not retained.","migration/migration_map.csv:MERGE:src/nwp/core/__init__.py","FR-525..FR-529","pre-nwp-refactor-20261002 and pre-final-repair-20261004"
"src/s01_core/config_loader.py","Extract all active behavior before removing the old module.","migration/migration_map.csv:MERGE:src/nwp/core/config.py","FR-525..FR-529","pre-nwp-refactor-20261002 and pre-final-repair-20261004"
"src/s01_core/provenance.py","Extract all active behavior before removing the old module.","migration/migration_map.csv:MERGE:src/nwp/core/provenance.py","FR-525..FR-529","pre-nwp-refactor-20261002 and pre-final-repair-20261004"
"src/s01_core/registry.py","Extract all active behavior before removing the old module.","migration/migration_map.csv:MERGE:src/nwp/core/config.py;src/nwp/models/factory.py","FR-525..FR-529","pre-nwp-refactor-20261002 and pre-final-repair-20261004"
"src/s01_core/schemas.py","Extract all active behavior before removing the old module.","migration/migration_map.csv:MERGE:src/nwp/core/schema.py","FR-525..FR-529","pre-nwp-refactor-20261002 and pre-final-repair-20261004"
"src/s01_data/clean/clean_data.py","Extract all active behavior before removing the old module.","migration/migration_map.csv:MERGE:src/nwp/data/clean.py","FR-525..FR-529","pre-nwp-refactor-20261002 and pre-final-repair-20261004"
"src/s01_data/features/features.py","Extract all active behavior before removing the old module.","migration/migration_map.csv:MERGE:src/nwp/features/engineering.py","FR-525..FR-529","pre-nwp-refactor-20261002 and pre-final-repair-20261004"
"src/s01_data/fetch/fetch_client.py","Extract all active behavior before removing the old module.","migration/migration_map.csv:MERGE:src/nwp/data/client.py","FR-525..FR-529","pre-nwp-refactor-20261002 and pre-final-repair-20261004"
"src/s01_data/fetch/fetch_data.py","Extract all active behavior before removing the old module.","migration/migration_map.csv:MERGE:src/nwp/data/fetch.py","FR-525..FR-529","pre-nwp-refactor-20261002 and pre-final-repair-20261004"
"src/s01_data/fetch/verify_data.py","Extract all active behavior before removing the old module.","migration/migration_map.csv:MERGE:src/nwp/data/audit.py","FR-525..FR-529","pre-nwp-refactor-20261002 and pre-final-repair-20261004"
"src/s02_data/__init__.py","Preserve required exports; compatibility-only exports are not retained.","migration/migration_map.csv:MERGE:src/nwp/data/__init__.py","FR-525..FR-529","pre-nwp-refactor-20261002 and pre-final-repair-20261004"
"src/s02_data/cache_contract.py","Extract all active behavior before removing the old module.","migration/migration_map.csv:MERGE:src/nwp/data/contracts.py","FR-525..FR-529","pre-nwp-refactor-20261002 and pre-final-repair-20261004"
"src/s02_data/clean_contract.py","Extract all active behavior before removing the old module.","migration/migration_map.csv:MERGE:src/nwp/data/contracts.py;src/nwp/data/clean.py","FR-525..FR-529","pre-nwp-refactor-20261002 and pre-final-repair-20261004"
"src/s02_experiment/cv_nested_rolling_quantile.py","Extract all active behavior before removing the old module.","migration/migration_map.csv:MERGE:src/nwp/splits/rolling.py;src/nwp/experiment/tuning.py","FR-525..FR-529","pre-nwp-refactor-20261002 and pre-final-repair-20261004"
"src/s02_experiment/split_protocol.py","Extract all active behavior before removing the old module.","migration/migration_map.csv:MERGE:src/nwp/splits/rolling.py","FR-525..FR-529","pre-nwp-refactor-20261002 and pre-final-repair-20261004"
"src/s03_features/__init__.py","Preserve required exports; compatibility-only exports are not retained.","migration/migration_map.csv:MERGE:src/nwp/features/__init__.py","FR-525..FR-529","pre-nwp-refactor-20261002 and pre-final-repair-20261004"
"src/s03_features/build.py","Extract all active behavior before removing the old module.","migration/migration_map.csv:MERGE:src/nwp/features/build.py","FR-525..FR-529","pre-nwp-refactor-20261002 and pre-final-repair-20261004"
"src/s03_features/engineering.py","Extract all active behavior before removing the old module.","migration/migration_map.csv:MERGE:src/nwp/features/engineering.py","FR-525..FR-529","pre-nwp-refactor-20261002 and pre-final-repair-20261004"
"src/s03_features/physics.py","Extract all active behavior before removing the old module.","migration/migration_map.csv:MERGE:src/nwp/features/physics.py","FR-525..FR-529","pre-nwp-refactor-20261002 and pre-final-repair-20261004"
"src/s03_features/pipeline.py","Extract all active behavior before removing the old module.","migration/migration_map.csv:MERGE:src/nwp/features/build.py","FR-525..FR-529","pre-nwp-refactor-20261002 and pre-final-repair-20261004"
"src/s03_features/preprocessing.py","Extract all active behavior before removing the old module.","migration/migration_map.csv:MERGE:src/nwp/features/preprocessing.py","FR-525..FR-529","pre-nwp-refactor-20261002 and pre-final-repair-20261004"
"src/s03_models/model_registry.py","Extract all active behavior before removing the old module.","migration/migration_map.csv:MERGE:config/models.yaml;src/nwp/models/factory.py","FR-525..FR-529","pre-nwp-refactor-20261002 and pre-final-repair-20261004"
"src/s03_models/train/cloud_impute.py","Extract all active behavior before removing the old module.","migration/migration_map.csv:MERGE:src/nwp/features/preprocessing.py","FR-525..FR-529","pre-nwp-refactor-20261002 and pre-final-repair-20261004"
"src/s03_models/train/formal_architectures.py","Extract all active behavior before removing the old module.","migration/migration_map.csv:MERGE:src/nwp/models/deep/","FR-525..FR-529","pre-nwp-refactor-20261002 and pre-final-repair-20261004"
"src/s03_models/train/train_deep.py","Extract all active behavior before removing the old module.","migration/migration_map.csv:MERGE:src/nwp/models/deep/;src/nwp/experiment/fitting.py","FR-525..FR-529","pre-nwp-refactor-20261002 and pre-final-repair-20261004"
"src/s03_models/train/train_v1.py","Extract all active behavior before removing the old module.","migration/migration_map.csv:MERGE:src/nwp/models/deep/;src/nwp/experiment/fitting.py","FR-525..FR-529","pre-nwp-refactor-20261002 and pre-final-repair-20261004"
"src/s04_evaluation/calibration/calibrate_quantiles.py","Extract all active behavior before removing the old module.","migration/migration_map.csv:MERGE:src/nwp/experiment/calibration.py","FR-525..FR-529","pre-nwp-refactor-20261002 and pre-final-repair-20261004"
"src/s04_splits/__init__.py","Preserve required exports; compatibility-only exports are not retained.","migration/migration_map.csv:MERGE:src/nwp/splits/__init__.py","FR-525..FR-529","pre-nwp-refactor-20261002 and pre-final-repair-20261004"
"src/s04_splits/diagnostics.py","Extract all active behavior before removing the old module.","migration/migration_map.csv:MERGE:src/nwp/splits/diagnostics.py","FR-525..FR-529","pre-nwp-refactor-20261002 and pre-final-repair-20261004"
"src/s04_splits/rolling.py","Extract all active behavior before removing the old module.","migration/migration_map.csv:MERGE:src/nwp/splits/rolling.py","FR-525..FR-529","pre-nwp-refactor-20261002 and pre-final-repair-20261004"
"src/s04_splits/split_registry.py","Extract all active behavior before removing the old module.","migration/migration_map.csv:MERGE:src/nwp/splits/rolling.py","FR-525..FR-529","pre-nwp-refactor-20261002 and pre-final-repair-20261004"
"src/s05_tuning/__init__.py","Preserve required exports; compatibility-only exports are not retained.","migration/migration_map.csv:MERGE:src/nwp/experiment/__init__.py","FR-525..FR-529","pre-nwp-refactor-20261002 and pre-final-repair-20261004"
"src/s05_tuning/estimators.py","Extract all active behavior before removing the old module.","migration/migration_map.csv:MERGE:src/nwp/models/statistical.py;src/nwp/models/trees.py","FR-525..FR-529","pre-nwp-refactor-20261002 and pre-final-repair-20261004"
"src/s05_tuning/runner.py","Extract all active behavior before removing the old module.","migration/migration_map.csv:MERGE:src/nwp/experiment/tuning.py","FR-525..FR-529","pre-nwp-refactor-20261002 and pre-final-repair-20261004"
"src/s05_tuning/search_space.py","Extract all active behavior before removing the old module.","migration/migration_map.csv:MERGE:config/models.yaml;src/nwp/experiment/tuning.py","FR-525..FR-529","pre-nwp-refactor-20261002 and pre-final-repair-20261004"
"src/s05_tuning/trial_ledger.py","Extract all active behavior before removing the old module.","migration/migration_map.csv:MERGE:src/nwp/experiment/tuning.py","FR-525..FR-529","pre-nwp-refactor-20261002 and pre-final-repair-20261004"
"src/s06_models/__init__.py","Preserve required exports; compatibility-only exports are not retained.","migration/migration_map.csv:MERGE:src/nwp/models/__init__.py","FR-525..FR-529","pre-nwp-refactor-20261002 and pre-final-repair-20261004"
"src/s06_models/cpu_fixed.py","Extract all active behavior before removing the old module.","migration/migration_map.csv:MERGE:src/nwp/models/baselines.py;src/nwp/models/statistical.py","FR-525..FR-529","pre-nwp-refactor-20261002 and pre-final-repair-20261004"
"src/s06_models/model_status.py","Extract all active behavior before removing the old module.","migration/migration_map.csv:MERGE:config/models.yaml;src/nwp/models/factory.py","FR-525..FR-529","pre-nwp-refactor-20261002 and pre-final-repair-20261004"
"src/s07_prediction/__init__.py","Preserve required exports; compatibility-only exports are not retained.","migration/migration_map.csv:MERGE:src/nwp/experiment/__init__.py","FR-525..FR-529","pre-nwp-refactor-20261002 and pre-final-repair-20261004"
"src/s07_prediction/reader.py","Extract all active behavior before removing the old module.","migration/migration_map.csv:MERGE:src/nwp/experiment/prediction.py","FR-525..FR-529","pre-nwp-refactor-20261002 and pre-final-repair-20261004"
"src/s07_prediction/schema.py","Extract all active behavior before removing the old module.","migration/migration_map.csv:MERGE:src/nwp/core/schema.py;src/nwp/experiment/prediction.py","FR-525..FR-529","pre-nwp-refactor-20261002 and pre-final-repair-20261004"
"src/s07_prediction/writer.py","Extract all active behavior before removing the old module.","migration/migration_map.csv:MERGE:src/nwp/experiment/prediction.py","FR-525..FR-529","pre-nwp-refactor-20261002 and pre-final-repair-20261004"
"src/s08_calibration/__init__.py","Preserve required exports; compatibility-only exports are not retained.","migration/migration_map.csv:MERGE:src/nwp/experiment/__init__.py","FR-525..FR-529","pre-nwp-refactor-20261002 and pre-final-repair-20261004"
"src/s08_calibration/bootstrap.py","Extract all active behavior before removing the old module.","migration/migration_map.csv:MERGE:src/nwp/experiment/calibration.py","FR-525..FR-529","pre-nwp-refactor-20261002 and pre-final-repair-20261004"
"src/s08_calibration/quantile.py","Extract all active behavior before removing the old module.","migration/migration_map.csv:MERGE:src/nwp/experiment/calibration.py","FR-525..FR-529","pre-nwp-refactor-20261002 and pre-final-repair-20261004"
"src/s09_metrics/__init__.py","Preserve required exports; compatibility-only exports are not retained.","migration/migration_map.csv:MERGE:src/nwp/evaluation/__init__.py","FR-525..FR-529","pre-nwp-refactor-20261002 and pre-final-repair-20261004"
"src/s09_metrics/deterministic.py","Extract all active behavior before removing the old module.","migration/migration_map.csv:MERGE:src/nwp/evaluation/metrics.py","FR-525..FR-529","pre-nwp-refactor-20261002 and pre-final-repair-20261004"
"src/s09_metrics/probabilistic.py","Extract all active behavior before removing the old module.","migration/migration_map.csv:MERGE:src/nwp/evaluation/metrics.py","FR-525..FR-529","pre-nwp-refactor-20261002 and pre-final-repair-20261004"
"src/s09_metrics/reliability.py","Extract all active behavior before removing the old module.","migration/migration_map.csv:MERGE:src/nwp/evaluation/metrics.py","FR-525..FR-529","pre-nwp-refactor-20261002 and pre-final-repair-20261004"
"src/s10_evaluation/__init__.py","Preserve required exports; compatibility-only exports are not retained.","migration/migration_map.csv:MERGE:src/nwp/evaluation/__init__.py","FR-525..FR-529","pre-nwp-refactor-20261002 and pre-final-repair-20261004"
"src/s10_evaluation/grouped.py","Extract all active behavior before removing the old module.","migration/migration_map.csv:MERGE:src/nwp/evaluation/grouped.py","FR-525..FR-529","pre-nwp-refactor-20261002 and pre-final-repair-20261004"
"src/s10_evaluation/runner.py","Extract all active behavior before removing the old module.","migration/migration_map.csv:MERGE:src/nwp/evaluation/grouped.py;src/nwp/evaluation/metrics.py","FR-525..FR-529","pre-nwp-refactor-20261002 and pre-final-repair-20261004"
"src/s10_evaluation/summaries.py","Extract all active behavior before removing the old module.","migration/migration_map.csv:MERGE:src/nwp/evaluation/grouped.py","FR-525..FR-529","pre-nwp-refactor-20261002 and pre-final-repair-20261004"
"src/s11_interpretation/__init__.py","Preserve required exports; compatibility-only exports are not retained.","migration/migration_map.csv:MERGE:src/nwp/evaluation/__init__.py","FR-525..FR-529","pre-nwp-refactor-20261002 and pre-final-repair-20261004"
"src/s11_interpretation/development_gate.py","Extract all active behavior before removing the old module.","migration/migration_map.csv:MERGE:src/nwp/evaluation/interpretation.py","FR-525..FR-529","pre-nwp-refactor-20261002 and pre-final-repair-20261004"
"src/s11_interpretation/s03_shap/__init__.py","Preserve required exports; compatibility-only exports are not retained.","migration/migration_map.csv:MERGE:src/nwp/evaluation/__init__.py","FR-525..FR-529","pre-nwp-refactor-20261002 and pre-final-repair-20261004"
"src/s11_interpretation/s03_shap/explain.py","Extract all active behavior before removing the old module.","migration/migration_map.csv:MERGE:src/nwp/evaluation/interpretation.py","FR-525..FR-529","pre-nwp-refactor-20261002 and pre-final-repair-20261004"
"src/s12_spatial/__init__.py","Preserve required exports; compatibility-only exports are not retained.","migration/migration_map.csv:MERGE:src/nwp/evaluation/__init__.py","FR-525..FR-529","pre-nwp-refactor-20261002 and pre-final-repair-20261004"
"src/s12_spatial/density.py","Extract all active behavior before removing the old module.","migration/migration_map.csv:MERGE:src/nwp/evaluation/spatial.py;src/nwp/core/config.py","FR-525..FR-529","pre-nwp-refactor-20261002 and pre-final-repair-20261004"
"src/s12_spatial/holdout.py","Extract all active behavior before removing the old module.","migration/migration_map.csv:MERGE:src/nwp/evaluation/spatial.py","FR-525..FR-529","pre-nwp-refactor-20261002 and pre-final-repair-20261004"
"src/s12_spatial/levels.py","Extract all active behavior before removing the old module.","migration/migration_map.csv:MERGE:src/nwp/evaluation/spatial.py","FR-525..FR-529","pre-nwp-refactor-20261002 and pre-final-repair-20261004"
"src/s12_spatial/probe.py","Extract all active behavior before removing the old module.","migration/migration_map.csv:MERGE:src/nwp/evaluation/spatial.py;src/nwp/data/audit.py","FR-525..FR-529","pre-nwp-refactor-20261002 and pre-final-repair-20261004"
"src/s12_spatial/service_registry.py","Extract all active behavior before removing the old module.","migration/migration_map.csv:MERGE:src/nwp/evaluation/spatial.py;src/nwp/data/contracts.py","FR-525..FR-529","pre-nwp-refactor-20261002 and pre-final-repair-20261004"
"src/s12_spatial/spatial_context.py","Extract all active behavior before removing the old module.","migration/migration_map.csv:MERGE:src/nwp/evaluation/spatial.py;src/nwp/core/context.py","FR-525..FR-529","pre-nwp-refactor-20261002 and pre-final-repair-20261004"
"src/s12_spatial/truth_gate.py","Extract all active behavior before removing the old module.","migration/migration_map.csv:MERGE:src/nwp/evaluation/spatial.py;src/nwp/data/contracts.py","FR-525..FR-529","pre-nwp-refactor-20261002 and pre-final-repair-20261004"
"src/s13_visualization/__init__.py","Preserve required exports; compatibility-only exports are not retained.","migration/migration_map.csv:MERGE:src/nwp/visualization/__init__.py","FR-525..FR-529","pre-nwp-refactor-20261002 and pre-final-repair-20261004"
"src/s13_visualization/s01_style/__init__.py","Preserve required exports; compatibility-only exports are not retained.","migration/migration_map.csv:MERGE:src/nwp/visualization/__init__.py","FR-525..FR-529","pre-nwp-refactor-20261002 and pre-final-repair-20261004"
"src/s13_visualization/s01_style/publication.py","Extract all active behavior before removing the old module.","migration/migration_map.csv:MERGE:src/nwp/visualization/style.py","FR-525..FR-529","pre-nwp-refactor-20261002 and pre-final-repair-20261004"
"src/s13_visualization/s02_relationships/__init__.py","Preserve required exports; compatibility-only exports are not retained.","migration/migration_map.csv:MERGE:src/nwp/visualization/__init__.py","FR-525..FR-529","pre-nwp-refactor-20261002 and pre-final-repair-20261004"
"src/s13_visualization/s02_relationships/density.py","Extract all active behavior before removing the old module.","migration/migration_map.csv:MERGE:src/nwp/visualization/figures.py","FR-525..FR-529","pre-nwp-refactor-20261002 and pre-final-repair-20261004"
"src/s14_pipeline/__init__.py","Preserve required exports; compatibility-only exports are not retained.","migration/migration_map.csv:MERGE:src/nwp/workflow/__init__.py","FR-525..FR-529","pre-nwp-refactor-20261002 and pre-final-repair-20261004"
"src/s14_pipeline/orchestrator.py","Extract all active behavior before removing the old module.","migration/migration_map.csv:MERGE:src/nwp/workflow/pipeline.py","FR-525..FR-529","pre-nwp-refactor-20261002 and pre-final-repair-20261004"
"src/s15_validation/__init__.py","Preserve required exports; compatibility-only exports are not retained.","migration/migration_map.csv:MERGE:src/nwp/workflow/__init__.py","FR-525..FR-529","pre-nwp-refactor-20261002 and pre-final-repair-20261004"
"src/s15_validation/validate_data.py","Extract all active behavior before removing the old module.","migration/migration_map.csv:MERGE:src/nwp/data/audit.py;src/nwp/workflow/pipeline.py","FR-525..FR-529","pre-nwp-refactor-20261002 and pre-final-repair-20261004"
"src/s15_validation/validate_project.py","Extract all active behavior before removing the old module.","migration/migration_map.csv:MERGE:src/nwp/workflow/pipeline.py;src/nwp/cli.py","FR-525..FR-529","pre-nwp-refactor-20261002 and pre-final-repair-20261004"
"src/s15_validation/validate_protocol.py","Extract all active behavior before removing the old module.","migration/migration_map.csv:MERGE:src/nwp/core/config.py;src/nwp/splits/diagnostics.py","FR-525..FR-529","pre-nwp-refactor-20261002 and pre-final-repair-20261004"
"tests/01_unit/.gitkeep","Preserve scientific assertions; remove only migration-path and compatibility assertions.","migration/migration_map.csv:DELETE:tests/unit/.gitkeep","FR-525..FR-529","pre-nwp-refactor-20261002 and pre-final-repair-20261004"
"tests/01_unit/test_calibration.py","Preserve scientific assertions; remove only migration-path and compatibility assertions.","migration/migration_map.csv:MERGE:tests/unit/test_prediction.py;tests/unit/test_calibration.py;tests/unit/test_metrics.py","FR-525..FR-529","pre-nwp-refactor-20261002 and pre-final-repair-20261004"
"tests/01_unit/test_data_contract.py","Preserve scientific assertions; remove only migration-path and compatibility assertions.","migration/migration_map.csv:MERGE:tests/unit/test_data_contract.py;tests/unit/test_spatial.py","FR-525..FR-529","pre-nwp-refactor-20261002 and pre-final-repair-20261004"
"tests/01_unit/test_layered_readiness.py","Preserve scientific assertions; remove only migration-path and compatibility assertions.","migration/migration_map.csv:MERGE:tests/integration/test_workflow.py;tests/e2e/test_cli.py","FR-525..FR-529","pre-nwp-refactor-20261002 and pre-final-repair-20261004"
"tests/01_unit/test_manifest.py","Preserve scientific assertions; remove only migration-path and compatibility assertions.","migration/migration_map.csv:MERGE:tests/unit/test_config.py","FR-525..FR-529","pre-nwp-refactor-20261002 and pre-final-repair-20261004"
"tests/01_unit/test_split_protocol.py","Preserve scientific assertions; remove only migration-path and compatibility assertions.","migration/migration_map.csv:MERGE:tests/unit/test_splits.py;tests/unit/test_tuning.py","FR-525..FR-529","pre-nwp-refactor-20261002 and pre-final-repair-20261004"
"tests/01_unit/test_validator_orchestrator.py","Preserve scientific assertions; remove only migration-path and compatibility assertions.","migration/migration_map.csv:MERGE:tests/integration/test_workflow.py;tests/e2e/test_cli.py","FR-525..FR-529","pre-nwp-refactor-20261002 and pre-final-repair-20261004"
"tests/01_unit/test_visualization_contract.py","Preserve scientific assertions; remove only migration-path and compatibility assertions.","migration/migration_map.csv:MERGE:tests/unit/test_evaluation.py;tests/unit/test_visualization.py","FR-525..FR-529","pre-nwp-refactor-20261002 and pre-final-repair-20261004"
"tests/02_integration/.gitkeep","Preserve scientific assertions; remove only migration-path and compatibility assertions.","migration/migration_map.csv:DELETE:tests/integration/.gitkeep","FR-525..FR-529","pre-nwp-refactor-20261002 and pre-final-repair-20261004"
"tests/03_e2e/.gitkeep","Preserve scientific assertions; remove only migration-path and compatibility assertions.","migration/migration_map.csv:DELETE:tests/e2e/.gitkeep","FR-525..FR-529","pre-nwp-refactor-20261002 and pre-final-repair-20261004"
"tests/03_e2e/test_synthetic_prediction_e2e.py","Preserve scientific assertions; remove only migration-path and compatibility assertions.","migration/migration_map.csv:MERGE:tests/e2e/test_cli.py;tests/e2e/test_development_pipeline.py","FR-525..FR-529","pre-nwp-refactor-20261002 and pre-final-repair-20261004"
"tests/synthetic_protocol_fixture.py","Preserve scientific assertions; remove only migration-path and compatibility assertions.","migration/migration_map.csv:MERGE:tests/fixtures/synthetic_protocol.py","FR-525..FR-529","pre-nwp-refactor-20261002 and pre-final-repair-20261004"
"tests/02_integration/test_synthetic_protocol_flow.py","Preserve scientific assertions; remove only migration-path and compatibility assertions.","migration/migration_map.csv:MERGE:tests/integration/test_workflow.py","FR-525..FR-529","pre-nwp-refactor-20261002 and pre-final-repair-20261004"
"tests/01_unit/test_causal_issue_calibration.py","Preserve scientific assertions; remove only migration-path and compatibility assertions.","migration/migration_map.csv:MERGE:tests/unit/test_prediction.py;tests/unit/test_calibration.py;tests/unit/test_metrics.py","FR-525..FR-529","pre-nwp-refactor-20261002 and pre-final-repair-20261004"
"tests/01_unit/test_architecture_migration.py","Preserve scientific assertions; remove only migration-path and compatibility assertions.","migration/migration_map.csv:MERGE:tests/unit/test_config.py","FR-525..FR-529","pre-nwp-refactor-20261002 and pre-final-repair-20261004"
"tests/01_unit/test_core_features_migration.py","Preserve scientific assertions; remove only migration-path and compatibility assertions.","migration/migration_map.csv:MERGE:tests/unit/","FR-525..FR-529","pre-nwp-refactor-20261002 and pre-final-repair-20261004"
"tests/01_unit/test_cpu_fixed_models.py","Preserve scientific assertions; remove only migration-path and compatibility assertions.","migration/migration_map.csv:MERGE:tests/unit/test_models.py","FR-525..FR-529","pre-nwp-refactor-20261002 and pre-final-repair-20261004"
"tests/01_unit/test_formal_evaluation.py","Preserve scientific assertions; remove only migration-path and compatibility assertions.","migration/migration_map.csv:MERGE:tests/unit/test_prediction.py;tests/unit/test_calibration.py;tests/unit/test_metrics.py","FR-525..FR-529","pre-nwp-refactor-20261002 and pre-final-repair-20261004"
"tests/01_unit/test_interpretation_development_gate.py","Preserve scientific assertions; remove only migration-path and compatibility assertions.","migration/migration_map.csv:MERGE:tests/unit/test_evaluation.py;tests/unit/test_visualization.py","FR-525..FR-529","pre-nwp-refactor-20261002 and pre-final-repair-20261004"
"tests/01_unit/test_interpretation_gate.py","Preserve scientific assertions; remove only migration-path and compatibility assertions.","migration/migration_map.csv:MERGE:tests/unit/test_evaluation.py;tests/unit/test_visualization.py","FR-525..FR-529","pre-nwp-refactor-20261002 and pre-final-repair-20261004"
"tests/01_unit/test_prediction_metrics_migration.py","Preserve scientific assertions; remove only migration-path and compatibility assertions.","migration/migration_map.csv:MERGE:tests/unit/test_prediction.py;tests/unit/test_calibration.py;tests/unit/test_metrics.py","FR-525..FR-529","pre-nwp-refactor-20261002 and pre-final-repair-20261004"
"tests/01_unit/test_protocol_consistency.py","Preserve scientific assertions; remove only migration-path and compatibility assertions.","migration/migration_map.csv:MERGE:tests/unit/test_config.py","FR-525..FR-529","pre-nwp-refactor-20261002 and pre-final-repair-20261004"
"tests/01_unit/test_returned_service_physics.py","Preserve scientific assertions; remove only migration-path and compatibility assertions.","migration/migration_map.csv:MERGE:tests/unit/test_data_contract.py;tests/unit/test_spatial.py","FR-525..FR-529","pre-nwp-refactor-20261002 and pre-final-repair-20261004"
"tests/01_unit/test_service_probe_rate_limit.py","Preserve scientific assertions; remove only migration-path and compatibility assertions.","migration/migration_map.csv:MERGE:tests/unit/test_data_contract.py;tests/unit/test_spatial.py","FR-525..FR-529","pre-nwp-refactor-20261002 and pre-final-repair-20261004"
"tests/01_unit/test_data_spatial_migration.py","Preserve scientific assertions; remove only migration-path and compatibility assertions.","migration/migration_map.csv:MERGE:tests/unit/test_data_contract.py;tests/unit/test_spatial.py","FR-525..FR-529","pre-nwp-refactor-20261002 and pre-final-repair-20261004"
"tests/01_unit/test_spatial_levels.py","Preserve scientific assertions; remove only migration-path and compatibility assertions.","migration/migration_map.csv:MERGE:tests/unit/test_evaluation.py;tests/unit/test_visualization.py","FR-525..FR-529","pre-nwp-refactor-20261002 and pre-final-repair-20261004"
"tests/01_unit/test_tree_refit_rounds.py","Preserve scientific assertions; remove only migration-path and compatibility assertions.","migration/migration_map.csv:MERGE:tests/unit/test_splits.py;tests/unit/test_tuning.py","FR-525..FR-529","pre-nwp-refactor-20261002 and pre-final-repair-20261004"
"tests/01_unit/test_split_tuning_migration.py","Preserve scientific assertions; remove only migration-path and compatibility assertions.","migration/migration_map.csv:MERGE:tests/unit/test_splits.py;tests/unit/test_tuning.py","FR-525..FR-529","pre-nwp-refactor-20261002 and pre-final-repair-20261004"
