"package","import_modules","group","declared"
"numpy","numpy","base","true"
"pandas","pandas","base","true"
"scipy","scipy","base","true"
"pyarrow","pyarrow","base","true"
"pvlib","pvlib","base","true"
"matplotlib","matplotlib","base","true"
"PyYAML","yaml","base","true"
"shapely","shapely","base","true"
"scikit-learn","sklearn","cpu","true"
"lightgbm","lightgbm","cpu","true"
"xgboost","xgboost","cpu","true"
"shap","shap","cpu","true"
"torch","torch","deep","true"
"pytest","pytest","dev","true"
