"path","layer","responsibility","called_by","canonical","keep","reason"
".gitignore","repository","canonical implementation, test, documentation, or immutable audit evidence","repository tooling/users","false","true","required by active package, verification suite, user documentation, or recoverable repair evidence"
"README.md","documentation","canonical implementation, test, documentation, or immutable audit evidence","repository tooling/users","false","true","required by active package, verification suite, user documentation, or recoverable repair evidence"
"config/data.yaml","configuration","canonical implementation, test, documentation, or immutable audit evidence","strict config resolver","true","true","required by active package, verification suite, user documentation, or recoverable repair evidence"
"config/experiments.yaml","configuration","canonical implementation, test, documentation, or immutable audit evidence","strict config resolver","true","true","required by active package, verification suite, user documentation, or recoverable repair evidence"
"config/features.yaml","configuration","canonical implementation, test, documentation, or immutable audit evidence","strict config resolver","true","true","required by active package, verification suite, user documentation, or recoverable repair evidence"
"config/local.example.yaml","configuration","canonical implementation, test, documentation, or immutable audit evidence","strict config resolver","true","true","required by active package, verification suite, user documentation, or recoverable repair evidence"
"config/models.yaml","configuration","canonical implementation, test, documentation, or immutable audit evidence","strict config resolver","true","true","required by active package, verification suite, user documentation, or recoverable repair evidence"
"config/protocol.yaml","configuration","canonical implementation, test, documentation, or immutable audit evidence","strict config resolver","true","true","required by active package, verification suite, user documentation, or recoverable repair evidence"
"config/sites.yaml","configuration","canonical implementation, test, documentation, or immutable audit evidence","strict config resolver","true","true","required by active package, verification suite, user documentation, or recoverable repair evidence"
"docs/01_protocol.md","documentation","canonical implementation, test, documentation, or immutable audit evidence","repository tooling/users","false","true","required by active package, verification suite, user documentation, or recoverable repair evidence"
"docs/02_status.md","documentation","canonical implementation, test, documentation, or immutable audit evidence","repository tooling/users","false","true","required by active package, verification suite, user documentation, or recoverable repair evidence"
"docs/03_data_contract.md","documentation","canonical implementation, test, documentation, or immutable audit evidence","repository tooling/users","false","true","required by active package, verification suite, user documentation, or recoverable repair evidence"
"docs/04_repository_guide.md","documentation","canonical implementation, test, documentation, or immutable audit evidence","repository tooling/users","false","true","required by active package, verification suite, user documentation, or recoverable repair evidence"
"docs/05_literature.md","documentation","canonical implementation, test, documentation, or immutable audit evidence","repository tooling/users","false","true","required by active package, verification suite, user documentation, or recoverable repair evidence"
"docs/06_issues.md","documentation","canonical implementation, test, documentation, or immutable audit evidence","repository tooling/users","false","true","required by active package, verification suite, user documentation, or recoverable repair evidence"
"docs/07_history.md","documentation","canonical implementation, test, documentation, or immutable audit evidence","repository tooling/users","false","true","required by active package, verification suite, user documentation, or recoverable repair evidence"
"literature/00_index.md","repository","canonical implementation, test, documentation, or immutable audit evidence","repository tooling/users","false","true","required by active package, verification suite, user documentation, or recoverable repair evidence"
"migration/archive_manifest.json","migration-evidence","canonical implementation, test, documentation, or immutable audit evidence","post-acceptance audit","false","true","required by active package, verification suite, user documentation, or recoverable repair evidence"
"migration/base_environment_validation.txt","migration-evidence","canonical implementation, test, documentation, or immutable audit evidence","post-acceptance audit","false","true","required by active package, verification suite, user documentation, or recoverable repair evidence"
"migration/data_nonpartition_disposition.csv","migration-evidence","canonical implementation, test, documentation, or immutable audit evidence","post-acceptance audit","false","true","required by active package, verification suite, user documentation, or recoverable repair evidence"
"migration/data_processed_import_plan.csv","migration-evidence","canonical implementation, test, documentation, or immutable audit evidence","post-acceptance audit","false","true","required by active package, verification suite, user documentation, or recoverable repair evidence"
"migration/data_raw_import_plan.csv","migration-evidence","canonical implementation, test, documentation, or immutable audit evidence","post-acceptance audit","false","true","required by active package, verification suite, user documentation, or recoverable repair evidence"
"migration/data_raw_variant_plan.csv","migration-evidence","canonical implementation, test, documentation, or immutable audit evidence","post-acceptance audit","false","true","required by active package, verification suite, user documentation, or recoverable repair evidence"
"migration/development_run_file_inventory.csv","migration-evidence","canonical implementation, test, documentation, or immutable audit evidence","post-acceptance audit","false","true","required by active package, verification suite, user documentation, or recoverable repair evidence"
"migration/development_run_inventory.csv","migration-evidence","canonical implementation, test, documentation, or immutable audit evidence","post-acceptance audit","false","true","required by active package, verification suite, user documentation, or recoverable repair evidence"
"migration/features_regression_check.json","migration-evidence","canonical implementation, test, documentation, or immutable audit evidence","post-acceptance audit","false","true","required by active package, verification suite, user documentation, or recoverable repair evidence"
"migration/figure_inventory.csv","migration-evidence","canonical implementation, test, documentation, or immutable audit evidence","post-acceptance audit","false","true","required by active package, verification suite, user documentation, or recoverable repair evidence"
"migration/final_acceptance.md","migration-evidence","canonical implementation, test, documentation, or immutable audit evidence","post-acceptance audit","false","true","required by active package, verification suite, user documentation, or recoverable repair evidence"
"migration/final_closure_register.csv","migration-evidence","canonical implementation, test, documentation, or immutable audit evidence","post-acceptance audit","false","true","required by active package, verification suite, user documentation, or recoverable repair evidence"
"migration/final_data_contract_export.json","migration-evidence","canonical implementation, test, documentation, or immutable audit evidence","post-acceptance audit","false","true","required by active package, verification suite, user documentation, or recoverable repair evidence"
"migration/final_dependency_inventory.csv","migration-evidence","canonical implementation, test, documentation, or immutable audit evidence","post-acceptance audit","false","true","required by active package, verification suite, user documentation, or recoverable repair evidence"
"migration/final_directory_tree.md","migration-evidence","canonical implementation, test, documentation, or immutable audit evidence","post-acceptance audit","false","true","required by active package, verification suite, user documentation, or recoverable repair evidence"
"migration/final_environment.txt","migration-evidence","canonical implementation, test, documentation, or immutable audit evidence","post-acceptance audit","false","true","required by active package, verification suite, user documentation, or recoverable repair evidence"
"migration/final_features_export.json","migration-evidence","canonical implementation, test, documentation, or immutable audit evidence","post-acceptance audit","false","true","required by active package, verification suite, user documentation, or recoverable repair evidence"
"migration/final_file_responsibility.csv","migration-evidence","canonical implementation, test, documentation, or immutable audit evidence","post-acceptance audit","false","true","required by active package, verification suite, user documentation, or recoverable repair evidence"
"migration/final_git_diff.csv","migration-evidence","canonical implementation, test, documentation, or immutable audit evidence","post-acceptance audit","false","true","required by active package, verification suite, user documentation, or recoverable repair evidence"
"migration/final_model_registry_export.json","migration-evidence","canonical implementation, test, documentation, or immutable audit evidence","post-acceptance audit","false","true","required by active package, verification suite, user documentation, or recoverable repair evidence"
"migration/final_protocol_export.json","migration-evidence","canonical implementation, test, documentation, or immutable audit evidence","post-acceptance audit","false","true","required by active package, verification suite, user documentation, or recoverable repair evidence"
"migration/final_repair_baseline/data_contract_baseline.json","migration-evidence","canonical implementation, test, documentation, or immutable audit evidence","post-acceptance audit","false","true","required by active package, verification suite, user documentation, or recoverable repair evidence"
"migration/final_repair_baseline/experiments_baseline.json","migration-evidence","canonical implementation, test, documentation, or immutable audit evidence","post-acceptance audit","false","true","required by active package, verification suite, user documentation, or recoverable repair evidence"
"migration/final_repair_baseline/features_baseline.json","migration-evidence","canonical implementation, test, documentation, or immutable audit evidence","post-acceptance audit","false","true","required by active package, verification suite, user documentation, or recoverable repair evidence"
"migration/final_repair_baseline/git_status.txt","migration-evidence","canonical implementation, test, documentation, or immutable audit evidence","post-acceptance audit","false","true","required by active package, verification suite, user documentation, or recoverable repair evidence"
"migration/final_repair_baseline/git_tree.txt","migration-evidence","canonical implementation, test, documentation, or immutable audit evidence","post-acceptance audit","false","true","required by active package, verification suite, user documentation, or recoverable repair evidence"
"migration/final_repair_baseline/ignored_files.txt","migration-evidence","canonical implementation, test, documentation, or immutable audit evidence","post-acceptance audit","false","true","required by active package, verification suite, user documentation, or recoverable repair evidence"
"migration/final_repair_baseline/local_inventory_before.csv","migration-evidence","canonical implementation, test, documentation, or immutable audit evidence","post-acceptance audit","false","true","required by active package, verification suite, user documentation, or recoverable repair evidence"
"migration/final_repair_baseline/migration_sha256_before.csv","migration-evidence","canonical implementation, test, documentation, or immutable audit evidence","post-acceptance audit","false","true","required by active package, verification suite, user documentation, or recoverable repair evidence"
"migration/final_repair_baseline/model_registry_baseline.json","migration-evidence","canonical implementation, test, documentation, or immutable audit evidence","post-acceptance audit","false","true","required by active package, verification suite, user documentation, or recoverable repair evidence"
"migration/final_repair_baseline/protocol_baseline.json","migration-evidence","canonical implementation, test, documentation, or immutable audit evidence","post-acceptance audit","false","true","required by active package, verification suite, user documentation, or recoverable repair evidence"
"migration/final_repair_baseline/tracked_files.txt","migration-evidence","canonical implementation, test, documentation, or immutable audit evidence","post-acceptance audit","false","true","required by active package, verification suite, user documentation, or recoverable repair evidence"
"migration/final_repair_baseline/untracked_files.txt","migration-evidence","canonical implementation, test, documentation, or immutable audit evidence","post-acceptance audit","false","true","required by active package, verification suite, user documentation, or recoverable repair evidence"
"migration/final_repair_register.csv","migration-evidence","canonical implementation, test, documentation, or immutable audit evidence","post-acceptance audit","false","true","required by active package, verification suite, user documentation, or recoverable repair evidence"
"migration/final_residual_search.md","migration-evidence","canonical implementation, test, documentation, or immutable audit evidence","post-acceptance audit","false","true","required by active package, verification suite, user documentation, or recoverable repair evidence"
"migration/full_environment_validation.txt","migration-evidence","canonical implementation, test, documentation, or immutable audit evidence","post-acceptance audit","false","true","required by active package, verification suite, user documentation, or recoverable repair evidence"
"migration/import_manifests/nanjing_diagnostic.json","migration-evidence","canonical implementation, test, documentation, or immutable audit evidence","post-acceptance audit","false","true","required by active package, verification suite, user documentation, or recoverable repair evidence"
"migration/import_manifests/raw_data_audit.json","migration-evidence","canonical implementation, test, documentation, or immutable audit evidence","post-acceptance audit","false","true","required by active package, verification suite, user documentation, or recoverable repair evidence"
"migration/local_inventory_after.csv","migration-evidence","canonical implementation, test, documentation, or immutable audit evidence","post-acceptance audit","false","true","required by active package, verification suite, user documentation, or recoverable repair evidence"
"migration/local_inventory_diff.csv","migration-evidence","canonical implementation, test, documentation, or immutable audit evidence","post-acceptance audit","false","true","required by active package, verification suite, user documentation, or recoverable repair evidence"
"migration/migration_cleanup_register.csv","migration-evidence","canonical implementation, test, documentation, or immutable audit evidence","post-acceptance audit","false","true","required by active package, verification suite, user documentation, or recoverable repair evidence"
"migration/migration_map.csv","migration-evidence","canonical implementation, test, documentation, or immutable audit evidence","post-acceptance audit","false","true","required by active package, verification suite, user documentation, or recoverable repair evidence"
"migration/ordered_test_validation.txt","migration-evidence","canonical implementation, test, documentation, or immutable audit evidence","post-acceptance audit","false","true","required by active package, verification suite, user documentation, or recoverable repair evidence"
"migration/post_acceptance_verification.md","migration-evidence","canonical implementation, test, documentation, or immutable audit evidence","post-acceptance audit","false","true","required by active package, verification suite, user documentation, or recoverable repair evidence"
"migration/previous_acceptance_invalidated.md","migration-evidence","canonical implementation, test, documentation, or immutable audit evidence","post-acceptance audit","false","true","required by active package, verification suite, user documentation, or recoverable repair evidence"
"migration/protocol_regression_check.json","migration-evidence","canonical implementation, test, documentation, or immutable audit evidence","post-acceptance audit","false","true","required by active package, verification suite, user documentation, or recoverable repair evidence"
"migration/recovered_artifacts/main_clean_audits/quality_report_changzhou_1.md","unique-recovery-evidence","canonical implementation, test, documentation, or immutable audit evidence","post-acceptance audit","false","true","required by active package, verification suite, user documentation, or recoverable repair evidence"
"migration/recovered_artifacts/main_clean_audits/quality_report_huai_an_1.md","unique-recovery-evidence","canonical implementation, test, documentation, or immutable audit evidence","post-acceptance audit","false","true","required by active package, verification suite, user documentation, or recoverable repair evidence"
"migration/recovered_artifacts/main_clean_audits/quality_report_huai_an_2.md","unique-recovery-evidence","canonical implementation, test, documentation, or immutable audit evidence","post-acceptance audit","false","true","required by active package, verification suite, user documentation, or recoverable repair evidence"
"migration/recovered_artifacts/main_clean_audits/quality_report_huai_an_3.md","unique-recovery-evidence","canonical implementation, test, documentation, or immutable audit evidence","post-acceptance audit","false","true","required by active package, verification suite, user documentation, or recoverable repair evidence"
"migration/recovered_artifacts/main_clean_audits/quality_report_lianyungang_1.md","unique-recovery-evidence","canonical implementation, test, documentation, or immutable audit evidence","post-acceptance audit","false","true","required by active package, verification suite, user documentation, or recoverable repair evidence"
"migration/recovered_artifacts/main_clean_audits/quality_report_lianyungang_2.md","unique-recovery-evidence","canonical implementation, test, documentation, or immutable audit evidence","post-acceptance audit","false","true","required by active package, verification suite, user documentation, or recoverable repair evidence"
"migration/recovered_artifacts/main_clean_audits/quality_report_nanjing_1.md","unique-recovery-evidence","canonical implementation, test, documentation, or immutable audit evidence","post-acceptance audit","false","true","required by active package, verification suite, user documentation, or recoverable repair evidence"
"migration/recovered_artifacts/main_clean_audits/quality_report_nanjing_2.md","unique-recovery-evidence","canonical implementation, test, documentation, or immutable audit evidence","post-acceptance audit","false","true","required by active package, verification suite, user documentation, or recoverable repair evidence"
"migration/recovered_artifacts/main_clean_audits/quality_report_nantong_1.md","unique-recovery-evidence","canonical implementation, test, documentation, or immutable audit evidence","post-acceptance audit","false","true","required by active package, verification suite, user documentation, or recoverable repair evidence"
"migration/recovered_artifacts/main_clean_audits/quality_report_nantong_2.md","unique-recovery-evidence","canonical implementation, test, documentation, or immutable audit evidence","post-acceptance audit","false","true","required by active package, verification suite, user documentation, or recoverable repair evidence"
"migration/recovered_artifacts/main_clean_audits/quality_report_suqian_1.md","unique-recovery-evidence","canonical implementation, test, documentation, or immutable audit evidence","post-acceptance audit","false","true","required by active package, verification suite, user documentation, or recoverable repair evidence"
"migration/recovered_artifacts/main_clean_audits/quality_report_suzhou_1.md","unique-recovery-evidence","canonical implementation, test, documentation, or immutable audit evidence","post-acceptance audit","false","true","required by active package, verification suite, user documentation, or recoverable repair evidence"
"migration/recovered_artifacts/main_clean_audits/quality_report_taizhou_1.md","unique-recovery-evidence","canonical implementation, test, documentation, or immutable audit evidence","post-acceptance audit","false","true","required by active package, verification suite, user documentation, or recoverable repair evidence"
"migration/recovered_artifacts/main_clean_audits/quality_report_taizhou_2.md","unique-recovery-evidence","canonical implementation, test, documentation, or immutable audit evidence","post-acceptance audit","false","true","required by active package, verification suite, user documentation, or recoverable repair evidence"
"migration/recovered_artifacts/main_clean_audits/quality_report_wuxi_1.md","unique-recovery-evidence","canonical implementation, test, documentation, or immutable audit evidence","post-acceptance audit","false","true","required by active package, verification suite, user documentation, or recoverable repair evidence"
"migration/recovered_artifacts/main_clean_audits/quality_report_xuzhou_1.md","unique-recovery-evidence","canonical implementation, test, documentation, or immutable audit evidence","post-acceptance audit","false","true","required by active package, verification suite, user documentation, or recoverable repair evidence"
"migration/recovered_artifacts/main_clean_audits/quality_report_xuzhou_2.md","unique-recovery-evidence","canonical implementation, test, documentation, or immutable audit evidence","post-acceptance audit","false","true","required by active package, verification suite, user documentation, or recoverable repair evidence"
"migration/recovered_artifacts/main_clean_audits/quality_report_yancheng_1.md","unique-recovery-evidence","canonical implementation, test, documentation, or immutable audit evidence","post-acceptance audit","false","true","required by active package, verification suite, user documentation, or recoverable repair evidence"
"migration/recovered_artifacts/main_clean_audits/quality_report_yancheng_2.md","unique-recovery-evidence","canonical implementation, test, documentation, or immutable audit evidence","post-acceptance audit","false","true","required by active package, verification suite, user documentation, or recoverable repair evidence"
"migration/recovered_artifacts/main_clean_audits/quality_report_yancheng_3.md","unique-recovery-evidence","canonical implementation, test, documentation, or immutable audit evidence","post-acceptance audit","false","true","required by active package, verification suite, user documentation, or recoverable repair evidence"
"migration/recovered_artifacts/protocol15temp/00_audits/legacy_raw_audit.json","unique-recovery-evidence","canonical implementation, test, documentation, or immutable audit evidence","post-acceptance audit","false","true","required by active package, verification suite, user documentation, or recoverable repair evidence"
"migration/recovered_artifacts/protocol15temp/00_audits/legacy_truth_20site.json","unique-recovery-evidence","canonical implementation, test, documentation, or immutable audit evidence","post-acceptance audit","false","true","required by active package, verification suite, user documentation, or recoverable repair evidence"
"migration/recovered_artifacts/protocol15temp/02_clean/quality_audit_nanjing_1.json","unique-recovery-evidence","canonical implementation, test, documentation, or immutable audit evidence","post-acceptance audit","false","true","required by active package, verification suite, user documentation, or recoverable repair evidence"
"migration/recovered_artifacts/protocol15temp/02_clean/quality_report_nanjing_1.md","unique-recovery-evidence","canonical implementation, test, documentation, or immutable audit evidence","post-acceptance audit","false","true","required by active package, verification suite, user documentation, or recoverable repair evidence"
"migration/recovered_artifacts/protocol15temp/05_cpu_mini_e2e/metrics.json","unique-recovery-evidence","canonical implementation, test, documentation, or immutable audit evidence","post-acceptance audit","false","true","required by active package, verification suite, user documentation, or recoverable repair evidence"
"migration/recovered_artifacts/protocol15temp/05_cpu_mini_e2e/predictions.parquet","unique-recovery-evidence","canonical implementation, test, documentation, or immutable audit evidence","post-acceptance audit","false","true","required by active package, verification suite, user documentation, or recoverable repair evidence"
"migration/recovered_artifacts/protocol15temp/05_cpu_mini_e2e/receipt.json","unique-recovery-evidence","canonical implementation, test, documentation, or immutable audit evidence","post-acceptance audit","false","true","required by active package, verification suite, user documentation, or recoverable repair evidence"
"migration/recovered_artifacts/protocol15temp/05_cpu_mini_e2e/ridge_inner_trials.json","unique-recovery-evidence","canonical implementation, test, documentation, or immutable audit evidence","post-acceptance audit","false","true","required by active package, verification suite, user documentation, or recoverable repair evidence"
"migration/recovered_artifacts/protocol15temp/06_cpu_single_site/final_test_calibrated.parquet","unique-recovery-evidence","canonical implementation, test, documentation, or immutable audit evidence","post-acceptance audit","false","true","required by active package, verification suite, user documentation, or recoverable repair evidence"
"migration/recovered_artifacts/protocol15temp/06_cpu_single_site/final_test_summary.json","unique-recovery-evidence","canonical implementation, test, documentation, or immutable audit evidence","post-acceptance audit","false","true","required by active package, verification suite, user documentation, or recoverable repair evidence"
"migration/recovered_artifacts/protocol15temp/06_cpu_single_site/final_test_uncalibrated.parquet","unique-recovery-evidence","canonical implementation, test, documentation, or immutable audit evidence","post-acceptance audit","false","true","required by active package, verification suite, user documentation, or recoverable repair evidence"
"migration/recovered_artifacts/protocol15temp/06_cpu_single_site/group_analysis/outer_1_inner_1.json","unique-recovery-evidence","canonical implementation, test, documentation, or immutable audit evidence","post-acceptance audit","false","true","required by active package, verification suite, user documentation, or recoverable repair evidence"
"migration/recovered_artifacts/protocol15temp/06_cpu_single_site/group_analysis/outer_1_inner_2.json","unique-recovery-evidence","canonical implementation, test, documentation, or immutable audit evidence","post-acceptance audit","false","true","required by active package, verification suite, user documentation, or recoverable repair evidence"
"migration/recovered_artifacts/protocol15temp/06_cpu_single_site/group_analysis/outer_1_inner_3.json","unique-recovery-evidence","canonical implementation, test, documentation, or immutable audit evidence","post-acceptance audit","false","true","required by active package, verification suite, user documentation, or recoverable repair evidence"
"migration/recovered_artifacts/protocol15temp/06_cpu_single_site/group_analysis/outer_2_inner_1.json","unique-recovery-evidence","canonical implementation, test, documentation, or immutable audit evidence","post-acceptance audit","false","true","required by active package, verification suite, user documentation, or recoverable repair evidence"
"migration/recovered_artifacts/protocol15temp/06_cpu_single_site/group_analysis/outer_2_inner_2.json","unique-recovery-evidence","canonical implementation, test, documentation, or immutable audit evidence","post-acceptance audit","false","true","required by active package, verification suite, user documentation, or recoverable repair evidence"
"migration/recovered_artifacts/protocol15temp/06_cpu_single_site/group_analysis/outer_2_inner_3.json","unique-recovery-evidence","canonical implementation, test, documentation, or immutable audit evidence","post-acceptance audit","false","true","required by active package, verification suite, user documentation, or recoverable repair evidence"
"migration/recovered_artifacts/protocol15temp/06_cpu_single_site/group_analysis/outer_3_inner_1.json","unique-recovery-evidence","canonical implementation, test, documentation, or immutable audit evidence","post-acceptance audit","false","true","required by active package, verification suite, user documentation, or recoverable repair evidence"
"migration/recovered_artifacts/protocol15temp/06_cpu_single_site/group_analysis/outer_3_inner_2.json","unique-recovery-evidence","canonical implementation, test, documentation, or immutable audit evidence","post-acceptance audit","false","true","required by active package, verification suite, user documentation, or recoverable repair evidence"
"migration/recovered_artifacts/protocol15temp/06_cpu_single_site/group_analysis/outer_3_inner_3.json","unique-recovery-evidence","canonical implementation, test, documentation, or immutable audit evidence","post-acceptance audit","false","true","required by active package, verification suite, user documentation, or recoverable repair evidence"
"migration/recovered_artifacts/protocol15temp/06_cpu_single_site/group_analysis/outer_4_inner_1.json","unique-recovery-evidence","canonical implementation, test, documentation, or immutable audit evidence","post-acceptance audit","false","true","required by active package, verification suite, user documentation, or recoverable repair evidence"
"migration/recovered_artifacts/protocol15temp/06_cpu_single_site/group_analysis/outer_4_inner_2.json","unique-recovery-evidence","canonical implementation, test, documentation, or immutable audit evidence","post-acceptance audit","false","true","required by active package, verification suite, user documentation, or recoverable repair evidence"
"migration/recovered_artifacts/protocol15temp/06_cpu_single_site/group_analysis/outer_4_inner_3.json","unique-recovery-evidence","canonical implementation, test, documentation, or immutable audit evidence","post-acceptance audit","false","true","required by active package, verification suite, user documentation, or recoverable repair evidence"
"migration/recovered_artifacts/protocol15temp/06_cpu_single_site/group_analysis/outer_5_inner_1.json","unique-recovery-evidence","canonical implementation, test, documentation, or immutable audit evidence","post-acceptance audit","false","true","required by active package, verification suite, user documentation, or recoverable repair evidence"
"migration/recovered_artifacts/protocol15temp/06_cpu_single_site/group_analysis/outer_5_inner_2.json","unique-recovery-evidence","canonical implementation, test, documentation, or immutable audit evidence","post-acceptance audit","false","true","required by active package, verification suite, user documentation, or recoverable repair evidence"
"migration/recovered_artifacts/protocol15temp/06_cpu_single_site/group_analysis/outer_5_inner_3.json","unique-recovery-evidence","canonical implementation, test, documentation, or immutable audit evidence","post-acceptance audit","false","true","required by active package, verification suite, user documentation, or recoverable repair evidence"
"migration/recovered_artifacts/protocol15temp/06_cpu_single_site/outer_all_cpu_summary.json","unique-recovery-evidence","canonical implementation, test, documentation, or immutable audit evidence","post-acceptance audit","false","true","required by active package, verification suite, user documentation, or recoverable repair evidence"
"migration/recovered_artifacts/protocol15temp/06_cpu_single_site/outer_fixed_gap14_predictions.parquet","unique-recovery-evidence","canonical implementation, test, documentation, or immutable audit evidence","post-acceptance audit","false","true","required by active package, verification suite, user documentation, or recoverable repair evidence"
"migration/recovered_artifacts/protocol15temp/06_cpu_single_site/outer_fixed_gap14_summary.json","unique-recovery-evidence","canonical implementation, test, documentation, or immutable audit evidence","post-acceptance audit","false","true","required by active package, verification suite, user documentation, or recoverable repair evidence"
"migration/recovered_artifacts/protocol15temp/06_cpu_single_site/outer_fixed_gap7_predictions.parquet","unique-recovery-evidence","canonical implementation, test, documentation, or immutable audit evidence","post-acceptance audit","false","true","required by active package, verification suite, user documentation, or recoverable repair evidence"
"migration/recovered_artifacts/protocol15temp/06_cpu_single_site/outer_fixed_gap7_summary.json","unique-recovery-evidence","canonical implementation, test, documentation, or immutable audit evidence","post-acceptance audit","false","true","required by active package, verification suite, user documentation, or recoverable repair evidence"
"migration/recovered_artifacts/protocol15temp/06_cpu_single_site/outer_fixed_predictions.parquet","unique-recovery-evidence","canonical implementation, test, documentation, or immutable audit evidence","post-acceptance audit","false","true","required by active package, verification suite, user documentation, or recoverable repair evidence"
"migration/recovered_artifacts/protocol15temp/06_cpu_single_site/outer_fixed_summary.json","unique-recovery-evidence","canonical implementation, test, documentation, or immutable audit evidence","post-acceptance audit","false","true","required by active package, verification suite, user documentation, or recoverable repair evidence"
"migration/recovered_artifacts/protocol15temp/06_cpu_single_site/outer_tuned_parts/outer_1_lgbm.json","unique-recovery-evidence","canonical implementation, test, documentation, or immutable audit evidence","post-acceptance audit","false","true","required by active package, verification suite, user documentation, or recoverable repair evidence"
"migration/recovered_artifacts/protocol15temp/06_cpu_single_site/outer_tuned_parts/outer_1_lgbm.parquet","unique-recovery-evidence","canonical implementation, test, documentation, or immutable audit evidence","post-acceptance audit","false","true","required by active package, verification suite, user documentation, or recoverable repair evidence"
"migration/recovered_artifacts/protocol15temp/06_cpu_single_site/outer_tuned_parts/outer_1_ridge_mos.json","unique-recovery-evidence","canonical implementation, test, documentation, or immutable audit evidence","post-acceptance audit","false","true","required by active package, verification suite, user documentation, or recoverable repair evidence"
"migration/recovered_artifacts/protocol15temp/06_cpu_single_site/outer_tuned_parts/outer_1_ridge_mos.parquet","unique-recovery-evidence","canonical implementation, test, documentation, or immutable audit evidence","post-acceptance audit","false","true","required by active package, verification suite, user documentation, or recoverable repair evidence"
"migration/recovered_artifacts/protocol15temp/06_cpu_single_site/outer_tuned_parts/outer_1_xgboost.json","unique-recovery-evidence","canonical implementation, test, documentation, or immutable audit evidence","post-acceptance audit","false","true","required by active package, verification suite, user documentation, or recoverable repair evidence"
"migration/recovered_artifacts/protocol15temp/06_cpu_single_site/outer_tuned_parts/outer_1_xgboost.parquet","unique-recovery-evidence","canonical implementation, test, documentation, or immutable audit evidence","post-acceptance audit","false","true","required by active package, verification suite, user documentation, or recoverable repair evidence"
"migration/recovered_artifacts/protocol15temp/06_cpu_single_site/outer_tuned_parts/outer_2_lgbm.json","unique-recovery-evidence","canonical implementation, test, documentation, or immutable audit evidence","post-acceptance audit","false","true","required by active package, verification suite, user documentation, or recoverable repair evidence"
"migration/recovered_artifacts/protocol15temp/06_cpu_single_site/outer_tuned_parts/outer_2_lgbm.parquet","unique-recovery-evidence","canonical implementation, test, documentation, or immutable audit evidence","post-acceptance audit","false","true","required by active package, verification suite, user documentation, or recoverable repair evidence"
"migration/recovered_artifacts/protocol15temp/06_cpu_single_site/outer_tuned_parts/outer_2_ridge_mos.json","unique-recovery-evidence","canonical implementation, test, documentation, or immutable audit evidence","post-acceptance audit","false","true","required by active package, verification suite, user documentation, or recoverable repair evidence"
"migration/recovered_artifacts/protocol15temp/06_cpu_single_site/outer_tuned_parts/outer_2_ridge_mos.parquet","unique-recovery-evidence","canonical implementation, test, documentation, or immutable audit evidence","post-acceptance audit","false","true","required by active package, verification suite, user documentation, or recoverable repair evidence"
"migration/recovered_artifacts/protocol15temp/06_cpu_single_site/outer_tuned_parts/outer_2_xgboost.json","unique-recovery-evidence","canonical implementation, test, documentation, or immutable audit evidence","post-acceptance audit","false","true","required by active package, verification suite, user documentation, or recoverable repair evidence"
"migration/recovered_artifacts/protocol15temp/06_cpu_single_site/outer_tuned_parts/outer_2_xgboost.parquet","unique-recovery-evidence","canonical implementation, test, documentation, or immutable audit evidence","post-acceptance audit","false","true","required by active package, verification suite, user documentation, or recoverable repair evidence"
"migration/recovered_artifacts/protocol15temp/06_cpu_single_site/outer_tuned_parts/outer_3_lgbm.json","unique-recovery-evidence","canonical implementation, test, documentation, or immutable audit evidence","post-acceptance audit","false","true","required by active package, verification suite, user documentation, or recoverable repair evidence"
"migration/recovered_artifacts/protocol15temp/06_cpu_single_site/outer_tuned_parts/outer_3_lgbm.parquet","unique-recovery-evidence","canonical implementation, test, documentation, or immutable audit evidence","post-acceptance audit","false","true","required by active package, verification suite, user documentation, or recoverable repair evidence"
"migration/recovered_artifacts/protocol15temp/06_cpu_single_site/outer_tuned_parts/outer_3_ridge_mos.json","unique-recovery-evidence","canonical implementation, test, documentation, or immutable audit evidence","post-acceptance audit","false","true","required by active package, verification suite, user documentation, or recoverable repair evidence"
"migration/recovered_artifacts/protocol15temp/06_cpu_single_site/outer_tuned_parts/outer_3_ridge_mos.parquet","unique-recovery-evidence","canonical implementation, test, documentation, or immutable audit evidence","post-acceptance audit","false","true","required by active package, verification suite, user documentation, or recoverable repair evidence"
"migration/recovered_artifacts/protocol15temp/06_cpu_single_site/outer_tuned_parts/outer_3_xgboost.json","unique-recovery-evidence","canonical implementation, test, documentation, or immutable audit evidence","post-acceptance audit","false","true","required by active package, verification suite, user documentation, or recoverable repair evidence"
"migration/recovered_artifacts/protocol15temp/06_cpu_single_site/outer_tuned_parts/outer_3_xgboost.parquet","unique-recovery-evidence","canonical implementation, test, documentation, or immutable audit evidence","post-acceptance audit","false","true","required by active package, verification suite, user documentation, or recoverable repair evidence"
"migration/recovered_artifacts/protocol15temp/06_cpu_single_site/outer_tuned_parts/outer_4_lgbm.json","unique-recovery-evidence","canonical implementation, test, documentation, or immutable audit evidence","post-acceptance audit","false","true","required by active package, verification suite, user documentation, or recoverable repair evidence"
"migration/recovered_artifacts/protocol15temp/06_cpu_single_site/outer_tuned_parts/outer_4_lgbm.parquet","unique-recovery-evidence","canonical implementation, test, documentation, or immutable audit evidence","post-acceptance audit","false","true","required by active package, verification suite, user documentation, or recoverable repair evidence"
"migration/recovered_artifacts/protocol15temp/06_cpu_single_site/outer_tuned_parts/outer_4_ridge_mos.json","unique-recovery-evidence","canonical implementation, test, documentation, or immutable audit evidence","post-acceptance audit","false","true","required by active package, verification suite, user documentation, or recoverable repair evidence"
"migration/recovered_artifacts/protocol15temp/06_cpu_single_site/outer_tuned_parts/outer_4_ridge_mos.parquet","unique-recovery-evidence","canonical implementation, test, documentation, or immutable audit evidence","post-acceptance audit","false","true","required by active package, verification suite, user documentation, or recoverable repair evidence"
"migration/recovered_artifacts/protocol15temp/06_cpu_single_site/outer_tuned_parts/outer_4_xgboost.json","unique-recovery-evidence","canonical implementation, test, documentation, or immutable audit evidence","post-acceptance audit","false","true","required by active package, verification suite, user documentation, or recoverable repair evidence"
"migration/recovered_artifacts/protocol15temp/06_cpu_single_site/outer_tuned_parts/outer_4_xgboost.parquet","unique-recovery-evidence","canonical implementation, test, documentation, or immutable audit evidence","post-acceptance audit","false","true","required by active package, verification suite, user documentation, or recoverable repair evidence"
"migration/recovered_artifacts/protocol15temp/06_cpu_single_site/outer_tuned_parts/outer_5_lgbm.json","unique-recovery-evidence","canonical implementation, test, documentation, or immutable audit evidence","post-acceptance audit","false","true","required by active package, verification suite, user documentation, or recoverable repair evidence"
"migration/recovered_artifacts/protocol15temp/06_cpu_single_site/outer_tuned_parts/outer_5_lgbm.parquet","unique-recovery-evidence","canonical implementation, test, documentation, or immutable audit evidence","post-acceptance audit","false","true","required by active package, verification suite, user documentation, or recoverable repair evidence"
"migration/recovered_artifacts/protocol15temp/06_cpu_single_site/outer_tuned_parts/outer_5_ridge_mos.json","unique-recovery-evidence","canonical implementation, test, documentation, or immutable audit evidence","post-acceptance audit","false","true","required by active package, verification suite, user documentation, or recoverable repair evidence"
"migration/recovered_artifacts/protocol15temp/06_cpu_single_site/outer_tuned_parts/outer_5_ridge_mos.parquet","unique-recovery-evidence","canonical implementation, test, documentation, or immutable audit evidence","post-acceptance audit","false","true","required by active package, verification suite, user documentation, or recoverable repair evidence"
"migration/recovered_artifacts/protocol15temp/06_cpu_single_site/outer_tuned_parts/outer_5_xgboost.json","unique-recovery-evidence","canonical implementation, test, documentation, or immutable audit evidence","post-acceptance audit","false","true","required by active package, verification suite, user documentation, or recoverable repair evidence"
"migration/recovered_artifacts/protocol15temp/06_cpu_single_site/outer_tuned_parts/outer_5_xgboost.parquet","unique-recovery-evidence","canonical implementation, test, documentation, or immutable audit evidence","post-acceptance audit","false","true","required by active package, verification suite, user documentation, or recoverable repair evidence"
"migration/recovered_artifacts/protocol15temp/06_cpu_single_site/outer_tuned_predictions.parquet","unique-recovery-evidence","canonical implementation, test, documentation, or immutable audit evidence","post-acceptance audit","false","true","required by active package, verification suite, user documentation, or recoverable repair evidence"
"migration/recovered_artifacts/protocol15temp/06_cpu_single_site/tuning/outer_1_lgbm.json","unique-recovery-evidence","canonical implementation, test, documentation, or immutable audit evidence","post-acceptance audit","false","true","required by active package, verification suite, user documentation, or recoverable repair evidence"
"migration/recovered_artifacts/protocol15temp/06_cpu_single_site/tuning/outer_1_ridge_mos.json","unique-recovery-evidence","canonical implementation, test, documentation, or immutable audit evidence","post-acceptance audit","false","true","required by active package, verification suite, user documentation, or recoverable repair evidence"
"migration/recovered_artifacts/protocol15temp/06_cpu_single_site/tuning/outer_1_xgboost.json","unique-recovery-evidence","canonical implementation, test, documentation, or immutable audit evidence","post-acceptance audit","false","true","required by active package, verification suite, user documentation, or recoverable repair evidence"
"migration/recovered_artifacts/protocol15temp/06_cpu_single_site/tuning/outer_2_lgbm.json","unique-recovery-evidence","canonical implementation, test, documentation, or immutable audit evidence","post-acceptance audit","false","true","required by active package, verification suite, user documentation, or recoverable repair evidence"
"migration/recovered_artifacts/protocol15temp/06_cpu_single_site/tuning/outer_2_ridge_mos.json","unique-recovery-evidence","canonical implementation, test, documentation, or immutable audit evidence","post-acceptance audit","false","true","required by active package, verification suite, user documentation, or recoverable repair evidence"
"migration/recovered_artifacts/protocol15temp/06_cpu_single_site/tuning/outer_2_xgboost.json","unique-recovery-evidence","canonical implementation, test, documentation, or immutable audit evidence","post-acceptance audit","false","true","required by active package, verification suite, user documentation, or recoverable repair evidence"
"migration/recovered_artifacts/protocol15temp/06_cpu_single_site/tuning/outer_3_lgbm.json","unique-recovery-evidence","canonical implementation, test, documentation, or immutable audit evidence","post-acceptance audit","false","true","required by active package, verification suite, user documentation, or recoverable repair evidence"
"migration/recovered_artifacts/protocol15temp/06_cpu_single_site/tuning/outer_3_ridge_mos.json","unique-recovery-evidence","canonical implementation, test, documentation, or immutable audit evidence","post-acceptance audit","false","true","required by active package, verification suite, user documentation, or recoverable repair evidence"
"migration/recovered_artifacts/protocol15temp/06_cpu_single_site/tuning/outer_3_xgboost.json","unique-recovery-evidence","canonical implementation, test, documentation, or immutable audit evidence","post-acceptance audit","false","true","required by active package, verification suite, user documentation, or recoverable repair evidence"
"migration/recovered_artifacts/protocol15temp/06_cpu_single_site/tuning/outer_4_lgbm.json","unique-recovery-evidence","canonical implementation, test, documentation, or immutable audit evidence","post-acceptance audit","false","true","required by active package, verification suite, user documentation, or recoverable repair evidence"
"migration/recovered_artifacts/protocol15temp/06_cpu_single_site/tuning/outer_4_ridge_mos.json","unique-recovery-evidence","canonical implementation, test, documentation, or immutable audit evidence","post-acceptance audit","false","true","required by active package, verification suite, user documentation, or recoverable repair evidence"
"migration/recovered_artifacts/protocol15temp/06_cpu_single_site/tuning/outer_4_xgboost.json","unique-recovery-evidence","canonical implementation, test, documentation, or immutable audit evidence","post-acceptance audit","false","true","required by active package, verification suite, user documentation, or recoverable repair evidence"
"migration/recovered_artifacts/protocol15temp/06_cpu_single_site/tuning/outer_5_lgbm.json","unique-recovery-evidence","canonical implementation, test, documentation, or immutable audit evidence","post-acceptance audit","false","true","required by active package, verification suite, user documentation, or recoverable repair evidence"
"migration/recovered_artifacts/protocol15temp/06_cpu_single_site/tuning/outer_5_ridge_mos.json","unique-recovery-evidence","canonical implementation, test, documentation, or immutable audit evidence","post-acceptance audit","false","true","required by active package, verification suite, user documentation, or recoverable repair evidence"
"migration/recovered_artifacts/protocol15temp/06_cpu_single_site/tuning/outer_5_xgboost.json","unique-recovery-evidence","canonical implementation, test, documentation, or immutable audit evidence","post-acceptance audit","false","true","required by active package, verification suite, user documentation, or recoverable repair evidence"
"migration/recovered_artifacts/protocol15temp/06_cpu_single_site/tuning_gap14/outer_1_lgbm.json","unique-recovery-evidence","canonical implementation, test, documentation, or immutable audit evidence","post-acceptance audit","false","true","required by active package, verification suite, user documentation, or recoverable repair evidence"
"migration/recovered_artifacts/protocol15temp/06_cpu_single_site/tuning_gap14/outer_1_ridge_mos.json","unique-recovery-evidence","canonical implementation, test, documentation, or immutable audit evidence","post-acceptance audit","false","true","required by active package, verification suite, user documentation, or recoverable repair evidence"
"migration/recovered_artifacts/protocol15temp/06_cpu_single_site/tuning_gap7/outer_1_lgbm.json","unique-recovery-evidence","canonical implementation, test, documentation, or immutable audit evidence","post-acceptance audit","false","true","required by active package, verification suite, user documentation, or recoverable repair evidence"
"migration/recovered_artifacts/protocol15temp/06_cpu_single_site/tuning_gap7/outer_1_ridge_mos.json","unique-recovery-evidence","canonical implementation, test, documentation, or immutable audit evidence","post-acceptance audit","false","true","required by active package, verification suite, user documentation, or recoverable repair evidence"
"migration/recovered_artifacts/protocol15temp/06_cpu_single_site/tuning_gap7/outer_1_xgboost.json","unique-recovery-evidence","canonical implementation, test, documentation, or immutable audit evidence","post-acceptance audit","false","true","required by active package, verification suite, user documentation, or recoverable repair evidence"
"migration/recovered_artifacts/protocol15temp/06_cpu_single_site/tuning_gap7/outer_2_lgbm.json","unique-recovery-evidence","canonical implementation, test, documentation, or immutable audit evidence","post-acceptance audit","false","true","required by active package, verification suite, user documentation, or recoverable repair evidence"
"migration/recovered_artifacts/protocol15temp/06_cpu_single_site/tuning_gap7/outer_2_ridge_mos.json","unique-recovery-evidence","canonical implementation, test, documentation, or immutable audit evidence","post-acceptance audit","false","true","required by active package, verification suite, user documentation, or recoverable repair evidence"
"migration/recovered_artifacts/protocol15temp/06_cpu_single_site/tuning_gap7/outer_2_xgboost.json","unique-recovery-evidence","canonical implementation, test, documentation, or immutable audit evidence","post-acceptance audit","false","true","required by active package, verification suite, user documentation, or recoverable repair evidence"
"migration/recovered_artifacts/protocol15temp/06_cpu_single_site/tuning_gap7/outer_3_lgbm.json","unique-recovery-evidence","canonical implementation, test, documentation, or immutable audit evidence","post-acceptance audit","false","true","required by active package, verification suite, user documentation, or recoverable repair evidence"
"migration/recovered_artifacts/protocol15temp/06_cpu_single_site/tuning_gap7/outer_3_ridge_mos.json","unique-recovery-evidence","canonical implementation, test, documentation, or immutable audit evidence","post-acceptance audit","false","true","required by active package, verification suite, user documentation, or recoverable repair evidence"
"migration/recovered_artifacts/protocol15temp/06_cpu_single_site/tuning_gap7/outer_3_xgboost.json","unique-recovery-evidence","canonical implementation, test, documentation, or immutable audit evidence","post-acceptance audit","false","true","required by active package, verification suite, user documentation, or recoverable repair evidence"
"migration/recovered_artifacts/protocol15temp/06_cpu_single_site/tuning_gap7/outer_4_lgbm.json","unique-recovery-evidence","canonical implementation, test, documentation, or immutable audit evidence","post-acceptance audit","false","true","required by active package, verification suite, user documentation, or recoverable repair evidence"
"migration/recovered_artifacts/protocol15temp/06_cpu_single_site/tuning_gap7/outer_4_ridge_mos.json","unique-recovery-evidence","canonical implementation, test, documentation, or immutable audit evidence","post-acceptance audit","false","true","required by active package, verification suite, user documentation, or recoverable repair evidence"
"migration/recovered_artifacts/protocol15temp/06_cpu_single_site/tuning_gap7/outer_4_xgboost.json","unique-recovery-evidence","canonical implementation, test, documentation, or immutable audit evidence","post-acceptance audit","false","true","required by active package, verification suite, user documentation, or recoverable repair evidence"
"migration/recovered_artifacts/protocol15temp/06_cpu_single_site/tuning_gap7/outer_5_lgbm.json","unique-recovery-evidence","canonical implementation, test, documentation, or immutable audit evidence","post-acceptance audit","false","true","required by active package, verification suite, user documentation, or recoverable repair evidence"
"migration/recovered_artifacts/protocol15temp/06_cpu_single_site/tuning_gap7/outer_5_ridge_mos.json","unique-recovery-evidence","canonical implementation, test, documentation, or immutable audit evidence","post-acceptance audit","false","true","required by active package, verification suite, user documentation, or recoverable repair evidence"
"migration/recovered_artifacts/protocol15temp/06_cpu_single_site/tuning_gap7/outer_5_xgboost.json","unique-recovery-evidence","canonical implementation, test, documentation, or immutable audit evidence","post-acceptance audit","false","true","required by active package, verification suite, user documentation, or recoverable repair evidence"
"migration/recovered_artifacts/protocol2/02_clean/quality_audit_nanjing_1.json","unique-recovery-evidence","canonical implementation, test, documentation, or immutable audit evidence","post-acceptance audit","false","true","required by active package, verification suite, user documentation, or recoverable repair evidence"
"migration/recovered_artifacts/protocol2/02_clean/quality_report_nanjing_1.md","unique-recovery-evidence","canonical implementation, test, documentation, or immutable audit evidence","post-acceptance audit","false","true","required by active package, verification suite, user documentation, or recoverable repair evidence"
"migration/recovery_required_register.csv","migration-evidence","canonical implementation, test, documentation, or immutable audit evidence","post-acceptance audit","false","true","required by active package, verification suite, user documentation, or recoverable repair evidence"
"migration/repository_inventory.csv","migration-evidence","canonical implementation, test, documentation, or immutable audit evidence","post-acceptance audit","false","true","required by active package, verification suite, user documentation, or recoverable repair evidence"
"migration/repository_inventory_summary.json","migration-evidence","canonical implementation, test, documentation, or immutable audit evidence","post-acceptance audit","false","true","required by active package, verification suite, user documentation, or recoverable repair evidence"
"migration/restore_allowlist.csv","migration-evidence","canonical implementation, test, documentation, or immutable audit evidence","post-acceptance audit","false","true","required by active package, verification suite, user documentation, or recoverable repair evidence"
"project_manifest.yaml","repository","canonical implementation, test, documentation, or immutable audit evidence","repository tooling/users","false","true","required by active package, verification suite, user documentation, or recoverable repair evidence"
"pyproject.toml","repository","canonical implementation, test, documentation, or immutable audit evidence","repository tooling/users","false","true","required by active package, verification suite, user documentation, or recoverable repair evidence"
"requirements-lock.txt","repository","canonical implementation, test, documentation, or immutable audit evidence","repository tooling/users","false","true","required by active package, verification suite, user documentation, or recoverable repair evidence"
"src/nwp/__init__.py","source","canonical implementation, test, documentation, or immutable audit evidence","nwp runtime/CLI","true","true","required by active package, verification suite, user documentation, or recoverable repair evidence"
"src/nwp/__main__.py","source","canonical implementation, test, documentation, or immutable audit evidence","nwp runtime/CLI","true","true","required by active package, verification suite, user documentation, or recoverable repair evidence"
"src/nwp/cli.py","source","canonical implementation, test, documentation, or immutable audit evidence","nwp runtime/CLI","true","true","required by active package, verification suite, user documentation, or recoverable repair evidence"
"src/nwp/core/__init__.py","source","canonical implementation, test, documentation, or immutable audit evidence","nwp runtime/CLI","true","true","required by active package, verification suite, user documentation, or recoverable repair evidence"
"src/nwp/core/artifacts.py","source","canonical implementation, test, documentation, or immutable audit evidence","nwp runtime/CLI","true","true","required by active package, verification suite, user documentation, or recoverable repair evidence"
"src/nwp/core/config.py","source","canonical implementation, test, documentation, or immutable audit evidence","nwp runtime/CLI","true","true","required by active package, verification suite, user documentation, or recoverable repair evidence"
"src/nwp/core/context.py","source","canonical implementation, test, documentation, or immutable audit evidence","nwp runtime/CLI","true","true","required by active package, verification suite, user documentation, or recoverable repair evidence"
"src/nwp/core/dependencies.py","source","canonical implementation, test, documentation, or immutable audit evidence","nwp runtime/CLI","true","true","required by active package, verification suite, user documentation, or recoverable repair evidence"
"src/nwp/core/fingerprints.py","source","canonical implementation, test, documentation, or immutable audit evidence","nwp runtime/CLI","true","true","required by active package, verification suite, user documentation, or recoverable repair evidence"
"src/nwp/core/hashing.py","source","canonical implementation, test, documentation, or immutable audit evidence","nwp runtime/CLI","true","true","required by active package, verification suite, user documentation, or recoverable repair evidence"
"src/nwp/core/lifecycle.py","source","canonical implementation, test, documentation, or immutable audit evidence","nwp runtime/CLI","true","true","required by active package, verification suite, user documentation, or recoverable repair evidence"
"src/nwp/core/paths.py","source","canonical implementation, test, documentation, or immutable audit evidence","nwp runtime/CLI","true","true","required by active package, verification suite, user documentation, or recoverable repair evidence"
"src/nwp/core/provenance.py","source","canonical implementation, test, documentation, or immutable audit evidence","nwp runtime/CLI","true","true","required by active package, verification suite, user documentation, or recoverable repair evidence"
"src/nwp/core/schema.py","source","canonical implementation, test, documentation, or immutable audit evidence","nwp runtime/CLI","true","true","required by active package, verification suite, user documentation, or recoverable repair evidence"
"src/nwp/core/validation.py","source","canonical implementation, test, documentation, or immutable audit evidence","nwp runtime/CLI","true","true","required by active package, verification suite, user documentation, or recoverable repair evidence"
"src/nwp/data/__init__.py","source","canonical implementation, test, documentation, or immutable audit evidence","nwp runtime/CLI","true","true","required by active package, verification suite, user documentation, or recoverable repair evidence"
"src/nwp/data/audit.py","source","canonical implementation, test, documentation, or immutable audit evidence","nwp runtime/CLI","true","true","required by active package, verification suite, user documentation, or recoverable repair evidence"
"src/nwp/data/clean.py","source","canonical implementation, test, documentation, or immutable audit evidence","nwp runtime/CLI","true","true","required by active package, verification suite, user documentation, or recoverable repair evidence"
"src/nwp/data/client.py","source","canonical implementation, test, documentation, or immutable audit evidence","nwp runtime/CLI","true","true","required by active package, verification suite, user documentation, or recoverable repair evidence"
"src/nwp/data/contracts.py","source","canonical implementation, test, documentation, or immutable audit evidence","nwp runtime/CLI","true","true","required by active package, verification suite, user documentation, or recoverable repair evidence"
"src/nwp/data/fetch.py","source","canonical implementation, test, documentation, or immutable audit evidence","nwp runtime/CLI","true","true","required by active package, verification suite, user documentation, or recoverable repair evidence"
"src/nwp/evaluation/__init__.py","source","canonical implementation, test, documentation, or immutable audit evidence","nwp runtime/CLI","true","true","required by active package, verification suite, user documentation, or recoverable repair evidence"
"src/nwp/evaluation/grouped.py","source","canonical implementation, test, documentation, or immutable audit evidence","nwp runtime/CLI","true","true","required by active package, verification suite, user documentation, or recoverable repair evidence"
"src/nwp/evaluation/interpretation.py","source","canonical implementation, test, documentation, or immutable audit evidence","nwp runtime/CLI","true","true","required by active package, verification suite, user documentation, or recoverable repair evidence"
"src/nwp/evaluation/metrics.py","source","canonical implementation, test, documentation, or immutable audit evidence","nwp runtime/CLI","true","true","required by active package, verification suite, user documentation, or recoverable repair evidence"
"src/nwp/evaluation/spatial.py","source","canonical implementation, test, documentation, or immutable audit evidence","nwp runtime/CLI","true","true","required by active package, verification suite, user documentation, or recoverable repair evidence"
"src/nwp/experiment/__init__.py","source","canonical implementation, test, documentation, or immutable audit evidence","nwp runtime/CLI","true","true","required by active package, verification suite, user documentation, or recoverable repair evidence"
"src/nwp/experiment/calibration.py","source","canonical implementation, test, documentation, or immutable audit evidence","nwp runtime/CLI","true","true","required by active package, verification suite, user documentation, or recoverable repair evidence"
"src/nwp/experiment/fitting.py","source","canonical implementation, test, documentation, or immutable audit evidence","nwp runtime/CLI","true","true","required by active package, verification suite, user documentation, or recoverable repair evidence"
"src/nwp/experiment/prediction.py","source","canonical implementation, test, documentation, or immutable audit evidence","nwp runtime/CLI","true","true","required by active package, verification suite, user documentation, or recoverable repair evidence"
"src/nwp/experiment/tuning.py","source","canonical implementation, test, documentation, or immutable audit evidence","nwp runtime/CLI","true","true","required by active package, verification suite, user documentation, or recoverable repair evidence"
"src/nwp/features/__init__.py","source","canonical implementation, test, documentation, or immutable audit evidence","nwp runtime/CLI","true","true","required by active package, verification suite, user documentation, or recoverable repair evidence"
"src/nwp/features/build.py","source","canonical implementation, test, documentation, or immutable audit evidence","nwp runtime/CLI","true","true","required by active package, verification suite, user documentation, or recoverable repair evidence"
"src/nwp/features/engineering.py","source","canonical implementation, test, documentation, or immutable audit evidence","nwp runtime/CLI","true","true","required by active package, verification suite, user documentation, or recoverable repair evidence"
"src/nwp/features/physics.py","source","canonical implementation, test, documentation, or immutable audit evidence","nwp runtime/CLI","true","true","required by active package, verification suite, user documentation, or recoverable repair evidence"
"src/nwp/features/preprocessing.py","source","canonical implementation, test, documentation, or immutable audit evidence","nwp runtime/CLI","true","true","required by active package, verification suite, user documentation, or recoverable repair evidence"
"src/nwp/models/__init__.py","source","canonical implementation, test, documentation, or immutable audit evidence","nwp runtime/CLI","true","true","required by active package, verification suite, user documentation, or recoverable repair evidence"
"src/nwp/models/base.py","source","canonical implementation, test, documentation, or immutable audit evidence","nwp runtime/CLI","true","true","required by active package, verification suite, user documentation, or recoverable repair evidence"
"src/nwp/models/baselines.py","source","canonical implementation, test, documentation, or immutable audit evidence","nwp runtime/CLI","true","true","required by active package, verification suite, user documentation, or recoverable repair evidence"
"src/nwp/models/deep/__init__.py","source","canonical implementation, test, documentation, or immutable audit evidence","nwp runtime/CLI","true","true","required by active package, verification suite, user documentation, or recoverable repair evidence"
"src/nwp/models/deep/architectures.py","source","canonical implementation, test, documentation, or immutable audit evidence","nwp runtime/CLI","true","true","required by active package, verification suite, user documentation, or recoverable repair evidence"
"src/nwp/models/deep/training.py","source","canonical implementation, test, documentation, or immutable audit evidence","nwp runtime/CLI","true","true","required by active package, verification suite, user documentation, or recoverable repair evidence"
"src/nwp/models/factory.py","source","canonical implementation, test, documentation, or immutable audit evidence","nwp runtime/CLI","true","true","required by active package, verification suite, user documentation, or recoverable repair evidence"
"src/nwp/models/statistical.py","source","canonical implementation, test, documentation, or immutable audit evidence","nwp runtime/CLI","true","true","required by active package, verification suite, user documentation, or recoverable repair evidence"
"src/nwp/models/trees.py","source","canonical implementation, test, documentation, or immutable audit evidence","nwp runtime/CLI","true","true","required by active package, verification suite, user documentation, or recoverable repair evidence"
"src/nwp/splits/__init__.py","source","canonical implementation, test, documentation, or immutable audit evidence","nwp runtime/CLI","true","true","required by active package, verification suite, user documentation, or recoverable repair evidence"
"src/nwp/splits/diagnostics.py","source","canonical implementation, test, documentation, or immutable audit evidence","nwp runtime/CLI","true","true","required by active package, verification suite, user documentation, or recoverable repair evidence"
"src/nwp/splits/rolling.py","source","canonical implementation, test, documentation, or immutable audit evidence","nwp runtime/CLI","true","true","required by active package, verification suite, user documentation, or recoverable repair evidence"
"src/nwp/visualization/__init__.py","source","canonical implementation, test, documentation, or immutable audit evidence","nwp runtime/CLI","true","true","required by active package, verification suite, user documentation, or recoverable repair evidence"
"src/nwp/visualization/figures.py","source","canonical implementation, test, documentation, or immutable audit evidence","nwp runtime/CLI","true","true","required by active package, verification suite, user documentation, or recoverable repair evidence"
"src/nwp/visualization/style.py","source","canonical implementation, test, documentation, or immutable audit evidence","nwp runtime/CLI","true","true","required by active package, verification suite, user documentation, or recoverable repair evidence"
"src/nwp/workflow/__init__.py","source","canonical implementation, test, documentation, or immutable audit evidence","nwp runtime/CLI","true","true","required by active package, verification suite, user documentation, or recoverable repair evidence"
"src/nwp/workflow/pipeline.py","source","canonical implementation, test, documentation, or immutable audit evidence","nwp runtime/CLI","true","true","required by active package, verification suite, user documentation, or recoverable repair evidence"
"src/nwp/workflow/stages/__init__.py","source","canonical implementation, test, documentation, or immutable audit evidence","nwp runtime/CLI","true","true","required by active package, verification suite, user documentation, or recoverable repair evidence"
"src/nwp/workflow/stages/analysis.py","source","canonical implementation, test, documentation, or immutable audit evidence","nwp runtime/CLI","true","true","required by active package, verification suite, user documentation, or recoverable repair evidence"
"src/nwp/workflow/stages/common.py","source","canonical implementation, test, documentation, or immutable audit evidence","nwp runtime/CLI","true","true","required by active package, verification suite, user documentation, or recoverable repair evidence"
"src/nwp/workflow/stages/modeling.py","source","canonical implementation, test, documentation, or immutable audit evidence","nwp runtime/CLI","true","true","required by active package, verification suite, user documentation, or recoverable repair evidence"
"src/nwp/workflow/stages/prepare.py","source","canonical implementation, test, documentation, or immutable audit evidence","nwp runtime/CLI","true","true","required by active package, verification suite, user documentation, or recoverable repair evidence"
"tests/__init__.py","test","canonical implementation, test, documentation, or immutable audit evidence","pytest","false","true","required by active package, verification suite, user documentation, or recoverable repair evidence"
"tests/e2e/test_cli.py","test","canonical implementation, test, documentation, or immutable audit evidence","pytest","false","true","required by active package, verification suite, user documentation, or recoverable repair evidence"
"tests/e2e/test_prediction_flow.py","test","canonical implementation, test, documentation, or immutable audit evidence","pytest","false","true","required by active package, verification suite, user documentation, or recoverable repair evidence"
"tests/integration/__init__.py","test","canonical implementation, test, documentation, or immutable audit evidence","pytest","false","true","required by active package, verification suite, user documentation, or recoverable repair evidence"
"tests/integration/synthetic_protocol_fixture.py","test","canonical implementation, test, documentation, or immutable audit evidence","pytest","false","true","required by active package, verification suite, user documentation, or recoverable repair evidence"
"tests/integration/test_child_run_reuse_workflow.py","test","canonical implementation, test, documentation, or immutable audit evidence","pytest","false","true","required by active package, verification suite, user documentation, or recoverable repair evidence"
"tests/integration/test_data_pipeline.py","test","canonical implementation, test, documentation, or immutable audit evidence","pytest","false","true","required by active package, verification suite, user documentation, or recoverable repair evidence"
"tests/integration/test_protocol_flow.py","test","canonical implementation, test, documentation, or immutable audit evidence","pytest","false","true","required by active package, verification suite, user documentation, or recoverable repair evidence"
"tests/integration/test_workflow.py","test","canonical implementation, test, documentation, or immutable audit evidence","pytest","false","true","required by active package, verification suite, user documentation, or recoverable repair evidence"
"tests/unit/test_causal_calibration.py","test","canonical implementation, test, documentation, or immutable audit evidence","pytest","false","true","required by active package, verification suite, user documentation, or recoverable repair evidence"
"tests/unit/test_config.py","test","canonical implementation, test, documentation, or immutable audit evidence","pytest","false","true","required by active package, verification suite, user documentation, or recoverable repair evidence"
"tests/unit/test_core.py","test","canonical implementation, test, documentation, or immutable audit evidence","pytest","false","true","required by active package, verification suite, user documentation, or recoverable repair evidence"
"tests/unit/test_data_contract.py","test","canonical implementation, test, documentation, or immutable audit evidence","pytest","false","true","required by active package, verification suite, user documentation, or recoverable repair evidence"
"tests/unit/test_deep_architectures.py","test","canonical implementation, test, documentation, or immutable audit evidence","pytest","false","true","required by active package, verification suite, user documentation, or recoverable repair evidence"
"tests/unit/test_features.py","test","canonical implementation, test, documentation, or immutable audit evidence","pytest","false","true","required by active package, verification suite, user documentation, or recoverable repair evidence"
"tests/unit/test_final_repair_contracts.py","test","canonical implementation, test, documentation, or immutable audit evidence","pytest","false","true","required by active package, verification suite, user documentation, or recoverable repair evidence"
"tests/unit/test_fixed_models.py","test","canonical implementation, test, documentation, or immutable audit evidence","pytest","false","true","required by active package, verification suite, user documentation, or recoverable repair evidence"
"tests/unit/test_formal_evaluation.py","test","canonical implementation, test, documentation, or immutable audit evidence","pytest","false","true","required by active package, verification suite, user documentation, or recoverable repair evidence"
"tests/unit/test_interpretation.py","test","canonical implementation, test, documentation, or immutable audit evidence","pytest","false","true","required by active package, verification suite, user documentation, or recoverable repair evidence"
"tests/unit/test_interpretation_gate.py","test","canonical implementation, test, documentation, or immutable audit evidence","pytest","false","true","required by active package, verification suite, user documentation, or recoverable repair evidence"
"tests/unit/test_manifest.py","test","canonical implementation, test, documentation, or immutable audit evidence","pytest","false","true","required by active package, verification suite, user documentation, or recoverable repair evidence"
"tests/unit/test_models.py","test","canonical implementation, test, documentation, or immutable audit evidence","pytest","false","true","required by active package, verification suite, user documentation, or recoverable repair evidence"
"tests/unit/test_prediction_metrics.py","test","canonical implementation, test, documentation, or immutable audit evidence","pytest","false","true","required by active package, verification suite, user documentation, or recoverable repair evidence"
"tests/unit/test_protocol.py","test","canonical implementation, test, documentation, or immutable audit evidence","pytest","false","true","required by active package, verification suite, user documentation, or recoverable repair evidence"
"tests/unit/test_raw_data_contracts.py","test","canonical implementation, test, documentation, or immutable audit evidence","pytest","false","true","required by active package, verification suite, user documentation, or recoverable repair evidence"
"tests/unit/test_readiness.py","test","canonical implementation, test, documentation, or immutable audit evidence","pytest","false","true","required by active package, verification suite, user documentation, or recoverable repair evidence"
"tests/unit/test_repair_register.py","test","canonical implementation, test, documentation, or immutable audit evidence","pytest","false","true","required by active package, verification suite, user documentation, or recoverable repair evidence"
"tests/unit/test_repository_layout.py","test","canonical implementation, test, documentation, or immutable audit evidence","pytest","false","true","required by active package, verification suite, user documentation, or recoverable repair evidence"
"tests/unit/test_returned_service_physics.py","test","canonical implementation, test, documentation, or immutable audit evidence","pytest","false","true","required by active package, verification suite, user documentation, or recoverable repair evidence"
"tests/unit/test_service_probe.py","test","canonical implementation, test, documentation, or immutable audit evidence","pytest","false","true","required by active package, verification suite, user documentation, or recoverable repair evidence"
"tests/unit/test_spatial_contracts.py","test","canonical implementation, test, documentation, or immutable audit evidence","pytest","false","true","required by active package, verification suite, user documentation, or recoverable repair evidence"
"tests/unit/test_spatial_levels.py","test","canonical implementation, test, documentation, or immutable audit evidence","pytest","false","true","required by active package, verification suite, user documentation, or recoverable repair evidence"
"tests/unit/test_split_protocol.py","test","canonical implementation, test, documentation, or immutable audit evidence","pytest","false","true","required by active package, verification suite, user documentation, or recoverable repair evidence"
"tests/unit/test_splits.py","test","canonical implementation, test, documentation, or immutable audit evidence","pytest","false","true","required by active package, verification suite, user documentation, or recoverable repair evidence"
"tests/unit/test_tree_refit.py","test","canonical implementation, test, documentation, or immutable audit evidence","pytest","false","true","required by active package, verification suite, user documentation, or recoverable repair evidence"
"tests/unit/test_tuning.py","test","canonical implementation, test, documentation, or immutable audit evidence","pytest","false","true","required by active package, verification suite, user documentation, or recoverable repair evidence"
"tests/unit/test_visualization.py","test","canonical implementation, test, documentation, or immutable audit evidence","pytest","false","true","required by active package, verification suite, user documentation, or recoverable repair evidence"
"tests/unit/test_workflow_contract.py","test","canonical implementation, test, documentation, or immutable audit evidence","pytest","false","true","required by active package, verification suite, user documentation, or recoverable repair evidence"
