"path","information_preserved_in","delete_after_acceptance","reason"
"migration/archive_manifest.json","long-term migration record","false","required long-term record"
"migration/data_nonpartition_disposition.csv","migration/final_repair_register.csv or final canonical docs/config","true","temporary audit or superseded construction record"
"migration/data_processed_import_plan.csv","migration/final_repair_register.csv or final canonical docs/config","true","temporary audit or superseded construction record"
"migration/data_raw_import_plan.csv","migration/final_repair_register.csv or final canonical docs/config","true","temporary audit or superseded construction record"
"migration/data_raw_variant_plan.csv","migration/final_repair_register.csv or final canonical docs/config","true","temporary audit or superseded construction record"
"migration/development_run_file_inventory.csv","migration/final_repair_register.csv or final canonical docs/config","true","temporary audit or superseded construction record"
"migration/development_run_inventory.csv","migration/final_repair_register.csv or final canonical docs/config","true","temporary audit or superseded construction record"
"migration/features_regression_check.json","migration/final_repair_register.csv or final canonical docs/config","true","temporary audit or superseded construction record"
"migration/figure_inventory.csv","long-term migration record","false","required long-term record"
"migration/final_data_contract_export.json","migration/final_repair_register.csv or final canonical docs/config","true","temporary audit or superseded construction record"
"migration/final_dependency_inventory.csv","long-term migration record","false","required long-term record"
"migration/final_directory_tree.md","migration/final_repair_register.csv or final canonical docs/config","true","temporary audit or superseded construction record"
"migration/final_features_export.json","migration/final_repair_register.csv or final canonical docs/config","true","temporary audit or superseded construction record"
"migration/final_model_registry_export.json","migration/final_repair_register.csv or final canonical docs/config","true","temporary audit or superseded construction record"
"migration/final_protocol_export.json","migration/final_repair_register.csv or final canonical docs/config","true","temporary audit or superseded construction record"
"migration/final_repair_baseline/data_contract_baseline.json","pre-final-repair-20261004 and final acceptance evidence","true","temporary audit or superseded construction record"
"migration/final_repair_baseline/experiments_baseline.json","pre-final-repair-20261004 and final acceptance evidence","true","temporary audit or superseded construction record"
"migration/final_repair_baseline/features_baseline.json","pre-final-repair-20261004 and final acceptance evidence","true","temporary audit or superseded construction record"
"migration/final_repair_baseline/git_status.txt","pre-final-repair-20261004 and final acceptance evidence","true","temporary audit or superseded construction record"
"migration/final_repair_baseline/git_tree.txt","pre-final-repair-20261004 and final acceptance evidence","true","temporary audit or superseded construction record"
"migration/final_repair_baseline/ignored_files.txt","pre-final-repair-20261004 and final acceptance evidence","true","temporary audit or superseded construction record"
"migration/final_repair_baseline/local_inventory_before.csv","pre-final-repair-20261004 and final acceptance evidence","true","temporary audit or superseded construction record"
"migration/final_repair_baseline/migration_sha256_before.csv","pre-final-repair-20261004 and final acceptance evidence","true","temporary audit or superseded construction record"
"migration/final_repair_baseline/model_registry_baseline.json","pre-final-repair-20261004 and final acceptance evidence","true","temporary audit or superseded construction record"
"migration/final_repair_baseline/protocol_baseline.json","pre-final-repair-20261004 and final acceptance evidence","true","temporary audit or superseded construction record"
"migration/final_repair_baseline/tracked_files.txt","pre-final-repair-20261004 and final acceptance evidence","true","temporary audit or superseded construction record"
"migration/final_repair_baseline/untracked_files.txt","pre-final-repair-20261004 and final acceptance evidence","true","temporary audit or superseded construction record"
"migration/final_repair_register.csv","long-term migration record","false","required long-term record"
"migration/final_residual_search.md","migration/final_repair_register.csv or final canonical docs/config","true","temporary audit or superseded construction record"
"migration/import_manifests/nanjing_diagnostic.json","long-term migration record","false","required long-term record"
"migration/import_manifests/raw_data_audit.json","long-term migration record","false","required long-term record"
"migration/migration_map.csv","long-term migration record","false","required long-term record"
"migration/phase_a_baseline.md","migration/final_repair_register.csv or final canonical docs/config","true","temporary audit or superseded construction record"
"migration/phase_b_review.md","migration/final_repair_register.csv or final canonical docs/config","true","temporary audit or superseded construction record"
"migration/phase_c_config.md","migration/final_repair_register.csv or final canonical docs/config","true","temporary audit or superseded construction record"
"migration/phase_d_core.md","migration/final_repair_register.csv or final canonical docs/config","true","temporary audit or superseded construction record"
"migration/phase_e_data_features_splits.md","migration/final_repair_register.csv or final canonical docs/config","true","temporary audit or superseded construction record"
"migration/phase_f_models_experiment.md","migration/final_repair_register.csv or final canonical docs/config","true","temporary audit or superseded construction record"
"migration/phase_g_workflow.md","migration/final_repair_register.csv or final canonical docs/config","true","temporary audit or superseded construction record"
"migration/phase_h_evaluation_figures.md","migration/final_repair_register.csv or final canonical docs/config","true","temporary audit or superseded construction record"
"migration/phase_i_data_artifacts.md","migration/final_repair_register.csv or final canonical docs/config","true","temporary audit or superseded construction record"
"migration/phase_j_docs.md","migration/final_repair_register.csv or final canonical docs/config","true","temporary audit or superseded construction record"
"migration/phase_k_cleanup.md","migration/final_repair_register.csv or final canonical docs/config","true","temporary audit or superseded construction record"
"migration/previous_acceptance_invalidated.md","migration/final_repair_register.csv or final canonical docs/config","true","temporary audit or superseded construction record"
"migration/protocol_regression_check.json","migration/final_repair_register.csv or final canonical docs/config","true","temporary audit or superseded construction record"
"migration/recovered_artifacts/main_clean_audits/quality_report_changzhou_1.md","migration/archive_manifest.json + immutable Git tag; external archive not yet confirmed","false","retained until external archive exists"
"migration/recovered_artifacts/main_clean_audits/quality_report_huai_an_1.md","migration/archive_manifest.json + immutable Git tag; external archive not yet confirmed","false","retained until external archive exists"
"migration/recovered_artifacts/main_clean_audits/quality_report_huai_an_2.md","migration/archive_manifest.json + immutable Git tag; external archive not yet confirmed","false","retained until external archive exists"
"migration/recovered_artifacts/main_clean_audits/quality_report_huai_an_3.md","migration/archive_manifest.json + immutable Git tag; external archive not yet confirmed","false","retained until external archive exists"
"migration/recovered_artifacts/main_clean_audits/quality_report_lianyungang_1.md","migration/archive_manifest.json + immutable Git tag; external archive not yet confirmed","false","retained until external archive exists"
"migration/recovered_artifacts/main_clean_audits/quality_report_lianyungang_2.md","migration/archive_manifest.json + immutable Git tag; external archive not yet confirmed","false","retained until external archive exists"
"migration/recovered_artifacts/main_clean_audits/quality_report_nanjing_1.md","migration/archive_manifest.json + immutable Git tag; external archive not yet confirmed","false","retained until external archive exists"
"migration/recovered_artifacts/main_clean_audits/quality_report_nanjing_2.md","migration/archive_manifest.json + immutable Git tag; external archive not yet confirmed","false","retained until external archive exists"
"migration/recovered_artifacts/main_clean_audits/quality_report_nantong_1.md","migration/archive_manifest.json + immutable Git tag; external archive not yet confirmed","false","retained until external archive exists"
"migration/recovered_artifacts/main_clean_audits/quality_report_nantong_2.md","migration/archive_manifest.json + immutable Git tag; external archive not yet confirmed","false","retained until external archive exists"
"migration/recovered_artifacts/main_clean_audits/quality_report_suqian_1.md","migration/archive_manifest.json + immutable Git tag; external archive not yet confirmed","false","retained until external archive exists"
"migration/recovered_artifacts/main_clean_audits/quality_report_suzhou_1.md","migration/archive_manifest.json + immutable Git tag; external archive not yet confirmed","false","retained until external archive exists"
"migration/recovered_artifacts/main_clean_audits/quality_report_taizhou_1.md","migration/archive_manifest.json + immutable Git tag; external archive not yet confirmed","false","retained until external archive exists"
"migration/recovered_artifacts/main_clean_audits/quality_report_taizhou_2.md","migration/archive_manifest.json + immutable Git tag; external archive not yet confirmed","false","retained until external archive exists"
"migration/recovered_artifacts/main_clean_audits/quality_report_wuxi_1.md","migration/archive_manifest.json + immutable Git tag; external archive not yet confirmed","false","retained until external archive exists"
"migration/recovered_artifacts/main_clean_audits/quality_report_xuzhou_1.md","migration/archive_manifest.json + immutable Git tag; external archive not yet confirmed","false","retained until external archive exists"
"migration/recovered_artifacts/main_clean_audits/quality_report_xuzhou_2.md","migration/archive_manifest.json + immutable Git tag; external archive not yet confirmed","false","retained until external archive exists"
"migration/recovered_artifacts/main_clean_audits/quality_report_yancheng_1.md","migration/archive_manifest.json + immutable Git tag; external archive not yet confirmed","false","retained until external archive exists"
"migration/recovered_artifacts/main_clean_audits/quality_report_yancheng_2.md","migration/archive_manifest.json + immutable Git tag; external archive not yet confirmed","false","retained until external archive exists"
"migration/recovered_artifacts/main_clean_audits/quality_report_yancheng_3.md","migration/archive_manifest.json + immutable Git tag; external archive not yet confirmed","false","retained until external archive exists"
"migration/recovered_artifacts/protocol15temp/00_audits/legacy_raw_audit.json","migration/archive_manifest.json + immutable Git tag; external archive not yet confirmed","false","retained until external archive exists"
"migration/recovered_artifacts/protocol15temp/00_audits/legacy_truth_20site.json","migration/archive_manifest.json + immutable Git tag; external archive not yet confirmed","false","retained until external archive exists"
"migration/recovered_artifacts/protocol15temp/02_clean/quality_audit_nanjing_1.json","migration/archive_manifest.json + immutable Git tag; external archive not yet confirmed","false","retained until external archive exists"
"migration/recovered_artifacts/protocol15temp/02_clean/quality_report_nanjing_1.md","migration/archive_manifest.json + immutable Git tag; external archive not yet confirmed","false","retained until external archive exists"
"migration/recovered_artifacts/protocol15temp/05_cpu_mini_e2e/metrics.json","migration/archive_manifest.json + immutable Git tag; external archive not yet confirmed","false","retained until external archive exists"
"migration/recovered_artifacts/protocol15temp/05_cpu_mini_e2e/predictions.parquet","migration/archive_manifest.json + immutable Git tag; external archive not yet confirmed","false","retained until external archive exists"
"migration/recovered_artifacts/protocol15temp/05_cpu_mini_e2e/receipt.json","migration/archive_manifest.json + immutable Git tag; external archive not yet confirmed","false","retained until external archive exists"
"migration/recovered_artifacts/protocol15temp/05_cpu_mini_e2e/ridge_inner_trials.json","migration/archive_manifest.json + immutable Git tag; external archive not yet confirmed","false","retained until external archive exists"
"migration/recovered_artifacts/protocol15temp/06_cpu_single_site/final_test_calibrated.parquet","migration/archive_manifest.json + immutable Git tag; external archive not yet confirmed","false","retained until external archive exists"
"migration/recovered_artifacts/protocol15temp/06_cpu_single_site/final_test_summary.json","migration/archive_manifest.json + immutable Git tag; external archive not yet confirmed","false","retained until external archive exists"
"migration/recovered_artifacts/protocol15temp/06_cpu_single_site/final_test_uncalibrated.parquet","migration/archive_manifest.json + immutable Git tag; external archive not yet confirmed","false","retained until external archive exists"
"migration/recovered_artifacts/protocol15temp/06_cpu_single_site/group_analysis/outer_1_inner_1.json","migration/archive_manifest.json + immutable Git tag; external archive not yet confirmed","false","retained until external archive exists"
"migration/recovered_artifacts/protocol15temp/06_cpu_single_site/group_analysis/outer_1_inner_2.json","migration/archive_manifest.json + immutable Git tag; external archive not yet confirmed","false","retained until external archive exists"
"migration/recovered_artifacts/protocol15temp/06_cpu_single_site/group_analysis/outer_1_inner_3.json","migration/archive_manifest.json + immutable Git tag; external archive not yet confirmed","false","retained until external archive exists"
"migration/recovered_artifacts/protocol15temp/06_cpu_single_site/group_analysis/outer_2_inner_1.json","migration/archive_manifest.json + immutable Git tag; external archive not yet confirmed","false","retained until external archive exists"
"migration/recovered_artifacts/protocol15temp/06_cpu_single_site/group_analysis/outer_2_inner_2.json","migration/archive_manifest.json + immutable Git tag; external archive not yet confirmed","false","retained until external archive exists"
"migration/recovered_artifacts/protocol15temp/06_cpu_single_site/group_analysis/outer_2_inner_3.json","migration/archive_manifest.json + immutable Git tag; external archive not yet confirmed","false","retained until external archive exists"
"migration/recovered_artifacts/protocol15temp/06_cpu_single_site/group_analysis/outer_3_inner_1.json","migration/archive_manifest.json + immutable Git tag; external archive not yet confirmed","false","retained until external archive exists"
"migration/recovered_artifacts/protocol15temp/06_cpu_single_site/group_analysis/outer_3_inner_2.json","migration/archive_manifest.json + immutable Git tag; external archive not yet confirmed","false","retained until external archive exists"
"migration/recovered_artifacts/protocol15temp/06_cpu_single_site/group_analysis/outer_3_inner_3.json","migration/archive_manifest.json + immutable Git tag; external archive not yet confirmed","false","retained until external archive exists"
"migration/recovered_artifacts/protocol15temp/06_cpu_single_site/group_analysis/outer_4_inner_1.json","migration/archive_manifest.json + immutable Git tag; external archive not yet confirmed","false","retained until external archive exists"
"migration/recovered_artifacts/protocol15temp/06_cpu_single_site/group_analysis/outer_4_inner_2.json","migration/archive_manifest.json + immutable Git tag; external archive not yet confirmed","false","retained until external archive exists"
"migration/recovered_artifacts/protocol15temp/06_cpu_single_site/group_analysis/outer_4_inner_3.json","migration/archive_manifest.json + immutable Git tag; external archive not yet confirmed","false","retained until external archive exists"
"migration/recovered_artifacts/protocol15temp/06_cpu_single_site/group_analysis/outer_5_inner_1.json","migration/archive_manifest.json + immutable Git tag; external archive not yet confirmed","false","retained until external archive exists"
"migration/recovered_artifacts/protocol15temp/06_cpu_single_site/group_analysis/outer_5_inner_2.json","migration/archive_manifest.json + immutable Git tag; external archive not yet confirmed","false","retained until external archive exists"
"migration/recovered_artifacts/protocol15temp/06_cpu_single_site/group_analysis/outer_5_inner_3.json","migration/archive_manifest.json + immutable Git tag; external archive not yet confirmed","false","retained until external archive exists"
"migration/recovered_artifacts/protocol15temp/06_cpu_single_site/outer_all_cpu_summary.json","migration/archive_manifest.json + immutable Git tag; external archive not yet confirmed","false","retained until external archive exists"
"migration/recovered_artifacts/protocol15temp/06_cpu_single_site/outer_fixed_gap14_predictions.parquet","migration/archive_manifest.json + immutable Git tag; external archive not yet confirmed","false","retained until external archive exists"
"migration/recovered_artifacts/protocol15temp/06_cpu_single_site/outer_fixed_gap14_summary.json","migration/archive_manifest.json + immutable Git tag; external archive not yet confirmed","false","retained until external archive exists"
"migration/recovered_artifacts/protocol15temp/06_cpu_single_site/outer_fixed_gap7_predictions.parquet","migration/archive_manifest.json + immutable Git tag; external archive not yet confirmed","false","retained until external archive exists"
"migration/recovered_artifacts/protocol15temp/06_cpu_single_site/outer_fixed_gap7_summary.json","migration/archive_manifest.json + immutable Git tag; external archive not yet confirmed","false","retained until external archive exists"
"migration/recovered_artifacts/protocol15temp/06_cpu_single_site/outer_fixed_predictions.parquet","migration/archive_manifest.json + immutable Git tag; external archive not yet confirmed","false","retained until external archive exists"
"migration/recovered_artifacts/protocol15temp/06_cpu_single_site/outer_fixed_summary.json","migration/archive_manifest.json + immutable Git tag; external archive not yet confirmed","false","retained until external archive exists"
"migration/recovered_artifacts/protocol15temp/06_cpu_single_site/outer_tuned_parts/outer_1_lgbm.json","migration/archive_manifest.json + immutable Git tag; external archive not yet confirmed","false","retained until external archive exists"
"migration/recovered_artifacts/protocol15temp/06_cpu_single_site/outer_tuned_parts/outer_1_lgbm.parquet","migration/archive_manifest.json + immutable Git tag; external archive not yet confirmed","false","retained until external archive exists"
"migration/recovered_artifacts/protocol15temp/06_cpu_single_site/outer_tuned_parts/outer_1_ridge_mos.json","migration/archive_manifest.json + immutable Git tag; external archive not yet confirmed","false","retained until external archive exists"
"migration/recovered_artifacts/protocol15temp/06_cpu_single_site/outer_tuned_parts/outer_1_ridge_mos.parquet","migration/archive_manifest.json + immutable Git tag; external archive not yet confirmed","false","retained until external archive exists"
"migration/recovered_artifacts/protocol15temp/06_cpu_single_site/outer_tuned_parts/outer_1_xgboost.json","migration/archive_manifest.json + immutable Git tag; external archive not yet confirmed","false","retained until external archive exists"
"migration/recovered_artifacts/protocol15temp/06_cpu_single_site/outer_tuned_parts/outer_1_xgboost.parquet","migration/archive_manifest.json + immutable Git tag; external archive not yet confirmed","false","retained until external archive exists"
"migration/recovered_artifacts/protocol15temp/06_cpu_single_site/outer_tuned_parts/outer_2_lgbm.json","migration/archive_manifest.json + immutable Git tag; external archive not yet confirmed","false","retained until external archive exists"
"migration/recovered_artifacts/protocol15temp/06_cpu_single_site/outer_tuned_parts/outer_2_lgbm.parquet","migration/archive_manifest.json + immutable Git tag; external archive not yet confirmed","false","retained until external archive exists"
"migration/recovered_artifacts/protocol15temp/06_cpu_single_site/outer_tuned_parts/outer_2_ridge_mos.json","migration/archive_manifest.json + immutable Git tag; external archive not yet confirmed","false","retained until external archive exists"
"migration/recovered_artifacts/protocol15temp/06_cpu_single_site/outer_tuned_parts/outer_2_ridge_mos.parquet","migration/archive_manifest.json + immutable Git tag; external archive not yet confirmed","false","retained until external archive exists"
"migration/recovered_artifacts/protocol15temp/06_cpu_single_site/outer_tuned_parts/outer_2_xgboost.json","migration/archive_manifest.json + immutable Git tag; external archive not yet confirmed","false","retained until external archive exists"
"migration/recovered_artifacts/protocol15temp/06_cpu_single_site/outer_tuned_parts/outer_2_xgboost.parquet","migration/archive_manifest.json + immutable Git tag; external archive not yet confirmed","false","retained until external archive exists"
"migration/recovered_artifacts/protocol15temp/06_cpu_single_site/outer_tuned_parts/outer_3_lgbm.json","migration/archive_manifest.json + immutable Git tag; external archive not yet confirmed","false","retained until external archive exists"
"migration/recovered_artifacts/protocol15temp/06_cpu_single_site/outer_tuned_parts/outer_3_lgbm.parquet","migration/archive_manifest.json + immutable Git tag; external archive not yet confirmed","false","retained until external archive exists"
"migration/recovered_artifacts/protocol15temp/06_cpu_single_site/outer_tuned_parts/outer_3_ridge_mos.json","migration/archive_manifest.json + immutable Git tag; external archive not yet confirmed","false","retained until external archive exists"
"migration/recovered_artifacts/protocol15temp/06_cpu_single_site/outer_tuned_parts/outer_3_ridge_mos.parquet","migration/archive_manifest.json + immutable Git tag; external archive not yet confirmed","false","retained until external archive exists"
"migration/recovered_artifacts/protocol15temp/06_cpu_single_site/outer_tuned_parts/outer_3_xgboost.json","migration/archive_manifest.json + immutable Git tag; external archive not yet confirmed","false","retained until external archive exists"
"migration/recovered_artifacts/protocol15temp/06_cpu_single_site/outer_tuned_parts/outer_3_xgboost.parquet","migration/archive_manifest.json + immutable Git tag; external archive not yet confirmed","false","retained until external archive exists"
"migration/recovered_artifacts/protocol15temp/06_cpu_single_site/outer_tuned_parts/outer_4_lgbm.json","migration/archive_manifest.json + immutable Git tag; external archive not yet confirmed","false","retained until external archive exists"
"migration/recovered_artifacts/protocol15temp/06_cpu_single_site/outer_tuned_parts/outer_4_lgbm.parquet","migration/archive_manifest.json + immutable Git tag; external archive not yet confirmed","false","retained until external archive exists"
"migration/recovered_artifacts/protocol15temp/06_cpu_single_site/outer_tuned_parts/outer_4_ridge_mos.json","migration/archive_manifest.json + immutable Git tag; external archive not yet confirmed","false","retained until external archive exists"
"migration/recovered_artifacts/protocol15temp/06_cpu_single_site/outer_tuned_parts/outer_4_ridge_mos.parquet","migration/archive_manifest.json + immutable Git tag; external archive not yet confirmed","false","retained until external archive exists"
"migration/recovered_artifacts/protocol15temp/06_cpu_single_site/outer_tuned_parts/outer_4_xgboost.json","migration/archive_manifest.json + immutable Git tag; external archive not yet confirmed","false","retained until external archive exists"
"migration/recovered_artifacts/protocol15temp/06_cpu_single_site/outer_tuned_parts/outer_4_xgboost.parquet","migration/archive_manifest.json + immutable Git tag; external archive not yet confirmed","false","retained until external archive exists"
"migration/recovered_artifacts/protocol15temp/06_cpu_single_site/outer_tuned_parts/outer_5_lgbm.json","migration/archive_manifest.json + immutable Git tag; external archive not yet confirmed","false","retained until external archive exists"
"migration/recovered_artifacts/protocol15temp/06_cpu_single_site/outer_tuned_parts/outer_5_lgbm.parquet","migration/archive_manifest.json + immutable Git tag; external archive not yet confirmed","false","retained until external archive exists"
"migration/recovered_artifacts/protocol15temp/06_cpu_single_site/outer_tuned_parts/outer_5_ridge_mos.json","migration/archive_manifest.json + immutable Git tag; external archive not yet confirmed","false","retained until external archive exists"
"migration/recovered_artifacts/protocol15temp/06_cpu_single_site/outer_tuned_parts/outer_5_ridge_mos.parquet","migration/archive_manifest.json + immutable Git tag; external archive not yet confirmed","false","retained until external archive exists"
"migration/recovered_artifacts/protocol15temp/06_cpu_single_site/outer_tuned_parts/outer_5_xgboost.json","migration/archive_manifest.json + immutable Git tag; external archive not yet confirmed","false","retained until external archive exists"
"migration/recovered_artifacts/protocol15temp/06_cpu_single_site/outer_tuned_parts/outer_5_xgboost.parquet","migration/archive_manifest.json + immutable Git tag; external archive not yet confirmed","false","retained until external archive exists"
"migration/recovered_artifacts/protocol15temp/06_cpu_single_site/outer_tuned_predictions.parquet","migration/archive_manifest.json + immutable Git tag; external archive not yet confirmed","false","retained until external archive exists"
"migration/recovered_artifacts/protocol15temp/06_cpu_single_site/tuning_gap14/outer_1_lgbm.json","migration/archive_manifest.json + immutable Git tag; external archive not yet confirmed","false","retained until external archive exists"
"migration/recovered_artifacts/protocol15temp/06_cpu_single_site/tuning_gap14/outer_1_ridge_mos.json","migration/archive_manifest.json + immutable Git tag; external archive not yet confirmed","false","retained until external archive exists"
"migration/recovered_artifacts/protocol15temp/06_cpu_single_site/tuning_gap7/outer_1_lgbm.json","migration/archive_manifest.json + immutable Git tag; external archive not yet confirmed","false","retained until external archive exists"
"migration/recovered_artifacts/protocol15temp/06_cpu_single_site/tuning_gap7/outer_1_ridge_mos.json","migration/archive_manifest.json + immutable Git tag; external archive not yet confirmed","false","retained until external archive exists"
"migration/recovered_artifacts/protocol15temp/06_cpu_single_site/tuning_gap7/outer_1_xgboost.json","migration/archive_manifest.json + immutable Git tag; external archive not yet confirmed","false","retained until external archive exists"
"migration/recovered_artifacts/protocol15temp/06_cpu_single_site/tuning_gap7/outer_2_lgbm.json","migration/archive_manifest.json + immutable Git tag; external archive not yet confirmed","false","retained until external archive exists"
"migration/recovered_artifacts/protocol15temp/06_cpu_single_site/tuning_gap7/outer_2_ridge_mos.json","migration/archive_manifest.json + immutable Git tag; external archive not yet confirmed","false","retained until external archive exists"
"migration/recovered_artifacts/protocol15temp/06_cpu_single_site/tuning_gap7/outer_2_xgboost.json","migration/archive_manifest.json + immutable Git tag; external archive not yet confirmed","false","retained until external archive exists"
"migration/recovered_artifacts/protocol15temp/06_cpu_single_site/tuning_gap7/outer_3_lgbm.json","migration/archive_manifest.json + immutable Git tag; external archive not yet confirmed","false","retained until external archive exists"
"migration/recovered_artifacts/protocol15temp/06_cpu_single_site/tuning_gap7/outer_3_ridge_mos.json","migration/archive_manifest.json + immutable Git tag; external archive not yet confirmed","false","retained until external archive exists"
"migration/recovered_artifacts/protocol15temp/06_cpu_single_site/tuning_gap7/outer_3_xgboost.json","migration/archive_manifest.json + immutable Git tag; external archive not yet confirmed","false","retained until external archive exists"
"migration/recovered_artifacts/protocol15temp/06_cpu_single_site/tuning_gap7/outer_4_lgbm.json","migration/archive_manifest.json + immutable Git tag; external archive not yet confirmed","false","retained until external archive exists"
"migration/recovered_artifacts/protocol15temp/06_cpu_single_site/tuning_gap7/outer_4_ridge_mos.json","migration/archive_manifest.json + immutable Git tag; external archive not yet confirmed","false","retained until external archive exists"
"migration/recovered_artifacts/protocol15temp/06_cpu_single_site/tuning_gap7/outer_4_xgboost.json","migration/archive_manifest.json + immutable Git tag; external archive not yet confirmed","false","retained until external archive exists"
"migration/recovered_artifacts/protocol15temp/06_cpu_single_site/tuning_gap7/outer_5_lgbm.json","migration/archive_manifest.json + immutable Git tag; external archive not yet confirmed","false","retained until external archive exists"
"migration/recovered_artifacts/protocol15temp/06_cpu_single_site/tuning_gap7/outer_5_ridge_mos.json","migration/archive_manifest.json + immutable Git tag; external archive not yet confirmed","false","retained until external archive exists"
"migration/recovered_artifacts/protocol15temp/06_cpu_single_site/tuning_gap7/outer_5_xgboost.json","migration/archive_manifest.json + immutable Git tag; external archive not yet confirmed","false","retained until external archive exists"
"migration/recovered_artifacts/protocol15temp/06_cpu_single_site/tuning/outer_1_lgbm.json","migration/archive_manifest.json + immutable Git tag; external archive not yet confirmed","false","retained until external archive exists"
"migration/recovered_artifacts/protocol15temp/06_cpu_single_site/tuning/outer_1_ridge_mos.json","migration/archive_manifest.json + immutable Git tag; external archive not yet confirmed","false","retained until external archive exists"
"migration/recovered_artifacts/protocol15temp/06_cpu_single_site/tuning/outer_1_xgboost.json","migration/archive_manifest.json + immutable Git tag; external archive not yet confirmed","false","retained until external archive exists"
"migration/recovered_artifacts/protocol15temp/06_cpu_single_site/tuning/outer_2_lgbm.json","migration/archive_manifest.json + immutable Git tag; external archive not yet confirmed","false","retained until external archive exists"
"migration/recovered_artifacts/protocol15temp/06_cpu_single_site/tuning/outer_2_ridge_mos.json","migration/archive_manifest.json + immutable Git tag; external archive not yet confirmed","false","retained until external archive exists"
"migration/recovered_artifacts/protocol15temp/06_cpu_single_site/tuning/outer_2_xgboost.json","migration/archive_manifest.json + immutable Git tag; external archive not yet confirmed","false","retained until external archive exists"
"migration/recovered_artifacts/protocol15temp/06_cpu_single_site/tuning/outer_3_lgbm.json","migration/archive_manifest.json + immutable Git tag; external archive not yet confirmed","false","retained until external archive exists"
"migration/recovered_artifacts/protocol15temp/06_cpu_single_site/tuning/outer_3_ridge_mos.json","migration/archive_manifest.json + immutable Git tag; external archive not yet confirmed","false","retained until external archive exists"
"migration/recovered_artifacts/protocol15temp/06_cpu_single_site/tuning/outer_3_xgboost.json","migration/archive_manifest.json + immutable Git tag; external archive not yet confirmed","false","retained until external archive exists"
"migration/recovered_artifacts/protocol15temp/06_cpu_single_site/tuning/outer_4_lgbm.json","migration/archive_manifest.json + immutable Git tag; external archive not yet confirmed","false","retained until external archive exists"
"migration/recovered_artifacts/protocol15temp/06_cpu_single_site/tuning/outer_4_ridge_mos.json","migration/archive_manifest.json + immutable Git tag; external archive not yet confirmed","false","retained until external archive exists"
"migration/recovered_artifacts/protocol15temp/06_cpu_single_site/tuning/outer_4_xgboost.json","migration/archive_manifest.json + immutable Git tag; external archive not yet confirmed","false","retained until external archive exists"
"migration/recovered_artifacts/protocol15temp/06_cpu_single_site/tuning/outer_5_lgbm.json","migration/archive_manifest.json + immutable Git tag; external archive not yet confirmed","false","retained until external archive exists"
"migration/recovered_artifacts/protocol15temp/06_cpu_single_site/tuning/outer_5_ridge_mos.json","migration/archive_manifest.json + immutable Git tag; external archive not yet confirmed","false","retained until external archive exists"
"migration/recovered_artifacts/protocol15temp/06_cpu_single_site/tuning/outer_5_xgboost.json","migration/archive_manifest.json + immutable Git tag; external archive not yet confirmed","false","retained until external archive exists"
"migration/recovered_artifacts/protocol2/02_clean/quality_audit_nanjing_1.json","migration/archive_manifest.json + immutable Git tag; external archive not yet confirmed","false","retained until external archive exists"
"migration/recovered_artifacts/protocol2/02_clean/quality_report_nanjing_1.md","migration/archive_manifest.json + immutable Git tag; external archive not yet confirmed","false","retained until external archive exists"
"migration/recovery_required_register.csv","migration/final_repair_register.csv or final canonical docs/config","true","temporary audit or superseded construction record"
"migration/recovery_staging/nanjing_diagnostic/figs/nanjing_15var_diagnostic/01_data/fig_cloud_error_ghi_error_hexbin_source.csv","migration/archive_manifest.json + immutable Git tag; external archive not yet confirmed","false","retained until external archive exists"
"migration/recovery_staging/nanjing_diagnostic/figs/nanjing_15var_diagnostic/01_data/fig_cloud_error_ghi_error_hexbin.pdf","migration/archive_manifest.json + immutable Git tag; external archive not yet confirmed","false","retained until external archive exists"
"migration/recovery_staging/nanjing_diagnostic/figs/nanjing_15var_diagnostic/01_data/fig_cloud_error_ghi_error_hexbin.png","migration/archive_manifest.json + immutable Git tag; external archive not yet confirmed","false","retained until external archive exists"
"migration/recovery_staging/nanjing_diagnostic/figs/nanjing_15var_diagnostic/01_data/fig_cloud_error_ghi_error_hexbin.svg","migration/archive_manifest.json + immutable Git tag; external archive not yet confirmed","false","retained until external archive exists"
"migration/recovery_staging/nanjing_diagnostic/figs/nanjing_15var_diagnostic/01_data/fig_data_source_timeline_source.csv","migration/archive_manifest.json + immutable Git tag; external archive not yet confirmed","false","retained until external archive exists"
"migration/recovery_staging/nanjing_diagnostic/figs/nanjing_15var_diagnostic/01_data/fig_data_source_timeline.png","migration/archive_manifest.json + immutable Git tag; external archive not yet confirmed","false","retained until external archive exists"
"migration/recovery_staging/nanjing_diagnostic/figs/nanjing_15var_diagnostic/01_data/fig_data_source_timeline.svg","migration/archive_manifest.json + immutable Git tag; external archive not yet confirmed","false","retained until external archive exists"
"migration/recovery_staging/nanjing_diagnostic/figs/nanjing_15var_diagnostic/01_data/fig_feature_distribution_hexbin_source.csv","migration/archive_manifest.json + immutable Git tag; external archive not yet confirmed","false","retained until external archive exists"
"migration/recovery_staging/nanjing_diagnostic/figs/nanjing_15var_diagnostic/01_data/fig_feature_distribution_hexbin.png","migration/archive_manifest.json + immutable Git tag; external archive not yet confirmed","false","retained until external archive exists"
"migration/recovery_staging/nanjing_diagnostic/figs/nanjing_15var_diagnostic/01_data/fig_feature_distribution_hexbin.svg","migration/archive_manifest.json + immutable Git tag; external archive not yet confirmed","false","retained until external archive exists"
"migration/recovery_staging/nanjing_diagnostic/figs/nanjing_15var_diagnostic/03_model_benchmark/all_cpu_rmse_by_fold.csv","migration/archive_manifest.json + immutable Git tag; external archive not yet confirmed","false","retained until external archive exists"
"migration/recovery_staging/nanjing_diagnostic/figs/nanjing_15var_diagnostic/03_model_benchmark/all_cpu_rmse_by_lead.csv","migration/archive_manifest.json + immutable Git tag; external archive not yet confirmed","false","retained until external archive exists"
"migration/recovery_staging/nanjing_diagnostic/figs/nanjing_15var_diagnostic/03_model_benchmark/all_cpu_rmse_overall.csv","migration/archive_manifest.json + immutable Git tag; external archive not yet confirmed","false","retained until external archive exists"
"migration/recovery_staging/nanjing_diagnostic/figs/nanjing_15var_diagnostic/03_model_benchmark/fig_cpu_improvement_vs_raw_source.csv","migration/archive_manifest.json + immutable Git tag; external archive not yet confirmed","false","retained until external archive exists"
"migration/recovery_staging/nanjing_diagnostic/figs/nanjing_15var_diagnostic/03_model_benchmark/fig_cpu_improvement_vs_raw.png","migration/archive_manifest.json + immutable Git tag; external archive not yet confirmed","false","retained until external archive exists"
"migration/recovery_staging/nanjing_diagnostic/figs/nanjing_15var_diagnostic/03_model_benchmark/fig_cpu_improvement_vs_raw.svg","migration/archive_manifest.json + immutable Git tag; external archive not yet confirmed","false","retained until external archive exists"
"migration/recovery_staging/nanjing_diagnostic/figs/nanjing_15var_diagnostic/03_model_benchmark/fig_cpu_lead_performance_source.csv","migration/archive_manifest.json + immutable Git tag; external archive not yet confirmed","false","retained until external archive exists"
"migration/recovery_staging/nanjing_diagnostic/figs/nanjing_15var_diagnostic/03_model_benchmark/fig_cpu_lead_performance.png","migration/archive_manifest.json + immutable Git tag; external archive not yet confirmed","false","retained until external archive exists"
"migration/recovery_staging/nanjing_diagnostic/figs/nanjing_15var_diagnostic/03_model_benchmark/fig_cpu_lead_performance.svg","migration/archive_manifest.json + immutable Git tag; external archive not yet confirmed","false","retained until external archive exists"
"migration/recovery_staging/nanjing_diagnostic/figs/nanjing_15var_diagnostic/03_model_benchmark/fig_cpu_overall_pinball_source.csv","migration/archive_manifest.json + immutable Git tag; external archive not yet confirmed","false","retained until external archive exists"
"migration/recovery_staging/nanjing_diagnostic/figs/nanjing_15var_diagnostic/03_model_benchmark/fig_cpu_overall_pinball.png","migration/archive_manifest.json + immutable Git tag; external archive not yet confirmed","false","retained until external archive exists"
"migration/recovery_staging/nanjing_diagnostic/figs/nanjing_15var_diagnostic/03_model_benchmark/fig_cpu_overall_pinball.svg","migration/archive_manifest.json + immutable Git tag; external archive not yet confirmed","false","retained until external archive exists"
"migration/recovery_staging/nanjing_diagnostic/figs/nanjing_15var_diagnostic/03_model_benchmark/fig_tuning_candidates_source.csv","migration/archive_manifest.json + immutable Git tag; external archive not yet confirmed","false","retained until external archive exists"
"migration/recovery_staging/nanjing_diagnostic/figs/nanjing_15var_diagnostic/03_model_benchmark/fig_tuning_candidates.png","migration/archive_manifest.json + immutable Git tag; external archive not yet confirmed","false","retained until external archive exists"
"migration/recovery_staging/nanjing_diagnostic/figs/nanjing_15var_diagnostic/03_model_benchmark/fig_tuning_candidates.svg","migration/archive_manifest.json + immutable Git tag; external archive not yet confirmed","false","retained until external archive exists"
"migration/recovery_staging/nanjing_diagnostic/figs/nanjing_15var_diagnostic/03_model_benchmark/fig_value_ladder.png","migration/archive_manifest.json + immutable Git tag; external archive not yet confirmed","false","retained until external archive exists"
"migration/recovery_staging/nanjing_diagnostic/figs/nanjing_15var_diagnostic/03_model_benchmark/fig_value_ladder.svg","migration/archive_manifest.json + immutable Git tag; external archive not yet confirmed","false","retained until external archive exists"
"migration/recovery_staging/nanjing_diagnostic/figs/nanjing_15var_diagnostic/03_model_benchmark/fixed_rmse_by_fold_lead.csv","migration/archive_manifest.json + immutable Git tag; external archive not yet confirmed","false","retained until external archive exists"
"migration/recovery_staging/nanjing_diagnostic/figs/nanjing_15var_diagnostic/03_model_benchmark/fixed_rmse_by_fold.csv","migration/archive_manifest.json + immutable Git tag; external archive not yet confirmed","false","retained until external archive exists"
"migration/recovery_staging/nanjing_diagnostic/figs/nanjing_15var_diagnostic/03_model_benchmark/fixed_rmse_overall.csv","migration/archive_manifest.json + immutable Git tag; external archive not yet confirmed","false","retained until external archive exists"
"migration/recovery_staging/nanjing_diagnostic/figs/nanjing_15var_diagnostic/04_probability/fig_coverage_reliability_source.csv","migration/archive_manifest.json + immutable Git tag; external archive not yet confirmed","false","retained until external archive exists"
"migration/recovery_staging/nanjing_diagnostic/figs/nanjing_15var_diagnostic/04_probability/fig_coverage_reliability.png","migration/archive_manifest.json + immutable Git tag; external archive not yet confirmed","false","retained until external archive exists"
"migration/recovery_staging/nanjing_diagnostic/figs/nanjing_15var_diagnostic/04_probability/fig_coverage_reliability.svg","migration/archive_manifest.json + immutable Git tag; external archive not yet confirmed","false","retained until external archive exists"
"migration/recovery_staging/nanjing_diagnostic/figs/nanjing_15var_diagnostic/04_probability/fig_coverage_width_source.csv","migration/archive_manifest.json + immutable Git tag; external archive not yet confirmed","false","retained until external archive exists"
"migration/recovery_staging/nanjing_diagnostic/figs/nanjing_15var_diagnostic/04_probability/fig_coverage_width.png","migration/archive_manifest.json + immutable Git tag; external archive not yet confirmed","false","retained until external archive exists"
"migration/recovery_staging/nanjing_diagnostic/figs/nanjing_15var_diagnostic/04_probability/fig_coverage_width.svg","migration/archive_manifest.json + immutable Git tag; external archive not yet confirmed","false","retained until external archive exists"
"migration/recovery_staging/nanjing_diagnostic/figs/nanjing_15var_diagnostic/04_probability/fig_quantile_case_source.csv","migration/archive_manifest.json + immutable Git tag; external archive not yet confirmed","false","retained until external archive exists"
"migration/recovery_staging/nanjing_diagnostic/figs/nanjing_15var_diagnostic/04_probability/fig_quantile_case.png","migration/archive_manifest.json + immutable Git tag; external archive not yet confirmed","false","retained until external archive exists"
"migration/recovery_staging/nanjing_diagnostic/figs/nanjing_15var_diagnostic/04_probability/fig_quantile_case.svg","migration/archive_manifest.json + immutable Git tag; external archive not yet confirmed","false","retained until external archive exists"
"migration/recovery_staging/nanjing_diagnostic/figs/nanjing_15var_diagnostic/04_probability/fig_weather_conditional_coverage_source.csv","migration/archive_manifest.json + immutable Git tag; external archive not yet confirmed","false","retained until external archive exists"
"migration/recovery_staging/nanjing_diagnostic/figs/nanjing_15var_diagnostic/04_probability/fig_weather_conditional_coverage.png","migration/archive_manifest.json + immutable Git tag; external archive not yet confirmed","false","retained until external archive exists"
"migration/recovery_staging/nanjing_diagnostic/figs/nanjing_15var_diagnostic/04_probability/fig_weather_conditional_coverage.svg","migration/archive_manifest.json + immutable Git tag; external archive not yet confirmed","false","retained until external archive exists"
"migration/recovery_staging/nanjing_diagnostic/figs/nanjing_15var_diagnostic/05_interpretation/fig_group_ablation_by_outer.csv","migration/archive_manifest.json + immutable Git tag; external archive not yet confirmed","false","retained until external archive exists"
"migration/recovery_staging/nanjing_diagnostic/figs/nanjing_15var_diagnostic/05_interpretation/fig_group_ablation_source.csv","migration/archive_manifest.json + immutable Git tag; external archive not yet confirmed","false","retained until external archive exists"
"migration/recovery_staging/nanjing_diagnostic/figs/nanjing_15var_diagnostic/05_interpretation/fig_group_ablation.png","migration/archive_manifest.json + immutable Git tag; external archive not yet confirmed","false","retained until external archive exists"
"migration/recovery_staging/nanjing_diagnostic/figs/nanjing_15var_diagnostic/05_interpretation/fig_group_ablation.svg","migration/archive_manifest.json + immutable Git tag; external archive not yet confirmed","false","retained until external archive exists"
"migration/recovery_staging/nanjing_diagnostic/figs/nanjing_15var_diagnostic/05_interpretation/fig_group_permutation_by_outer.csv","migration/archive_manifest.json + immutable Git tag; external archive not yet confirmed","false","retained until external archive exists"
"migration/recovery_staging/nanjing_diagnostic/figs/nanjing_15var_diagnostic/05_interpretation/fig_group_permutation_source.csv","migration/archive_manifest.json + immutable Git tag; external archive not yet confirmed","false","retained until external archive exists"
"migration/recovery_staging/nanjing_diagnostic/figs/nanjing_15var_diagnostic/05_interpretation/fig_group_permutation.png","migration/archive_manifest.json + immutable Git tag; external archive not yet confirmed","false","retained until external archive exists"
"migration/recovery_staging/nanjing_diagnostic/figs/nanjing_15var_diagnostic/05_interpretation/fig_group_permutation.svg","migration/archive_manifest.json + immutable Git tag; external archive not yet confirmed","false","retained until external archive exists"
"migration/recovery_staging/nanjing_diagnostic/figs/nanjing_15var_diagnostic/05_interpretation/fig_key_feature_hexbin_source.csv","migration/archive_manifest.json + immutable Git tag; external archive not yet confirmed","false","retained until external archive exists"
"migration/recovery_staging/nanjing_diagnostic/figs/nanjing_15var_diagnostic/05_interpretation/fig_key_feature_hexbin.png","migration/archive_manifest.json + immutable Git tag; external archive not yet confirmed","false","retained until external archive exists"
"migration/recovery_staging/nanjing_diagnostic/figs/nanjing_15var_diagnostic/05_interpretation/fig_key_feature_hexbin.svg","migration/archive_manifest.json + immutable Git tag; external archive not yet confirmed","false","retained until external archive exists"
"migration/recovery_staging/nanjing_diagnostic/figs/nanjing_15var_diagnostic/05_interpretation/fig_shap_beeswarm_importance.csv","migration/archive_manifest.json + immutable Git tag; external archive not yet confirmed","false","retained until external archive exists"
"migration/recovery_staging/nanjing_diagnostic/figs/nanjing_15var_diagnostic/05_interpretation/fig_shap_beeswarm_source.csv","migration/archive_manifest.json + immutable Git tag; external archive not yet confirmed","false","retained until external archive exists"
"migration/recovery_staging/nanjing_diagnostic/figs/nanjing_15var_diagnostic/05_interpretation/fig_shap_beeswarm.png","migration/archive_manifest.json + immutable Git tag; external archive not yet confirmed","false","retained until external archive exists"
"migration/recovery_staging/nanjing_diagnostic/figs/nanjing_15var_diagnostic/05_interpretation/fig_shap_beeswarm.svg","migration/archive_manifest.json + immutable Git tag; external archive not yet confirmed","false","retained until external archive exists"
"migration/recovery_staging/nanjing_diagnostic/figs/nanjing_15var_diagnostic/05_interpretation/model_reproduction_receipt.json","migration/archive_manifest.json + immutable Git tag; external archive not yet confirmed","false","retained until external archive exists"
"migration/recovery_staging/nanjing_diagnostic/figs/nanjing_15var_diagnostic/FIGURE_CONTRACT.md","migration/archive_manifest.json + immutable Git tag; external archive not yet confirmed","false","retained until external archive exists"
"migration/recovery_staging/nanjing_diagnostic/figs/nanjing_15var_diagnostic/figure_manifest.json","migration/archive_manifest.json + immutable Git tag; external archive not yet confirmed","false","retained until external archive exists"
"migration/recovery_staging/raw_audit/figs/01_data_audit/fig_cloud_endpoint_distribution.png","migration/archive_manifest.json + immutable Git tag; external archive not yet confirmed","false","retained until external archive exists"
"migration/recovery_staging/raw_audit/figs/01_data_audit/fig_cloud_endpoint_distribution.svg","migration/archive_manifest.json + immutable Git tag; external archive not yet confirmed","false","retained until external archive exists"
"migration/recovery_staging/raw_audit/figs/01_data_audit/fig_cloud_error_ghi_error_hexbin.png","migration/archive_manifest.json + immutable Git tag; external archive not yet confirmed","false","retained until external archive exists"
"migration/recovery_staging/raw_audit/figs/01_data_audit/fig_cloud_error_ghi_error_hexbin.svg","migration/archive_manifest.json + immutable Git tag; external archive not yet confirmed","false","retained until external archive exists"
"migration/recovery_staging/raw_audit/figs/01_data_audit/fig_cloud_identifiability.png","migration/archive_manifest.json + immutable Git tag; external archive not yet confirmed","false","retained until external archive exists"
"migration/recovery_staging/raw_audit/figs/01_data_audit/fig_cloud_identifiability.svg","migration/archive_manifest.json + immutable Git tag; external archive not yet confirmed","false","retained until external archive exists"
"migration/recovery_staging/raw_audit/figs/01_data_audit/fig_cloud_kt_hexbin.png","migration/archive_manifest.json + immutable Git tag; external archive not yet confirmed","false","retained until external archive exists"
"migration/recovery_staging/raw_audit/figs/01_data_audit/fig_cloud_kt_hexbin.svg","migration/archive_manifest.json + immutable Git tag; external archive not yet confirmed","false","retained until external archive exists"
"migration/recovery_staging/raw_audit/figs/01_data_audit/fig_collinearity_valid.png","migration/archive_manifest.json + immutable Git tag; external archive not yet confirmed","false","retained until external archive exists"
"migration/recovery_staging/raw_audit/figs/01_data_audit/fig_collinearity_valid.svg","migration/archive_manifest.json + immutable Git tag; external archive not yet confirmed","false","retained until external archive exists"
"migration/recovery_staging/raw_audit/figs/01_data_audit/fig_collinearity_valid1.svg","migration/archive_manifest.json + immutable Git tag; external archive not yet confirmed","false","retained until external archive exists"
"migration/recovery_staging/raw_audit/figs/01_data_audit/fig_data_overview.png","migration/archive_manifest.json + immutable Git tag; external archive not yet confirmed","false","retained until external archive exists"
"migration/recovery_staging/raw_audit/figs/01_data_audit/fig_data_overview.svg","migration/archive_manifest.json + immutable Git tag; external archive not yet confirmed","false","retained until external archive exists"
"migration/recovery_staging/raw_audit/figs/01_data_audit/fig_feature_correlation.png","migration/archive_manifest.json + immutable Git tag; external archive not yet confirmed","false","retained until external archive exists"
"migration/recovery_staging/raw_audit/figs/01_data_audit/fig_feature_correlation.svg","migration/archive_manifest.json + immutable Git tag; external archive not yet confirmed","false","retained until external archive exists"
"migration/recovery_staging/raw_audit/figs/01_data_audit/fig_gfs_availability.png","migration/archive_manifest.json + immutable Git tag; external archive not yet confirmed","false","retained until external archive exists"
"migration/recovery_staging/raw_audit/figs/01_data_audit/fig_gfs_availability.svg","migration/archive_manifest.json + immutable Git tag; external archive not yet confirmed","false","retained until external archive exists"
"migration/recovery_staging/raw_audit/figs/01_data_audit/fig_gfs_himawari_ghi_hexbin.png","migration/archive_manifest.json + immutable Git tag; external archive not yet confirmed","false","retained until external archive exists"
"migration/recovery_staging/raw_audit/figs/01_data_audit/fig_gfs_himawari_ghi_hexbin.svg","migration/archive_manifest.json + immutable Git tag; external archive not yet confirmed","false","retained until external archive exists"
"migration/recovery_staging/raw_audit/figs/01_data_audit/fig_gfs_zero_diagnostics.png","migration/archive_manifest.json + immutable Git tag; external archive not yet confirmed","false","retained until external archive exists"
"migration/recovery_staging/raw_audit/figs/01_data_audit/fig_gfs_zero_diagnostics.svg","migration/archive_manifest.json + immutable Git tag; external archive not yet confirmed","false","retained until external archive exists"
"migration/recovery_staging/raw_audit/figs/01_data_audit/fig_kt_raw_distribution.png","migration/archive_manifest.json + immutable Git tag; external archive not yet confirmed","false","retained until external archive exists"
"migration/recovery_staging/raw_audit/figs/01_data_audit/fig_kt_raw_distribution.svg","migration/archive_manifest.json + immutable Git tag; external archive not yet confirmed","false","retained until external archive exists"
"migration/recovery_staging/raw_audit/figs/01_data_audit/fig_quantile_proto.png","migration/archive_manifest.json + immutable Git tag; external archive not yet confirmed","false","retained until external archive exists"
"migration/recovery_staging/raw_audit/figs/01_data_audit/fig_quantile_proto.svg","migration/archive_manifest.json + immutable Git tag; external archive not yet confirmed","false","retained until external archive exists"
"migration/recovery_staging/raw_audit/reports/01_data_audit/cloud_endpoint_audit.csv","migration/archive_manifest.json + immutable Git tag; external archive not yet confirmed","false","retained until external archive exists"
"migration/recovery_staging/raw_audit/reports/01_data_audit/gfs_quality_audit.md","migration/archive_manifest.json + immutable Git tag; external archive not yet confirmed","false","retained until external archive exists"
"migration/recovery_staging/raw_audit/reports/01_data_audit/gfs_quality_summary.csv","migration/archive_manifest.json + immutable Git tag; external archive not yet confirmed","false","retained until external archive exists"
"migration/recovery_staging/raw_audit/reports/01_data_audit/gfs_zero_ghi_audit.csv","migration/archive_manifest.json + immutable Git tag; external archive not yet confirmed","false","retained until external archive exists"
"migration/recovery_staging/raw_audit/reports/01_data_audit/gfs_zero_ghi_cases.csv","migration/archive_manifest.json + immutable Git tag; external archive not yet confirmed","false","retained until external archive exists"
"migration/recovery_staging/raw_audit/reports/01_data_audit/kt_raw_audit.csv","migration/archive_manifest.json + immutable Git tag; external archive not yet confirmed","false","retained until external archive exists"
"migration/recovery_staging/raw_audit/reports/01_data_audit/receipt.json","migration/archive_manifest.json + immutable Git tag; external archive not yet confirmed","false","retained until external archive exists"
"migration/recovery_staging/raw_audit/reports/01_data_audit/service_grid_duplication.csv","migration/archive_manifest.json + immutable Git tag; external archive not yet confirmed","false","retained until external archive exists"
"migration/recovery_staging/raw_audit/reports/01_data_audit/source_processing_trace.md","migration/archive_manifest.json + immutable Git tag; external archive not yet confirmed","false","retained until external archive exists"
"migration/repository_inventory_summary.json","migration/final_repair_register.csv or final canonical docs/config","true","temporary audit or superseded construction record"
"migration/repository_inventory.csv","migration/final_repair_register.csv or final canonical docs/config","true","temporary audit or superseded construction record"
"migration/restore_allowlist.csv","long-term migration record","false","required long-term record"
