original_path,expected_sha256,expected_size,historical_classification,new_classification,recovery_source,recovered_path,actual_sha256,status
figs/00_preview/fig_prev_calibration.png,4a66bda21e110a43c60a3752f2f26c6f26a409287eec0db1240e869a6ab0e106,113335,SUPERSEDED,SUPERSEDED,,,,RECOVERY_REQUIRED
figs/00_preview/fig_prev_calibration.svg,0c19d2749da49e2a245d91cd4036379a89b17628663f4d9fd99536e2672c211f,29967,SUPERSEDED,SUPERSEDED,,,,RECOVERY_REQUIRED
figs/00_preview/fig_prev_case_studies.png,41f736c3002c0bc5d315127d94a5cf2165c4444c73c6e699c10ae82f206449b5,177651,SUPERSEDED,SUPERSEDED,,,,RECOVERY_REQUIRED
figs/00_preview/fig_prev_case_studies.svg,66f321576c4b118f40edace229079d6f8180f13107b61f65337f89f9139e6c65,42972,SUPERSEDED,SUPERSEDED,,,,RECOVERY_REQUIRED
figs/00_preview/fig_prev_grouped_error.png,dbb09b7aa4642809fe0e7de20db3f2ba407f1b23874730b5397aa36458d2e2b6,82451,SUPERSEDED,SUPERSEDED,,,,RECOVERY_REQUIRED
figs/00_preview/fig_prev_grouped_error.svg,4032404e113aaedfa58be5986317ebc6f1b076dd187413fec8ed5a382b740d31,31854,SUPERSEDED,SUPERSEDED,,,,RECOVERY_REQUIRED
figs/00_preview/fig_prev_model_comparison.png,0a1474e87f5aba23b663693acd9a33c117dabc8e55576cc2e93ea937e730d24c,107295,SUPERSEDED,SUPERSEDED,,,,RECOVERY_REQUIRED
figs/00_preview/fig_prev_model_comparison.svg,dab7ce7669636810d4d194ac4b32d7b9cabf9a731f258af83f3f368dc240045d,61604,SUPERSEDED,SUPERSEDED,,,,RECOVERY_REQUIRED
figs/00_preview/fig_prev_reliability.png,bc4e5c37721ceb508005f24ca1ba434fdf9656a8e6838225e0ed1d6602356ea7,126671,SUPERSEDED,SUPERSEDED,,,,RECOVERY_REQUIRED
figs/00_preview/fig_prev_reliability.svg,06951db82bf0057634214c0c4f85a81c0e8e3cb94b3a9cc883ddad9bc0f776a5,46283,SUPERSEDED,SUPERSEDED,,,,RECOVERY_REQUIRED
reports/01_data_audit/consistency_audit.md,f69bb57008d78d561df348d71fcc6b13957bc307684f47a90db52f4f0e99bdb1,3528,LEGACY_PROTOCOL,CURRENT_DATA_AUDIT,existing_local_workspace,NWP_website_handoff/research_reference/reports/01_data_audit/consistency_audit.md,f69bb57008d78d561df348d71fcc6b13957bc307684f47a90db52f4f0e99bdb1,RECOVERED
reports/01_data_audit/diagnostics/data_availability_featured.csv,036b99ad15cd268af42c7442c516e0b3f8deeb58f16d7e8dc9f03c262ab84e67,17952,LEGACY_PROTOCOL,CURRENT_DATA_AUDIT,,,,RECOVERY_REQUIRED
reports/01_data_audit/diagnostics/data_availability_featured_2024-02_2026-08.csv,63ed387bf66f1b03bf43e366223a785182f3f2a3a5b1ae8b3859c040632cd850,7929,LEGACY_PROTOCOL,CURRENT_DATA_AUDIT,,,,RECOVERY_REQUIRED
reports/01_data_audit/diagnostics/data_availability_featured_2024-02_2026-09.csv,8bddc4b4346eb755afc54938a218f6a56f79da8c789cb9128430aa1e3dd36bcb,7928,LEGACY_PROTOCOL,CURRENT_DATA_AUDIT,,,,RECOVERY_REQUIRED
reports/01_data_audit/features/collinearity_ablation_valid/corr_top.csv,a170f0b6c361609fba8eeaa235cc424cff7ec611170e3535c9ed744f3695ecb7,24932,LEGACY_PROTOCOL,CURRENT_DATA_AUDIT,,,,RECOVERY_REQUIRED
reports/01_data_audit/features/collinearity_ablation_valid/pca_artifact_check.csv,9fc0661a7bccaa2d8b01eccf2de2711f503737ecf12f6c8356b0ce08697a5f28,82,LEGACY_PROTOCOL,CURRENT_DATA_AUDIT,,,,RECOVERY_REQUIRED
reports/01_data_audit/features/collinearity_ablation_valid/pca_variance_curves.csv,a1ffaef45be0cd69edacbf47031682b47d26ab0c22210c510fb480e21e94f77c,3137,LEGACY_PROTOCOL,CURRENT_DATA_AUDIT,,,,RECOVERY_REQUIRED
reports/01_data_audit/features/collinearity_ablation_valid/results.csv,08fca8841a9c471d5b3a9cd00df370be0f5eb5717bb3ca82e6028de599ccea7e,1109,LEGACY_PROTOCOL,CURRENT_DATA_AUDIT,,,,RECOVERY_REQUIRED
reports/01_data_audit/features/collinearity_ablation_valid/summary.md,0e18e6563e97c2baae3c165358797937d390f0b148d39a03ab3bcde2f9454bed,1839,LEGACY_PROTOCOL,CURRENT_DATA_AUDIT,,,,RECOVERY_REQUIRED
reports/01_data_audit/features/weather_profiles/summary.csv,819e685a3c19d9aefcf9f450b10781ce5c6bc05413a92397755b3f2e1b345d86,701,LEGACY_PROTOCOL,CURRENT_DATA_AUDIT,,,,RECOVERY_REQUIRED
reports/01_data_audit/features/weather_profiles/summary.md,c5efc05c467691882a2219c1454f139694d4ed19f3c5ef9e71a0066913c3e47c,592,LEGACY_PROTOCOL,CURRENT_DATA_AUDIT,,,,RECOVERY_REQUIRED
reports/01_data_audit/gfs_semantics/audit.json,6d075a02ae766d363dfc3b6269dbfcd5f940beb581b74223e6fa21ed1d85bfd9,1448,LEGACY_PROTOCOL,CURRENT_DATA_AUDIT,existing_local_workspace,NWP_website_handoff/research_reference/reports/01_data_audit/gfs_semantics/audit.json,6d075a02ae766d363dfc3b6269dbfcd5f940beb581b74223e6fa21ed1d85bfd9,RECOVERED
reports/01_data_audit/gfs_semantics/audit.md,b20920e82aed5b2124a579aa3060a1682790259b8146d2063216a82ab74bacb7,992,LEGACY_PROTOCOL,CURRENT_DATA_AUDIT,existing_local_workspace,NWP_website_handoff/research_reference/reports/01_data_audit/gfs_semantics/audit.md,b20920e82aed5b2124a579aa3060a1682790259b8146d2063216a82ab74bacb7,RECOVERED
reports/01_data_audit/project_validation.json,d0a9f3960832fdee3be4d11ebe8db503ccf862a602ed847509c4af7faefa6cee,148,LEGACY_PROTOCOL,CURRENT_DATA_AUDIT,,,,RECOVERY_REQUIRED
reports/01_data_audit/project_validation.md,3a4f0ae899c80e3203c9b3186d789cef16cb95eb3a57bc65c2a225a7ba186be2,117,LEGACY_PROTOCOL,CURRENT_DATA_AUDIT,,,,RECOVERY_REQUIRED
reports/01_data_audit/sites/site_representativeness/summary.md,5a0e7af6bfda4748847963134899c7b478db3573f78fe169d9f791c26aa903fb,879,LEGACY_PROTOCOL,CURRENT_DATA_AUDIT,,,,RECOVERY_REQUIRED
reports/01_data_audit/sites/site_stratified_comparison/summary.md,95ca01caa872a247ff2101b27d22105cdb1eccd4898425c95575ee88cd63668f,677,LEGACY_PROTOCOL,CURRENT_DATA_AUDIT,,,,RECOVERY_REQUIRED
reports/01_data_audit/source_grid/20site_source_grid_audit.csv,b1f97140717e4066118b010f4fecee09799aa7a4198cf7e662c89223d77bb8bc,3308,LEGACY_PROTOCOL,CURRENT_DATA_AUDIT,existing_local_workspace,NWP_website_handoff/research_reference/geo/20site_source_grid_audit.csv,b1f97140717e4066118b010f4fecee09799aa7a4198cf7e662c89223d77bb8bc,RECOVERED
reports/01_data_audit/source_grid/audit.json,7bfd0f019c2176d6009fa3e32c14dd9ec8ace1ed583ed1bb1f3d6891d71e6696,618,LEGACY_PROTOCOL,CURRENT_DATA_AUDIT,existing_local_workspace,NWP_website_handoff/research_reference/reports/01_data_audit/source_grid/audit.json,7bfd0f019c2176d6009fa3e32c14dd9ec8ace1ed583ed1bb1f3d6891d71e6696,RECOVERED
reports/01_data_audit/source_grid/audit.md,c3bf0cdfb99e1de080d288691b81fbfe28c0e55a571f82f7be4208ec79e00177,649,LEGACY_PROTOCOL,CURRENT_DATA_AUDIT,existing_local_workspace,NWP_website_handoff/research_reference/reports/01_data_audit/source_grid/audit.md,c3bf0cdfb99e1de080d288691b81fbfe28c0e55a571f82f7be4208ec79e00177,RECOVERED
reports/01_data_audit/source_grid/jiangsu_gfs_service_cells.csv,86494c8f3784d4eeac38f71419982a2c5082168dbef85dbccc0bcea99c1e6bc1,79776,LEGACY_PROTOCOL,CURRENT_DATA_AUDIT,existing_local_workspace,NWP_website_handoff/research_reference/geo/jiangsu_gfs_service_cells.csv,86494c8f3784d4eeac38f71419982a2c5082168dbef85dbccc0bcea99c1e6bc1,RECOVERED
reports/01_data_audit/source_grid/jiangsu_gfs_service_cells.geojson,67934e779e512501b49cefd2406fbff6b7263549398cbef758e1eadcbbdc0d48,346061,LEGACY_PROTOCOL,CURRENT_DATA_AUDIT,existing_local_workspace,NWP_website_handoff/research_reference/geo/jiangsu_gfs_service_cells.geojson,67934e779e512501b49cefd2406fbff6b7263549398cbef758e1eadcbbdc0d48,RECOVERED
reports/01_data_audit/source_grid/province_request_to_service_cell.csv,f2674c47abab2cfbf7e2f9e2ba4637f0d166cdbebb93357e82f066fb4752a37e,147254,LEGACY_PROTOCOL,CURRENT_DATA_AUDIT,,,,RECOVERY_REQUIRED
reports/02_experiment/cv/00_smoke/ghi/encoding_ablation.csv,fb475b2ff5155513cb8a97a6cb8f7c500fcf617c1c2f41f23875dffd1fd911cc,199,LEGACY_PROTOCOL,LEGACY_PROTOCOL,,,,RECOVERY_REQUIRED
reports/02_experiment/cv/00_smoke/ghi/results.csv,90d2e7b751a9c2d9cee0c9514cc2a7d7e5696b6259a2e446f6343c0db70b2731,344,LEGACY_PROTOCOL,LEGACY_PROTOCOL,,,,RECOVERY_REQUIRED
reports/02_experiment/cv/00_smoke/ghi/selection_smoke.json,20135e8e58656f7b4c608f567eeb686ea71569aa1f3c8d9b0b35ccb567a4dc5c,428,LEGACY_PROTOCOL,LEGACY_PROTOCOL,,,,RECOVERY_REQUIRED
reports/02_experiment/cv/00_smoke/ghi/summary.md,db0c4ce20d6a38f4412cad07e6796d90a1163fa9121298bba1dc186fcf185b9c,906,LEGACY_PROTOCOL,LEGACY_PROTOCOL,,,,RECOVERY_REQUIRED
reports/02_experiment/cv/month_balanced/cloud/selection.json,57aff27975f5b75f76f0298f1a83b7e60178276e40b503b66ee06024faee51f7,422,LEGACY_PROTOCOL,LEGACY_PROTOCOL,existing_local_workspace,deploy/02_results/unpacked/reports/02_experiment/cv/month_balanced/cloud/selection.json,57aff27975f5b75f76f0298f1a83b7e60178276e40b503b66ee06024faee51f7,RECOVERED
reports/02_experiment/cv/month_balanced/ghi/selection.json,14ae4151cf7d9f75826b3b705380091a704d9fd8cb1bc7be3fc06fbb3afff4e7,424,LEGACY_PROTOCOL,LEGACY_PROTOCOL,existing_local_workspace,deploy/02_results/unpacked/reports/02_experiment/cv/month_balanced/ghi/selection.json,14ae4151cf7d9f75826b3b705380091a704d9fd8cb1bc7be3fc06fbb3afff4e7,RECOVERED
reports/03_modeling/00_logs/analysis/collinearity_ablation_2026-09-11.log,b6622c4edbc76f0d7fbb4caa2fbd581540e122912d74b9f0aeae225cc8c2d040,6530,LEGACY_PROTOCOL,LEGACY_PROTOCOL,,,,RECOVERY_REQUIRED
reports/03_modeling/00_logs/analysis/plot_agreement_2026-09-11.log,ece11f39a6deb6bebd025d90e5059ea0e7194e05785c6920e8410e578eda564a,1916,LEGACY_PROTOCOL,LEGACY_PROTOCOL,,,,RECOVERY_REQUIRED
reports/03_modeling/00_logs/analysis/plot_deep_quantile_2026-09-11.log,2f3f05d689073d5e056e4f3d167d60b23b5d4c34401da7d853c7d60b2fd08728,26,LEGACY_PROTOCOL,LEGACY_PROTOCOL,,,,RECOVERY_REQUIRED
reports/03_modeling/00_logs/analysis/plot_weather_profiles_2026-09-11.log,784005e6e43e778c63432d5cc122e6cbe9c95ca85b4d97dd424cbc41b7311387,787,LEGACY_PROTOCOL,LEGACY_PROTOCOL,,,,RECOVERY_REQUIRED
reports/03_modeling/00_logs/quantile/all.done,cf1c17dcf667f23d20dcacc1aea89ea33f24f854463b4aa58083e31f12e6fff5,120,LEGACY_PROTOCOL,LEGACY_PROTOCOL,,,,RECOVERY_REQUIRED
reports/03_modeling/00_logs/quantile/bucket_0.done,d01d80f47799035a15181f02ea55416de74553b4482fd0db3253ecef54e9dd02,105,LEGACY_PROTOCOL,LEGACY_PROTOCOL,,,,RECOVERY_REQUIRED
reports/03_modeling/00_logs/quantile/bucket_1.done,d3cfccf0e7495a8f77445c77f7b36883f1a11f61310ec96b873e0dbfc172b6ec,105,LEGACY_PROTOCOL,LEGACY_PROTOCOL,,,,RECOVERY_REQUIRED
reports/03_modeling/00_logs/quantile/bucket_2.done,836f8eef460562d95a1b25a040ee3ac69a3d109e70864d93337432a0341dfa71,105,LEGACY_PROTOCOL,LEGACY_PROTOCOL,,,,RECOVERY_REQUIRED
reports/03_modeling/00_logs/quantile/v1_quantile_cloud.log,6db3730b35ffa20d8f99d9aec1826e4b1675bacc4ca73e90c15c330f560eb54c,14831,LEGACY_PROTOCOL,LEGACY_PROTOCOL,,,,RECOVERY_REQUIRED
reports/03_modeling/00_logs/quantile/v1_quantile_cloud_rerun_2026-09-11.log,e83e5eefab474c412a640d9a79718ddcf6b2e95cee1f7ede8337ad8ae6f0f963,13874,LEGACY_PROTOCOL,LEGACY_PROTOCOL,,,,RECOVERY_REQUIRED
reports/03_modeling/00_logs/quantile/v1_quantile_ghi.log,1571fc8f1923b10e53d8f32615734e19dd8361f71930c33bc881c537a22e096c,13747,LEGACY_PROTOCOL,LEGACY_PROTOCOL,,,,RECOVERY_REQUIRED
reports/03_modeling/00_logs/quantile/v1_quantile_ghi_rerun_2026-09-11.log,8e1d3d58b891b8f2c562c622f153c5e838de4fa3820052fe16424e18d062e0d4,13223,LEGACY_PROTOCOL,LEGACY_PROTOCOL,,,,RECOVERY_REQUIRED
reports/03_modeling/00_logs/server/preflight/autoformer.log,98501fa226eb3d8f3de61a787fe7e83b01d163b8e0498bfe03b348ceb5a4221e,707,LEGACY_PROTOCOL,LEGACY_PROTOCOL,existing_local_workspace,deploy/02_results/unpacked/reports/03_modeling/00_logs/server/preflight/autoformer.log,98501fa226eb3d8f3de61a787fe7e83b01d163b8e0498bfe03b348ceb5a4221e,RECOVERED
reports/03_modeling/00_logs/server/preflight/autoformer.ok,7854c494436f778e6ee05ce82181ae3d9274c28ce6f46198574ac843be0c594d,53,LEGACY_PROTOCOL,LEGACY_PROTOCOL,existing_local_workspace,deploy/02_results/unpacked/reports/03_modeling/00_logs/server/preflight/autoformer.ok,7854c494436f778e6ee05ce82181ae3d9274c28ce6f46198574ac843be0c594d,RECOVERED
reports/03_modeling/00_logs/server/preflight/fedformer.log,ff9606e3401bac5d0d9d4054f4c813300a139bf99c2fd41f536927b8d6eb20de,705,LEGACY_PROTOCOL,LEGACY_PROTOCOL,existing_local_workspace,deploy/02_results/unpacked/reports/03_modeling/00_logs/server/preflight/fedformer.log,ff9606e3401bac5d0d9d4054f4c813300a139bf99c2fd41f536927b8d6eb20de,RECOVERED
reports/03_modeling/00_logs/server/preflight/fedformer.ok,8f95d58069a44a58913f3347e6a49dce9399e3afa38266b6fb9d81fd51b45ff2,52,LEGACY_PROTOCOL,LEGACY_PROTOCOL,existing_local_workspace,deploy/02_results/unpacked/reports/03_modeling/00_logs/server/preflight/fedformer.ok,8f95d58069a44a58913f3347e6a49dce9399e3afa38266b6fb9d81fd51b45ff2,RECOVERED
reports/03_modeling/00_logs/server/preflight/informer.log,1e350465d07187c6d36c80661e1e41f5da72fe11120ef668f5ba15d6bfe02c09,703,LEGACY_PROTOCOL,LEGACY_PROTOCOL,existing_local_workspace,deploy/02_results/unpacked/reports/03_modeling/00_logs/server/preflight/informer.log,1e350465d07187c6d36c80661e1e41f5da72fe11120ef668f5ba15d6bfe02c09,RECOVERED
reports/03_modeling/00_logs/server/preflight/informer.ok,8fccc8d15d74c0d182aadc27e7ca2ed090ddefdefccab1722d6197ebec6f5b77,51,LEGACY_PROTOCOL,LEGACY_PROTOCOL,existing_local_workspace,deploy/02_results/unpacked/reports/03_modeling/00_logs/server/preflight/informer.ok,8fccc8d15d74c0d182aadc27e7ca2ed090ddefdefccab1722d6197ebec6f5b77,RECOVERED
reports/03_modeling/00_logs/server/preflight/patchtst.log,a1395c3bbe34b645350cb45dbe1c1f7b2d06fcb1307619230e86c78b3c832d44,704,LEGACY_PROTOCOL,LEGACY_PROTOCOL,existing_local_workspace,deploy/02_results/unpacked/reports/03_modeling/00_logs/server/preflight/patchtst.log,a1395c3bbe34b645350cb45dbe1c1f7b2d06fcb1307619230e86c78b3c832d44,RECOVERED
reports/03_modeling/00_logs/server/preflight/patchtst.ok,9e693b0977cf687c2c633b75f0c6911366846b8f6418d490b76a4a48a0f6a4b9,51,LEGACY_PROTOCOL,LEGACY_PROTOCOL,existing_local_workspace,deploy/02_results/unpacked/reports/03_modeling/00_logs/server/preflight/patchtst.ok,9e693b0977cf687c2c633b75f0c6911366846b8f6418d490b76a4a48a0f6a4b9,RECOVERED
reports/03_modeling/00_logs/server/preflight/pinn.log,d44fc994989b040309ccaa764ca824f2720a239dcd2fabb6814775213de06132,696,LEGACY_PROTOCOL,LEGACY_PROTOCOL,existing_local_workspace,deploy/02_results/unpacked/reports/03_modeling/00_logs/server/preflight/pinn.log,d44fc994989b040309ccaa764ca824f2720a239dcd2fabb6814775213de06132,RECOVERED
reports/03_modeling/00_logs/server/preflight/pinn.ok,63e7ec695e11aba47a8767a6773239ce42ae9dd7bbb5d395350f3756d5733441,47,LEGACY_PROTOCOL,LEGACY_PROTOCOL,existing_local_workspace,deploy/02_results/unpacked/reports/03_modeling/00_logs/server/preflight/pinn.ok,63e7ec695e11aba47a8767a6773239ce42ae9dd7bbb5d395350f3756d5733441,RECOVERED
reports/03_modeling/00_logs/server/preflight/timesnet.log,4f634e163f6a3f8182e300e7650d65d4f260333a5ada26a8975551ec7fd749e6,704,LEGACY_PROTOCOL,LEGACY_PROTOCOL,existing_local_workspace,deploy/02_results/unpacked/reports/03_modeling/00_logs/server/preflight/timesnet.log,4f634e163f6a3f8182e300e7650d65d4f260333a5ada26a8975551ec7fd749e6,RECOVERED
reports/03_modeling/00_logs/server/preflight/timesnet.ok,1881761e13126d5e4d25af8628eb9b20de92d3b085e0c8c4424128c19863c4e7,51,LEGACY_PROTOCOL,LEGACY_PROTOCOL,existing_local_workspace,deploy/02_results/unpacked/reports/03_modeling/00_logs/server/preflight/timesnet.ok,1881761e13126d5e4d25af8628eb9b20de92d3b085e0c8c4424128c19863c4e7,RECOVERED
reports/03_modeling/00_logs/smoke/smoke_after_migration.log,b0c95b0ea36adb8d40916d3d230f0ee3ba93afa83ecdef8ced1d23a4ca77d052,1790,LEGACY_PROTOCOL,LEGACY_PROTOCOL,,,,RECOVERY_REQUIRED
reports/03_modeling/00_logs/smoke/smoke_after_migration2.log,bdfc11c4a210ee3b18782aac7c0cc062da26e145146d775c1761631a506b2079,1771,LEGACY_PROTOCOL,LEGACY_PROTOCOL,,,,RECOVERY_REQUIRED
reports/03_modeling/00_logs/smoke/smoke_after_migration3.log,b1523def63b7605ff8ebd5a1078df0a354f045e58d627e7f9c7ee819a513aa5e,615,LEGACY_PROTOCOL,LEGACY_PROTOCOL,,,,RECOVERY_REQUIRED
reports/03_modeling/00_logs/smoke/smoke_formal2_autoformer.log,911221902a9b018089d36acba97fa7ba8d92c721c64aefcfe5c4c7fbdd658b1e,3468,LEGACY_PROTOCOL,LEGACY_PROTOCOL,,,,RECOVERY_REQUIRED
reports/03_modeling/00_logs/smoke/smoke_formal2_patchtst.log,34a664c893649fcb52dc522299c36bc646a57e849995204a6d130f99268f1f65,622,LEGACY_PROTOCOL,LEGACY_PROTOCOL,,,,RECOVERY_REQUIRED
reports/03_modeling/00_logs/smoke/smoke_formal2_timesnet.log,81241058a81aedd7411985ebdaeca184fbd09206e91216dce2bbc2e88f3e4f0e,1953,LEGACY_PROTOCOL,LEGACY_PROTOCOL,,,,RECOVERY_REQUIRED
reports/03_modeling/00_logs/smoke/smoke_formal3_autoformer.log,f45357b851b1e3d27c3b5379dd5192b741f928ebe332979d8d29a698771cc913,3404,LEGACY_PROTOCOL,LEGACY_PROTOCOL,,,,RECOVERY_REQUIRED
reports/03_modeling/00_logs/smoke/smoke_formal3_timesnet.log,1b748ce171dc51df8a402a3f4aeca95d8a127105b872f29fabb5fb33e6757757,622,LEGACY_PROTOCOL,LEGACY_PROTOCOL,,,,RECOVERY_REQUIRED
reports/03_modeling/00_logs/smoke/smoke_formal4_autoformer.log,3b46441bfd15429c670b9a7b3728a88618725072a737fba9880d57fe1142c207,625,LEGACY_PROTOCOL,LEGACY_PROTOCOL,,,,RECOVERY_REQUIRED
reports/03_modeling/00_logs/smoke/smoke_formal_autoformer.log,093a9299f6fd4c75ada14d0b42ef5f66238c2fbd022ed8e98da2016d3e9a45bc,3496,LEGACY_PROTOCOL,LEGACY_PROTOCOL,,,,RECOVERY_REQUIRED
reports/03_modeling/00_logs/smoke/smoke_formal_fedformer.log,8347624895e6ee3532118f6afafc2655214dcc15e27558867bb330ec468dc9c3,623,LEGACY_PROTOCOL,LEGACY_PROTOCOL,,,,RECOVERY_REQUIRED
reports/03_modeling/00_logs/smoke/smoke_formal_informer.log,001a8a9158626056ee37401e3e2f557d8a2747d5250f069c076e404db63d446c,621,LEGACY_PROTOCOL,LEGACY_PROTOCOL,,,,RECOVERY_REQUIRED
reports/03_modeling/00_logs/smoke/smoke_formal_patchtst.log,e9b83c09eecc295a24542247e55619e99ffa64caa55f1c9c35b1acacf7dc3202,2676,LEGACY_PROTOCOL,LEGACY_PROTOCOL,,,,RECOVERY_REQUIRED
reports/03_modeling/00_logs/smoke/smoke_formal_pinn.log,dfe1be4d38b3ed18e97cce363355394be95d91cce030830d0fac72cf246ae3cf,614,LEGACY_PROTOCOL,LEGACY_PROTOCOL,,,,RECOVERY_REQUIRED
reports/03_modeling/00_logs/smoke/smoke_formal_timesnet.log,bf9a29cb54b89c21cb253881dc2c2f400f0c5f8b2c0c99aeb216e8dd360a9d77,1893,LEGACY_PROTOCOL,LEGACY_PROTOCOL,,,,RECOVERY_REQUIRED
reports/03_modeling/00_smoke/calib_test/calibration_summary.md,63360c0ddb68cdf206679f557a8c858d1c697f020b5d252fc94aa1bbe0d243d8,690,LEGACY_PROTOCOL,LEGACY_PROTOCOL,,,,RECOVERY_REQUIRED
reports/03_modeling/00_smoke/calib_test/results_calibrated.csv,0a301ad098895053783cf8bc4cdeae894299e6102096482c91cf4d966dea47e3,9814,LEGACY_PROTOCOL,LEGACY_PROTOCOL,,,,RECOVERY_REQUIRED
reports/03_modeling/00_smoke/calib_test/test_predictions_calibrated.csv,f0e1e8e1bfb087ff334b13899b8f45ea05a9bdaf3b60865add5c15861bc72bad,36589247,LEGACY_PROTOCOL,LEGACY_PROTOCOL,,,,RECOVERY_REQUIRED
reports/03_modeling/00_smoke/v11_patchtst/quantile/ghi/results.csv,7518105c14fa246d834b6ccece968cd5638e2caf85460e89bfab146e5d53d703,5469,LEGACY_PROTOCOL,LEGACY_PROTOCOL,,,,RECOVERY_REQUIRED
reports/03_modeling/00_smoke/v11_patchtst/quantile/ghi/summary.md,e47cc9d32d4b0598cb63c1447f2d3dd1e5d3df5d3c495031265429231f3224d5,211,LEGACY_PROTOCOL,LEGACY_PROTOCOL,,,,RECOVERY_REQUIRED
reports/03_modeling/00_smoke/v11_patchtst/quantile/ghi/test_predictions.csv,0719e4983f24c2911bad2fa4e113dc233f5adcc0da9da76b73ca9c9a898482a8,27778488,LEGACY_PROTOCOL,LEGACY_PROTOCOL,,,,RECOVERY_REQUIRED
reports/03_modeling/00_smoke/v13_timesnet/quantile/ghi/results.csv,7ca92c5f6a01b7fe445f5e301e2c119282862a5325bf3b779e03d435e8bee3d6,5546,LEGACY_PROTOCOL,LEGACY_PROTOCOL,,,,RECOVERY_REQUIRED
reports/03_modeling/00_smoke/v13_timesnet/quantile/ghi/summary.md,d0c98e79f748afaeca697f3ae7c9c2687aecc8f3e1874c026ca4dd4f06302005,212,LEGACY_PROTOCOL,LEGACY_PROTOCOL,,,,RECOVERY_REQUIRED
reports/03_modeling/00_smoke/v13_timesnet/quantile/ghi/test_predictions.csv,ce73607fbffb4d5cbdeaba83abb46b72d7270906512a3c80b6c7b87ed764af92,27859207,LEGACY_PROTOCOL,LEGACY_PROTOCOL,,,,RECOVERY_REQUIRED
reports/03_modeling/00_smoke/v15_pinn/quantile/ghi/results.csv,fea6d70e104f9efc24c0c05aa9c8132d4a03befcd145a88e7d6dea85633dfd25,6593,LEGACY_PROTOCOL,LEGACY_PROTOCOL,,,,RECOVERY_REQUIRED
reports/03_modeling/00_smoke/v15_pinn/quantile/ghi/summary.md,abc11783f723a9726ed19e017babfca1c7e3cd31326a6bf2bb5f780ca3bb6964,252,LEGACY_PROTOCOL,LEGACY_PROTOCOL,,,,RECOVERY_REQUIRED
reports/03_modeling/00_smoke/v15_pinn/quantile/ghi/test_predictions.csv,4ca230fda159b10ef15b5dc11bbcc04b7699738b6a75047f741300add9096b53,27915505,LEGACY_PROTOCOL,LEGACY_PROTOCOL,,,,RECOVERY_REQUIRED
reports/03_modeling/00_smoke/v15_pinn/quantile/ghi/val_predictions.csv,e03ffa1248fdfb7d853b49daddfc931db6f2c224dc6a90c38dea852c75adcf8e,9459486,LEGACY_PROTOCOL,LEGACY_PROTOCOL,,,,RECOVERY_REQUIRED
reports/03_modeling/00_smoke/v1_ml/quantile/cloud/lead_feature_predictions.csv,ac5bf279d1375313de2d069578f900b2721c68ad54a05fc9da1bf0367d6b6f20,9568548,LEGACY_PROTOCOL,LEGACY_PROTOCOL,,,,RECOVERY_REQUIRED
reports/03_modeling/00_smoke/v1_ml/quantile/cloud/lead_feature_results.csv,ca01e5c610f7427faca5619f2ae69d3c50a721ab3f20b7b2bf93db5ffe62fdae,2242,LEGACY_PROTOCOL,LEGACY_PROTOCOL,,,,RECOVERY_REQUIRED
reports/03_modeling/00_smoke/v1_ml/quantile/cloud/lead_feature_summary.md,0ef1dabab228ddc9a117249f84d200553a5411dd63ae4d905d94f9116535e05d,1674,LEGACY_PROTOCOL,LEGACY_PROTOCOL,,,,RECOVERY_REQUIRED
reports/03_modeling/00_smoke/v1_ml/quantile/cloud/per_lead_predictions.csv,3ca62c349f813995e53b6daaa6aaff9a8e4c6b7d220eee17c0b7c171afec5915,9507510,LEGACY_PROTOCOL,LEGACY_PROTOCOL,,,,RECOVERY_REQUIRED
reports/03_modeling/00_smoke/v1_ml/quantile/cloud/per_lead_results.csv,dd9d22044b164dbc06613ad2e5509b8c69be1d5e9c12ddbb9aec2129a4af6061,6275,LEGACY_PROTOCOL,LEGACY_PROTOCOL,,,,RECOVERY_REQUIRED
reports/03_modeling/00_smoke/v1_ml/quantile/cloud/per_lead_summary.md,8fc0db177b039c8ef8ec69d904c0589ca8a605152c354d36d4559d346673322a,2740,LEGACY_PROTOCOL,LEGACY_PROTOCOL,,,,RECOVERY_REQUIRED
reports/03_modeling/00_smoke/v1_ml/quantile/ghi/lead_feature_predictions.csv,6157655e13f37c9f3a345d714a5e4ccec73dc63976e6b2db9c732d0d29a1bdf0,6078867,LEGACY_PROTOCOL,LEGACY_PROTOCOL,,,,RECOVERY_REQUIRED
reports/03_modeling/00_smoke/v1_ml/quantile/ghi/lead_feature_results.csv,421179958af24e6591f99fbe487861fda7b7a6613a09584d258b5a5d0b556830,2250,LEGACY_PROTOCOL,LEGACY_PROTOCOL,,,,RECOVERY_REQUIRED
reports/03_modeling/00_smoke/v1_ml/quantile/ghi/lead_feature_summary.md,9c157f05e3b863670b1a6587a790020411688aae9184fad2d026dabe370471d9,1692,LEGACY_PROTOCOL,LEGACY_PROTOCOL,,,,RECOVERY_REQUIRED
reports/03_modeling/00_smoke/v1_ml/quantile/ghi/per_lead_predictions.csv,be3a88d9e943f287917d10411bc5386994f97d6e946754db735dd68ff1d145e0,5822061,LEGACY_PROTOCOL,LEGACY_PROTOCOL,,,,RECOVERY_REQUIRED
reports/03_modeling/00_smoke/v1_ml/quantile/ghi/per_lead_results.csv,d647132fa357664908bbed060e9121b5ff5aefbd6535b6be94e6b8b92f69ee04,6301,LEGACY_PROTOCOL,LEGACY_PROTOCOL,,,,RECOVERY_REQUIRED
reports/03_modeling/00_smoke/v1_ml/quantile/ghi/per_lead_summary.md,79e1fd474d1337198f15709e55e3a74313b70e29ee137091d8bd5fc551e26942,2818,LEGACY_PROTOCOL,LEGACY_PROTOCOL,,,,RECOVERY_REQUIRED
reports/03_modeling/00_smoke/v2_mlp/quantile/ghi/results.csv,1a275ab8fbeecd01a36994ddbb350efc1267d4a237b1e20053267a2d63648f65,6507,LEGACY_PROTOCOL,LEGACY_PROTOCOL,,,,RECOVERY_REQUIRED
reports/03_modeling/00_smoke/v2_mlp/quantile/ghi/summary.md,c3fc629ac91053045266def4a12b3d43cf8dad71fa3bd5dc81ceb582717fc2a3,250,LEGACY_PROTOCOL,LEGACY_PROTOCOL,,,,RECOVERY_REQUIRED
reports/03_modeling/00_smoke/v2_mlp/quantile/ghi/test_predictions.csv,778bba2725739bbd9e0580eb08f410e0c8815dea3b14f39c550ef733cc2dd105,28065333,LEGACY_PROTOCOL,LEGACY_PROTOCOL,,,,RECOVERY_REQUIRED
reports/03_modeling/00_smoke/v2_mlp/quantile/ghi/val_predictions.csv,6c558e7851d882c9e80a23c42d9ba374457f66793f5d90181cbfa5f1d407ba7d,9508244,LEGACY_PROTOCOL,LEGACY_PROTOCOL,,,,RECOVERY_REQUIRED
reports/03_modeling/00_smoke/v7_autoformer/quantile/ghi/results.csv,49496ae9c1a7c1aaeb76a1212c9547fe01aeb38f86b906d5539ec332313e563b,6321,LEGACY_PROTOCOL,LEGACY_PROTOCOL,,,,RECOVERY_REQUIRED
reports/03_modeling/00_smoke/v7_autoformer/quantile/ghi/summary.md,9622ecffb82319b2b4ce586466783fcef35042cfe49d2ddd6f2a387b525af72f,258,LEGACY_PROTOCOL,LEGACY_PROTOCOL,,,,RECOVERY_REQUIRED
reports/03_modeling/00_smoke/v7_autoformer/quantile/ghi/test_predictions.csv,49d8a9e6636a56bd9cdbe4108eed0bb970267e083c2b4ed9f29028f369543a20,28014167,LEGACY_PROTOCOL,LEGACY_PROTOCOL,,,,RECOVERY_REQUIRED
reports/03_modeling/00_smoke/v7_autoformer/quantile/ghi/val_predictions.csv,591819c8b3178bbe1564e8636d1c86c312c2d25c15b4ab2fb7104470b8e2fdb1,9498774,LEGACY_PROTOCOL,LEGACY_PROTOCOL,,,,RECOVERY_REQUIRED
reports/03_modeling/00_smoke/v8_informer/quantile/ghi/results.csv,300f0a0c834173749d95bda12a028acbee03a892290326c9b7c92d1ed2b61b91,6614,LEGACY_PROTOCOL,LEGACY_PROTOCOL,,,,RECOVERY_REQUIRED
reports/03_modeling/00_smoke/v8_informer/quantile/ghi/summary.md,d9df954e0dc7ad4d7978ebea5b96fe7c2cf6d1ec57accf65d0f285cc8932070c,255,LEGACY_PROTOCOL,LEGACY_PROTOCOL,,,,RECOVERY_REQUIRED
reports/03_modeling/00_smoke/v8_informer/quantile/ghi/test_predictions.csv,50f0000d167564a349c6e4631af1d1f07b26c57aa7ef2fe0dc4fa607fbc79db0,27866457,LEGACY_PROTOCOL,LEGACY_PROTOCOL,,,,RECOVERY_REQUIRED
reports/03_modeling/00_smoke/v8_informer/quantile/ghi/val_predictions.csv,0feedd6093e9bfaee41c6849db497ff1cf3374a045705d5313cfdbd73c3b27ce,9446956,LEGACY_PROTOCOL,LEGACY_PROTOCOL,,,,RECOVERY_REQUIRED
reports/03_modeling/00_smoke/v9_fedformer/quantile/ghi/results.csv,8935eff92ea53bf080a9573ce2bc1fee2693577e0bea1be39316e818031b3905,6634,LEGACY_PROTOCOL,LEGACY_PROTOCOL,,,,RECOVERY_REQUIRED
reports/03_modeling/00_smoke/v9_fedformer/quantile/ghi/summary.md,f9a3450101388261d082cb022b0ebf6fc0389a407ed1e6c2629cdaf47b7ee46d,256,LEGACY_PROTOCOL,LEGACY_PROTOCOL,,,,RECOVERY_REQUIRED
reports/03_modeling/00_smoke/v9_fedformer/quantile/ghi/test_predictions.csv,f3e84aff9ad21e5990109766bb3e7e9d5687929d0ab38a4faff5c13477f768f5,27986233,LEGACY_PROTOCOL,LEGACY_PROTOCOL,,,,RECOVERY_REQUIRED
reports/03_modeling/00_smoke/v9_fedformer/quantile/ghi/val_predictions.csv,3c51b6b200ba6724b3a08065d1a2538bb3fd1bff6e0e63e41ef5c10ffaa2244a,9486422,LEGACY_PROTOCOL,LEGACY_PROTOCOL,,,,RECOVERY_REQUIRED
reports/03_modeling/v10_itransformer/full/quantile/cloud/calibrated/results_calibrated.csv,43a0c8cd5c1364c5b29de07f3229cd7a3089c6dfcacb2d712fc733146b647337,9773,LEGACY_PROTOCOL,LEGACY_PROTOCOL,existing_local_workspace,deploy/02_results/unpacked/reports/03_modeling/v10_itransformer/full/quantile/cloud/calibrated/results_calibrated.csv,43a0c8cd5c1364c5b29de07f3229cd7a3089c6dfcacb2d712fc733146b647337,RECOVERED
reports/03_modeling/v10_itransformer/full/quantile/cloud/results.csv,d225a95c44eadcdbc79e84e30c908d962c856adf46f5508a321bda73c973a23d,6549,LEGACY_PROTOCOL,LEGACY_PROTOCOL,existing_local_workspace,deploy/02_results/unpacked/reports/03_modeling/v10_itransformer/full/quantile/cloud/results.csv,d225a95c44eadcdbc79e84e30c908d962c856adf46f5508a321bda73c973a23d,RECOVERED
reports/03_modeling/v10_itransformer/full/quantile/cloud/summary.md,ed831d0ceff0728a3a052fc34b7f0237a67099aa1e29d8e21559852249c889ea,252,LEGACY_PROTOCOL,LEGACY_PROTOCOL,existing_local_workspace,deploy/02_results/unpacked/reports/03_modeling/v10_itransformer/full/quantile/cloud/summary.md,ed831d0ceff0728a3a052fc34b7f0237a67099aa1e29d8e21559852249c889ea,RECOVERED
reports/03_modeling/v10_itransformer/full/quantile/ghi/calibrated/results_calibrated.csv,88c675218eed6b8f11cbe4aec9f871d4d59565495ee72de9e619d76bb1c02ae5,9849,LEGACY_PROTOCOL,LEGACY_PROTOCOL,existing_local_workspace,deploy/02_results/unpacked/reports/03_modeling/v10_itransformer/full/quantile/ghi/calibrated/results_calibrated.csv,88c675218eed6b8f11cbe4aec9f871d4d59565495ee72de9e619d76bb1c02ae5,RECOVERED
reports/03_modeling/v10_itransformer/full/quantile/ghi/results.csv,c0587496863ab7c118b909048ad390b25212d338cbcd0ba868290f76ea7d4279,6572,LEGACY_PROTOCOL,LEGACY_PROTOCOL,existing_local_workspace,deploy/02_results/unpacked/reports/03_modeling/v10_itransformer/full/quantile/ghi/results.csv,c0587496863ab7c118b909048ad390b25212d338cbcd0ba868290f76ea7d4279,RECOVERED
reports/03_modeling/v10_itransformer/full/quantile/ghi/summary.md,a92abffc01d959c266ff418b984d40b5f645105c98c163e93c9dc8c68d9aa2d4,253,LEGACY_PROTOCOL,LEGACY_PROTOCOL,existing_local_workspace,deploy/02_results/unpacked/reports/03_modeling/v10_itransformer/full/quantile/ghi/summary.md,a92abffc01d959c266ff418b984d40b5f645105c98c163e93c9dc8c68d9aa2d4,RECOVERED
reports/03_modeling/v11_patchtst/full/quantile/cloud/calibrated/results_calibrated.csv,cb0a35eab013169e47265a642bd8f1d21bed25ef805815deba72a15604661562,9763,LEGACY_PROTOCOL,LEGACY_PROTOCOL,existing_local_workspace,deploy/02_results/unpacked/reports/03_modeling/v11_patchtst/full/quantile/cloud/calibrated/results_calibrated.csv,cb0a35eab013169e47265a642bd8f1d21bed25ef805815deba72a15604661562,RECOVERED
reports/03_modeling/v11_patchtst/full/quantile/cloud/results.csv,4bf340b41bbf72a077fc7fe49e229a968cd2fd7989c162c5d35fd2976f5180c3,6482,LEGACY_PROTOCOL,LEGACY_PROTOCOL,existing_local_workspace,deploy/02_results/unpacked/reports/03_modeling/v11_patchtst/full/quantile/cloud/results.csv,4bf340b41bbf72a077fc7fe49e229a968cd2fd7989c162c5d35fd2976f5180c3,RECOVERED
reports/03_modeling/v11_patchtst/full/quantile/cloud/summary.md,057af35254fa639a08cf9213c44db4530a2b60a130978a664c12c0b95d88adff,248,LEGACY_PROTOCOL,LEGACY_PROTOCOL,existing_local_workspace,deploy/02_results/unpacked/reports/03_modeling/v11_patchtst/full/quantile/cloud/summary.md,057af35254fa639a08cf9213c44db4530a2b60a130978a664c12c0b95d88adff,RECOVERED
reports/03_modeling/v11_patchtst/full/quantile/ghi/calibrated/results_calibrated.csv,f2107b7e0a1cf8ba2ae8a0fa3b5ee222467baee31fcf711dd761e36759e45ad9,9850,LEGACY_PROTOCOL,LEGACY_PROTOCOL,existing_local_workspace,deploy/02_results/unpacked/reports/03_modeling/v11_patchtst/full/quantile/ghi/calibrated/results_calibrated.csv,f2107b7e0a1cf8ba2ae8a0fa3b5ee222467baee31fcf711dd761e36759e45ad9,RECOVERED
reports/03_modeling/v11_patchtst/full/quantile/ghi/results.csv,59ae8fcb669590c07964e16a7de22e72156db4e9e3ca839c1968ecbcc2231396,6576,LEGACY_PROTOCOL,LEGACY_PROTOCOL,existing_local_workspace,deploy/02_results/unpacked/reports/03_modeling/v11_patchtst/full/quantile/ghi/results.csv,59ae8fcb669590c07964e16a7de22e72156db4e9e3ca839c1968ecbcc2231396,RECOVERED
reports/03_modeling/v11_patchtst/full/quantile/ghi/summary.md,e21041e49c2ebf37018310aa5ff02ff4882b200d47c6f80222b944fe91cb8ca2,249,LEGACY_PROTOCOL,LEGACY_PROTOCOL,existing_local_workspace,deploy/02_results/unpacked/reports/03_modeling/v11_patchtst/full/quantile/ghi/summary.md,e21041e49c2ebf37018310aa5ff02ff4882b200d47c6f80222b944fe91cb8ca2,RECOVERED
reports/03_modeling/v12_dlinear/full/quantile/cloud/calibrated/results_calibrated.csv,d8783d1ad4bbe9f32da864a3b1b554485c325b9150483ddde0731c2521439c9f,9777,LEGACY_PROTOCOL,LEGACY_PROTOCOL,existing_local_workspace,deploy/02_results/unpacked/reports/03_modeling/v12_dlinear/full/quantile/cloud/calibrated/results_calibrated.csv,d8783d1ad4bbe9f32da864a3b1b554485c325b9150483ddde0731c2521439c9f,RECOVERED
reports/03_modeling/v12_dlinear/full/quantile/cloud/results.csv,cf4f7b3758da93b70750cd8e5d1cb125a7b8551bac23d0bc06c89aa820ac2de0,6544,LEGACY_PROTOCOL,LEGACY_PROTOCOL,existing_local_workspace,deploy/02_results/unpacked/reports/03_modeling/v12_dlinear/full/quantile/cloud/results.csv,cf4f7b3758da93b70750cd8e5d1cb125a7b8551bac23d0bc06c89aa820ac2de0,RECOVERED
reports/03_modeling/v12_dlinear/full/quantile/cloud/summary.md,34ed59755a9848767dc4dbfe30e46926d220de58a07f5108b9ff1800d07664f2,247,LEGACY_PROTOCOL,LEGACY_PROTOCOL,existing_local_workspace,deploy/02_results/unpacked/reports/03_modeling/v12_dlinear/full/quantile/cloud/summary.md,34ed59755a9848767dc4dbfe30e46926d220de58a07f5108b9ff1800d07664f2,RECOVERED
reports/03_modeling/v12_dlinear/full/quantile/ghi/calibrated/results_calibrated.csv,cd9147ca20c8ce518a78d9a4729db5042344da0a0d6f9f19a531783aa49f1fd5,9834,LEGACY_PROTOCOL,LEGACY_PROTOCOL,existing_local_workspace,deploy/02_results/unpacked/reports/03_modeling/v12_dlinear/full/quantile/ghi/calibrated/results_calibrated.csv,cd9147ca20c8ce518a78d9a4729db5042344da0a0d6f9f19a531783aa49f1fd5,RECOVERED
reports/03_modeling/v12_dlinear/full/quantile/ghi/results.csv,0613d827ef4d505417e0bba44a4fd06197243a404bb34af29811d95a031c055e,6546,LEGACY_PROTOCOL,LEGACY_PROTOCOL,existing_local_workspace,deploy/02_results/unpacked/reports/03_modeling/v12_dlinear/full/quantile/ghi/results.csv,0613d827ef4d505417e0bba44a4fd06197243a404bb34af29811d95a031c055e,RECOVERED
reports/03_modeling/v12_dlinear/full/quantile/ghi/summary.md,d6b9bede6378082aa344376fb30c83ca52b4e8a3b86e0badf03a032b382b621b,247,LEGACY_PROTOCOL,LEGACY_PROTOCOL,existing_local_workspace,deploy/02_results/unpacked/reports/03_modeling/v12_dlinear/full/quantile/ghi/summary.md,d6b9bede6378082aa344376fb30c83ca52b4e8a3b86e0badf03a032b382b621b,RECOVERED
reports/03_modeling/v13_timesnet/full/quantile/cloud/calibrated/results_calibrated.csv,36c335817d8d5561e43a8ae88edd85a8bfa48d44a044f02f48595673ed26ae57,9802,LEGACY_PROTOCOL,LEGACY_PROTOCOL,existing_local_workspace,deploy/02_results/unpacked/reports/03_modeling/v13_timesnet/full/quantile/cloud/calibrated/results_calibrated.csv,36c335817d8d5561e43a8ae88edd85a8bfa48d44a044f02f48595673ed26ae57,RECOVERED
reports/03_modeling/v13_timesnet/full/quantile/cloud/results.csv,439f4fd8c5ae9d3cf2f0559080bbcfafa94176da403ae18b19168c5e65d17bec,6521,LEGACY_PROTOCOL,LEGACY_PROTOCOL,existing_local_workspace,deploy/02_results/unpacked/reports/03_modeling/v13_timesnet/full/quantile/cloud/results.csv,439f4fd8c5ae9d3cf2f0559080bbcfafa94176da403ae18b19168c5e65d17bec,RECOVERED
reports/03_modeling/v13_timesnet/full/quantile/cloud/summary.md,f4d9b2112d944020e592bf19354aa5d3639a59d2e14de5ff2be4cfad2e6e3a6a,248,LEGACY_PROTOCOL,LEGACY_PROTOCOL,existing_local_workspace,deploy/02_results/unpacked/reports/03_modeling/v13_timesnet/full/quantile/cloud/summary.md,f4d9b2112d944020e592bf19354aa5d3639a59d2e14de5ff2be4cfad2e6e3a6a,RECOVERED
reports/03_modeling/v13_timesnet/full/quantile/ghi/calibrated/results_calibrated.csv,deadfecc3925527b3a639d46c5a82ce693f1333a1b96bd5c309293f9a0fcf56a,9788,LEGACY_PROTOCOL,LEGACY_PROTOCOL,existing_local_workspace,deploy/02_results/unpacked/reports/03_modeling/v13_timesnet/full/quantile/ghi/calibrated/results_calibrated.csv,deadfecc3925527b3a639d46c5a82ce693f1333a1b96bd5c309293f9a0fcf56a,RECOVERED
reports/03_modeling/v13_timesnet/full/quantile/ghi/results.csv,7a4d86277f69c95d2a166cf47953d4e271305c2261172f50e525c8e46cfd8af5,6509,LEGACY_PROTOCOL,LEGACY_PROTOCOL,existing_local_workspace,deploy/02_results/unpacked/reports/03_modeling/v13_timesnet/full/quantile/ghi/results.csv,7a4d86277f69c95d2a166cf47953d4e271305c2261172f50e525c8e46cfd8af5,RECOVERED
reports/03_modeling/v13_timesnet/full/quantile/ghi/summary.md,98bbf1043c9c98047185fbc5f75b3292e1039fd2d10cd3fce16577ff59bb4070,250,LEGACY_PROTOCOL,LEGACY_PROTOCOL,existing_local_workspace,deploy/02_results/unpacked/reports/03_modeling/v13_timesnet/full/quantile/ghi/summary.md,98bbf1043c9c98047185fbc5f75b3292e1039fd2d10cd3fce16577ff59bb4070,RECOVERED
reports/03_modeling/v14_tsmixer/full/quantile/cloud/calibrated/results_calibrated.csv,a3712f1af5db06fe39672536203f74e7072cd8f4f59d15bf6c3d7713b60e0c36,9784,LEGACY_PROTOCOL,LEGACY_PROTOCOL,existing_local_workspace,deploy/02_results/unpacked/reports/03_modeling/v14_tsmixer/full/quantile/cloud/calibrated/results_calibrated.csv,a3712f1af5db06fe39672536203f74e7072cd8f4f59d15bf6c3d7713b60e0c36,RECOVERED
reports/03_modeling/v14_tsmixer/full/quantile/cloud/results.csv,87e6fe4f181c23da6e5a9698060d0f1e7dfdbb8374044c984552a756cf30bc61,6540,LEGACY_PROTOCOL,LEGACY_PROTOCOL,existing_local_workspace,deploy/02_results/unpacked/reports/03_modeling/v14_tsmixer/full/quantile/cloud/results.csv,87e6fe4f181c23da6e5a9698060d0f1e7dfdbb8374044c984552a756cf30bc61,RECOVERED
reports/03_modeling/v14_tsmixer/full/quantile/cloud/summary.md,8fd5fd5ba1d427cfe29965d9c0dcd923c5f4aeb0bbd51919e10331d52dd96548,247,LEGACY_PROTOCOL,LEGACY_PROTOCOL,existing_local_workspace,deploy/02_results/unpacked/reports/03_modeling/v14_tsmixer/full/quantile/cloud/summary.md,8fd5fd5ba1d427cfe29965d9c0dcd923c5f4aeb0bbd51919e10331d52dd96548,RECOVERED
reports/03_modeling/v14_tsmixer/full/quantile/ghi/calibrated/results_calibrated.csv,930b5de442b3a940905ff6a5ecba69863b55fe5d2dd1860f588d834a71f876f6,9876,LEGACY_PROTOCOL,LEGACY_PROTOCOL,existing_local_workspace,deploy/02_results/unpacked/reports/03_modeling/v14_tsmixer/full/quantile/ghi/calibrated/results_calibrated.csv,930b5de442b3a940905ff6a5ecba69863b55fe5d2dd1860f588d834a71f876f6,RECOVERED
reports/03_modeling/v14_tsmixer/full/quantile/ghi/results.csv,a02a7dc02c92c14b4a0bc3a177aeca632e61ea46a57663451fb6496d4c30273d,6531,LEGACY_PROTOCOL,LEGACY_PROTOCOL,existing_local_workspace,deploy/02_results/unpacked/reports/03_modeling/v14_tsmixer/full/quantile/ghi/results.csv,a02a7dc02c92c14b4a0bc3a177aeca632e61ea46a57663451fb6496d4c30273d,RECOVERED
reports/03_modeling/v14_tsmixer/full/quantile/ghi/summary.md,c7896b7c4076f9b52acf375e7cffee4aa3b52e7ec961b8697bf1f678ae2dc78c,248,LEGACY_PROTOCOL,LEGACY_PROTOCOL,existing_local_workspace,deploy/02_results/unpacked/reports/03_modeling/v14_tsmixer/full/quantile/ghi/summary.md,c7896b7c4076f9b52acf375e7cffee4aa3b52e7ec961b8697bf1f678ae2dc78c,RECOVERED
reports/03_modeling/v15_pinn/full/quantile/cloud/calibrated/results_calibrated.csv,a1b52a69473deffbd48b4a51d758fe93b64f691be16f644978c3f03df397a28f,9782,LEGACY_PROTOCOL,LEGACY_PROTOCOL,existing_local_workspace,deploy/02_results/unpacked/reports/03_modeling/v15_pinn/full/quantile/cloud/calibrated/results_calibrated.csv,a1b52a69473deffbd48b4a51d758fe93b64f691be16f644978c3f03df397a28f,RECOVERED
reports/03_modeling/v15_pinn/full/quantile/cloud/results.csv,efc5828e6589dadf15531d88d300fc1a538da4d867a4b74306030aa0375427b0,6533,LEGACY_PROTOCOL,LEGACY_PROTOCOL,existing_local_workspace,deploy/02_results/unpacked/reports/03_modeling/v15_pinn/full/quantile/cloud/results.csv,efc5828e6589dadf15531d88d300fc1a538da4d867a4b74306030aa0375427b0,RECOVERED
reports/03_modeling/v15_pinn/full/quantile/cloud/summary.md,866c8d2382f47003ddc30e30614d873eeeb9a00facb7893c226a0edabfd61949,244,LEGACY_PROTOCOL,LEGACY_PROTOCOL,existing_local_workspace,deploy/02_results/unpacked/reports/03_modeling/v15_pinn/full/quantile/cloud/summary.md,866c8d2382f47003ddc30e30614d873eeeb9a00facb7893c226a0edabfd61949,RECOVERED
reports/03_modeling/v15_pinn/full/quantile/ghi/calibrated/results_calibrated.csv,f34da9e70d50544a58d255cb1a3ba90a25109170d075af8d109c91eefb5ab249,9871,LEGACY_PROTOCOL,LEGACY_PROTOCOL,existing_local_workspace,deploy/02_results/unpacked/reports/03_modeling/v15_pinn/full/quantile/ghi/calibrated/results_calibrated.csv,f34da9e70d50544a58d255cb1a3ba90a25109170d075af8d109c91eefb5ab249,RECOVERED
reports/03_modeling/v15_pinn/full/quantile/ghi/results.csv,7ac7394b9c8f9b4f1bb5cb9505134b31c0bb56afc66a9c96b0f9f4b36a81cc1e,6565,LEGACY_PROTOCOL,LEGACY_PROTOCOL,existing_local_workspace,deploy/02_results/unpacked/reports/03_modeling/v15_pinn/full/quantile/ghi/results.csv,7ac7394b9c8f9b4f1bb5cb9505134b31c0bb56afc66a9c96b0f9f4b36a81cc1e,RECOVERED
reports/03_modeling/v15_pinn/full/quantile/ghi/summary.md,76be7a7fe4c83fec12482f51684bf89217ba770e506b6ed07ae6d864b48dd44c,245,LEGACY_PROTOCOL,LEGACY_PROTOCOL,existing_local_workspace,deploy/02_results/unpacked/reports/03_modeling/v15_pinn/full/quantile/ghi/summary.md,76be7a7fe4c83fec12482f51684bf89217ba770e506b6ed07ae6d864b48dd44c,RECOVERED
reports/03_modeling/v1_ml/full/quantile/cloud/lead_feature_predictions.csv,a9726e4d6250af61fdc228b3d5d0d388b4c81307832ae283c70cf0b76f33201a,467384206,LEGACY_PROTOCOL,LEGACY_PROTOCOL,,,,RECOVERY_REQUIRED
reports/03_modeling/v1_ml/full/quantile/cloud/lead_feature_results.csv,29ba386db8b99ab89e28081afa0cff56119d66ac673dfcd21721d0d5ba13bb59,2246,LEGACY_PROTOCOL,LEGACY_PROTOCOL,,,,RECOVERY_REQUIRED
reports/03_modeling/v1_ml/full/quantile/cloud/lead_feature_summary.md,5301c1f0c8487b534b06d8463b308a55a04eb896f373b0a34f0f38f0a19f4002,1680,LEGACY_PROTOCOL,LEGACY_PROTOCOL,,,,RECOVERY_REQUIRED
reports/03_modeling/v1_ml/full/quantile/cloud/per_lead_predictions.csv,c2c0c5d4e8cacfc3be7700fa75c87f99b0c65ead6001f527c9cba0b69ac99e0a,453504883,LEGACY_PROTOCOL,LEGACY_PROTOCOL,,,,RECOVERY_REQUIRED
reports/03_modeling/v1_ml/full/quantile/cloud/per_lead_results.csv,b01e3050dcd480318b3f59f8f6dfa979642278d3f41a5d3e3ae492f582054656,6295,LEGACY_PROTOCOL,LEGACY_PROTOCOL,,,,RECOVERY_REQUIRED
reports/03_modeling/v1_ml/full/quantile/cloud/per_lead_summary.md,70abe28359eb8a4bad39985f32317c5b59ea3d1f8fea643f67762da78ebd29fa,2776,LEGACY_PROTOCOL,LEGACY_PROTOCOL,,,,RECOVERY_REQUIRED
reports/03_modeling/v1_ml/full/quantile/ghi/lead_feature_predictions.csv,e36f94d0957899e3a84cdfbacb80bde0926b45bd8c9d9cf41e7f9be00535456f,256517625,LEGACY_PROTOCOL,LEGACY_PROTOCOL,,,,RECOVERY_REQUIRED
reports/03_modeling/v1_ml/full/quantile/ghi/lead_feature_results.csv,aa1b3c9d977e0c0032536878e6f39e54cf60b550d5e71618ded35c991a4a96af,2261,LEGACY_PROTOCOL,LEGACY_PROTOCOL,,,,RECOVERY_REQUIRED
reports/03_modeling/v1_ml/full/quantile/ghi/lead_feature_summary.md,888bd89c8b715ee70fb9a616b0b83dcc0ba38f50187a14731f851170f6112a62,1704,LEGACY_PROTOCOL,LEGACY_PROTOCOL,,,,RECOVERY_REQUIRED
reports/03_modeling/v1_ml/full/quantile/ghi/per_lead_predictions.csv,435b66f2cca6dbdea3c269a3c19a81bd0a16ca7672d765c69acae6e42d55a253,257016795,LEGACY_PROTOCOL,LEGACY_PROTOCOL,,,,RECOVERY_REQUIRED
reports/03_modeling/v1_ml/full/quantile/ghi/per_lead_results.csv,77c1325ad8ad02b4ad5e4121ae1c74e06692907709ca870fc843cb028843cfad,6257,LEGACY_PROTOCOL,LEGACY_PROTOCOL,,,,RECOVERY_REQUIRED
reports/03_modeling/v1_ml/full/quantile/ghi/per_lead_summary.md,1d7618e6b267c4403502d1ebc2a4db09655874c5a25580c845db014e20566cec,2836,LEGACY_PROTOCOL,LEGACY_PROTOCOL,,,,RECOVERY_REQUIRED
reports/03_modeling/v1_ml/full_brokenkt_20260912/quantile/_coverage_summary.csv,7804d6ff988122ecfaa45cad5417bfda7375d7ab50bc39c819dbb20043cf7177,3287,WRONG_PROCESSING,WRONG_PROCESSING,,,,RECOVERY_REQUIRED
reports/03_modeling/v1_ml/full_brokenkt_20260912/quantile/cloud/lead_feature_predictions.csv,f279e034b042d9cbeb25388693e62b2f194de900bedef4ef5d52d247df4a390e,313740821,WRONG_PROCESSING,WRONG_PROCESSING,,,,RECOVERY_REQUIRED
reports/03_modeling/v1_ml/full_brokenkt_20260912/quantile/cloud/lead_feature_results.csv,019adfca835282bb6f706f1dc62f3153e26ce66b78f40c2fe0468f4653c06661,2039,WRONG_PROCESSING,WRONG_PROCESSING,,,,RECOVERY_REQUIRED
reports/03_modeling/v1_ml/full_brokenkt_20260912/quantile/cloud/lead_feature_summary.md,c1d30799d3ec1f833fc52dd44c02fd4350e0d5a1d83775e7835ce7df68024e24,1653,WRONG_PROCESSING,WRONG_PROCESSING,existing_local_workspace,deploy/02_results/unpacked/reports/03_modeling/v1_ml/full/quantile/cloud/lead_feature_summary.md,c1d30799d3ec1f833fc52dd44c02fd4350e0d5a1d83775e7835ce7df68024e24,RECOVERED
reports/03_modeling/v1_ml/full_brokenkt_20260912/quantile/cloud/per_lead_predictions.csv,4d0b30121d8986d862ebc6221380ca3cf3e9870f215056819d05edf42fe718cc,299986179,WRONG_PROCESSING,WRONG_PROCESSING,,,,RECOVERY_REQUIRED
reports/03_modeling/v1_ml/full_brokenkt_20260912/quantile/cloud/per_lead_results.csv,dc57d25283b5af25add847392b7d3f1b0371308ffda40b0d9c02dacf1a9903c0,5777,WRONG_PROCESSING,WRONG_PROCESSING,,,,RECOVERY_REQUIRED
reports/03_modeling/v1_ml/full_brokenkt_20260912/quantile/cloud/per_lead_summary.md,86eeac3fb20e5f450baccacb8d5f56537efb74b06e5f0b081a1a55b68cf8b784,2737,WRONG_PROCESSING,WRONG_PROCESSING,existing_local_workspace,deploy/02_results/unpacked/reports/03_modeling/v1_ml/full/quantile/cloud/per_lead_summary.md,86eeac3fb20e5f450baccacb8d5f56537efb74b06e5f0b081a1a55b68cf8b784,RECOVERED
reports/03_modeling/v1_ml/full_brokenkt_20260912/quantile/ghi/lead_feature_predictions.csv,04a87dfa78467bbb8e8f1dbb65dddb030e4881efbb1bbe8fdfa24904f100d24e,192026130,WRONG_PROCESSING,WRONG_PROCESSING,,,,RECOVERY_REQUIRED
reports/03_modeling/v1_ml/full_brokenkt_20260912/quantile/ghi/lead_feature_results.csv,781935f37276b008f61086663df962bf6dd942fd084b12aec3efc715e7e68114,2036,WRONG_PROCESSING,WRONG_PROCESSING,,,,RECOVERY_REQUIRED
reports/03_modeling/v1_ml/full_brokenkt_20260912/quantile/ghi/lead_feature_summary.md,9c669a65085c3131e5df1aafd3d83d28f54e50fe137f1f551420ef2bfeaaf59e,1677,WRONG_PROCESSING,WRONG_PROCESSING,existing_local_workspace,deploy/02_results/unpacked/reports/03_modeling/v1_ml/full/quantile/ghi/lead_feature_summary.md,9c669a65085c3131e5df1aafd3d83d28f54e50fe137f1f551420ef2bfeaaf59e,RECOVERED
reports/03_modeling/v1_ml/full_brokenkt_20260912/quantile/ghi/per_lead_predictions.csv,b98159970f24a58a910069cd0b2cbe8160f9bca234fad9af0d8bcf96888c088b,192673361,WRONG_PROCESSING,WRONG_PROCESSING,,,,RECOVERY_REQUIRED
reports/03_modeling/v1_ml/full_brokenkt_20260912/quantile/ghi/per_lead_results.csv,ec7b2931c4707ddbaf7a644cd2ea152354d2307f66fbdde4f5e266c824ca269d,5736,WRONG_PROCESSING,WRONG_PROCESSING,,,,RECOVERY_REQUIRED
reports/03_modeling/v1_ml/full_brokenkt_20260912/quantile/ghi/per_lead_summary.md,2413099a70938e9ba0c8ad45e9a54c6823647d06fb9d5db511d7620c72471cb0,2797,WRONG_PROCESSING,WRONG_PROCESSING,existing_local_workspace,deploy/02_results/unpacked/reports/03_modeling/v1_ml/full/quantile/ghi/per_lead_summary.md,2413099a70938e9ba0c8ad45e9a54c6823647d06fb9d5db511d7620c72471cb0,RECOVERED
reports/03_modeling/v1_ml/full_noid_20260913/quantile/cloud/lead_feature_predictions.csv,f606e842723d3826d73a3d853eaa0ecc045d813eb9980b9038449f9512bf9972,317772194,LEGACY_PROTOCOL,LEGACY_PROTOCOL,,,,RECOVERY_REQUIRED
reports/03_modeling/v1_ml/full_noid_20260913/quantile/cloud/lead_feature_results.csv,29ba386db8b99ab89e28081afa0cff56119d66ac673dfcd21721d0d5ba13bb59,2246,DUPLICATE,DUPLICATE,,,,RECOVERY_REQUIRED
reports/03_modeling/v1_ml/full_noid_20260913/quantile/cloud/lead_feature_summary.md,5301c1f0c8487b534b06d8463b308a55a04eb896f373b0a34f0f38f0a19f4002,1680,DUPLICATE,DUPLICATE,,,,RECOVERY_REQUIRED
reports/03_modeling/v1_ml/full_noid_20260913/quantile/cloud/per_lead_predictions.csv,ab3c9b9942feeb336f7b6050d55f2fdb2cb32d8d0d757658d52ef000adbdcc11,303892871,LEGACY_PROTOCOL,LEGACY_PROTOCOL,,,,RECOVERY_REQUIRED
reports/03_modeling/v1_ml/full_noid_20260913/quantile/cloud/per_lead_results.csv,b01e3050dcd480318b3f59f8f6dfa979642278d3f41a5d3e3ae492f582054656,6295,DUPLICATE,DUPLICATE,,,,RECOVERY_REQUIRED
reports/03_modeling/v1_ml/full_noid_20260913/quantile/cloud/per_lead_summary.md,70abe28359eb8a4bad39985f32317c5b59ea3d1f8fea643f67762da78ebd29fa,2776,DUPLICATE,DUPLICATE,,,,RECOVERY_REQUIRED
reports/03_modeling/v1_ml/full_noid_20260913/quantile/ghi/lead_feature_predictions.csv,ae64154896a694c50bfa2e6a88ef7fbc2b5d0c443681d4bb29ad740cae1f3408,192107947,LEGACY_PROTOCOL,LEGACY_PROTOCOL,,,,RECOVERY_REQUIRED
reports/03_modeling/v1_ml/full_noid_20260913/quantile/ghi/lead_feature_results.csv,aa1b3c9d977e0c0032536878e6f39e54cf60b550d5e71618ded35c991a4a96af,2261,DUPLICATE,DUPLICATE,,,,RECOVERY_REQUIRED
reports/03_modeling/v1_ml/full_noid_20260913/quantile/ghi/lead_feature_summary.md,888bd89c8b715ee70fb9a616b0b83dcc0ba38f50187a14731f851170f6112a62,1704,DUPLICATE,DUPLICATE,,,,RECOVERY_REQUIRED
reports/03_modeling/v1_ml/full_noid_20260913/quantile/ghi/per_lead_predictions.csv,0c3e8dd35891835145fc987cceaa942b75a52e4d14bcb529c3790b0298c5caad,192607117,LEGACY_PROTOCOL,LEGACY_PROTOCOL,,,,RECOVERY_REQUIRED
reports/03_modeling/v1_ml/full_noid_20260913/quantile/ghi/per_lead_results.csv,77c1325ad8ad02b4ad5e4121ae1c74e06692907709ca870fc843cb028843cfad,6257,DUPLICATE,DUPLICATE,,,,RECOVERY_REQUIRED
reports/03_modeling/v1_ml/full_noid_20260913/quantile/ghi/per_lead_summary.md,1d7618e6b267c4403502d1ebc2a4db09655874c5a25580c845db014e20566cec,2836,DUPLICATE,DUPLICATE,,,,RECOVERY_REQUIRED
reports/03_modeling/v2_mlp/full/quantile/cloud/calibrated/results_calibrated.csv,0747de36eb170d668b139765d5bf6250e681dad55651096a3c86630cf1d48ea8,9786,LEGACY_PROTOCOL,LEGACY_PROTOCOL,existing_local_workspace,deploy/02_results/unpacked/reports/03_modeling/v2_mlp/full/quantile/cloud/calibrated/results_calibrated.csv,0747de36eb170d668b139765d5bf6250e681dad55651096a3c86630cf1d48ea8,RECOVERED
reports/03_modeling/v2_mlp/full/quantile/cloud/results.csv,a9dbf09dd6fa4744fb9ae7cfaf60ab86183111ef51c524f330bd960082d9d1ad,6547,LEGACY_PROTOCOL,LEGACY_PROTOCOL,existing_local_workspace,deploy/02_results/unpacked/reports/03_modeling/v2_mlp/full/quantile/cloud/results.csv,a9dbf09dd6fa4744fb9ae7cfaf60ab86183111ef51c524f330bd960082d9d1ad,RECOVERED
reports/03_modeling/v2_mlp/full/quantile/cloud/summary.md,a4a03d42526b7f69c0d028a7fda4ee85e8971b421febc786cf7a519e9ba87c2b,242,LEGACY_PROTOCOL,LEGACY_PROTOCOL,existing_local_workspace,deploy/02_results/unpacked/reports/03_modeling/v2_mlp/full/quantile/cloud/summary.md,a4a03d42526b7f69c0d028a7fda4ee85e8971b421febc786cf7a519e9ba87c2b,RECOVERED
reports/03_modeling/v2_mlp/full/quantile/ghi/calibrated/results_calibrated.csv,61da07aaedf9fb2d1f8f302a3053ebf3fd7b41e7a1802ee2b0854f97b6850af0,9860,LEGACY_PROTOCOL,LEGACY_PROTOCOL,existing_local_workspace,deploy/02_results/unpacked/reports/03_modeling/v2_mlp/full/quantile/ghi/calibrated/results_calibrated.csv,61da07aaedf9fb2d1f8f302a3053ebf3fd7b41e7a1802ee2b0854f97b6850af0,RECOVERED
reports/03_modeling/v2_mlp/full/quantile/ghi/results.csv,b1f4e930786109c1a5b1580206345868ef552dede170a3e4362f0d2748c168ba,6576,LEGACY_PROTOCOL,LEGACY_PROTOCOL,existing_local_workspace,deploy/02_results/unpacked/reports/03_modeling/v2_mlp/full/quantile/ghi/results.csv,b1f4e930786109c1a5b1580206345868ef552dede170a3e4362f0d2748c168ba,RECOVERED
reports/03_modeling/v2_mlp/full/quantile/ghi/summary.md,144b086336295317a6885a8e49e9ee493991d8565bac78f98861463d640e5c0c,243,LEGACY_PROTOCOL,LEGACY_PROTOCOL,existing_local_workspace,deploy/02_results/unpacked/reports/03_modeling/v2_mlp/full/quantile/ghi/summary.md,144b086336295317a6885a8e49e9ee493991d8565bac78f98861463d640e5c0c,RECOVERED
reports/03_modeling/v3_cnn/full/quantile/cloud/calibrated/results_calibrated.csv,62895994a3d77554c09cdf3c9220ad390e0091242a64ce1f9e96f328ceb0100d,9785,LEGACY_PROTOCOL,LEGACY_PROTOCOL,existing_local_workspace,deploy/02_results/unpacked/reports/03_modeling/v4_cnn/full/quantile/cloud/calibrated/results_calibrated.csv,62895994a3d77554c09cdf3c9220ad390e0091242a64ce1f9e96f328ceb0100d,RECOVERED
reports/03_modeling/v3_cnn/full/quantile/cloud/results.csv,826df724ae61a5edf58b501626179a8f8d383cf543c691fbd7a6972f98841e30,6499,LEGACY_PROTOCOL,LEGACY_PROTOCOL,existing_local_workspace,deploy/02_results/unpacked/reports/03_modeling/v4_cnn/full/quantile/cloud/results.csv,826df724ae61a5edf58b501626179a8f8d383cf543c691fbd7a6972f98841e30,RECOVERED
reports/03_modeling/v3_cnn/full/quantile/cloud/summary.md,9442470c86a3fbe41893c4eb23c2e8adef93acf25bacb77c79e9b7a4a136672a,242,LEGACY_PROTOCOL,LEGACY_PROTOCOL,existing_local_workspace,deploy/02_results/unpacked/reports/03_modeling/v4_cnn/full/quantile/cloud/summary.md,9442470c86a3fbe41893c4eb23c2e8adef93acf25bacb77c79e9b7a4a136672a,RECOVERED
reports/03_modeling/v3_cnn/full/quantile/ghi/calibrated/results_calibrated.csv,47e625b745e7028c333e452bd042068b46f6421c2d2ea5400e12a5a6b049395e,9859,LEGACY_PROTOCOL,LEGACY_PROTOCOL,existing_local_workspace,deploy/02_results/unpacked/reports/03_modeling/v4_cnn/full/quantile/ghi/calibrated/results_calibrated.csv,47e625b745e7028c333e452bd042068b46f6421c2d2ea5400e12a5a6b049395e,RECOVERED
reports/03_modeling/v3_cnn/full/quantile/ghi/results.csv,bd4a60ac26f9cd1550654eb7f07a4070d4c6896702d23b7aa925da57e83e1911,6588,LEGACY_PROTOCOL,LEGACY_PROTOCOL,existing_local_workspace,deploy/02_results/unpacked/reports/03_modeling/v4_cnn/full/quantile/ghi/results.csv,bd4a60ac26f9cd1550654eb7f07a4070d4c6896702d23b7aa925da57e83e1911,RECOVERED
reports/03_modeling/v3_cnn/full/quantile/ghi/summary.md,faba826b1787f1ab42b59774488a7167ac71ca14fc35b51a8056f8161888ca0e,243,LEGACY_PROTOCOL,LEGACY_PROTOCOL,existing_local_workspace,deploy/02_results/unpacked/reports/03_modeling/v4_cnn/full/quantile/ghi/summary.md,faba826b1787f1ab42b59774488a7167ac71ca14fc35b51a8056f8161888ca0e,RECOVERED
reports/03_modeling/v4_tcn/full/quantile/cloud/calibrated/results_calibrated.csv,c6a61de8b5fc5ea22064fb106f82c2bc4467cfc9916451407072f5cc9bbb8a39,9768,LEGACY_PROTOCOL,LEGACY_PROTOCOL,existing_local_workspace,deploy/02_results/unpacked/reports/03_modeling/v5_tcn/full/quantile/cloud/calibrated/results_calibrated.csv,c6a61de8b5fc5ea22064fb106f82c2bc4467cfc9916451407072f5cc9bbb8a39,RECOVERED
reports/03_modeling/v4_tcn/full/quantile/cloud/results.csv,805c11145c7f4c0a56dcbdee9a383a17840d8600af59601d53219c817d17c686,6564,LEGACY_PROTOCOL,LEGACY_PROTOCOL,existing_local_workspace,deploy/02_results/unpacked/reports/03_modeling/v5_tcn/full/quantile/cloud/results.csv,805c11145c7f4c0a56dcbdee9a383a17840d8600af59601d53219c817d17c686,RECOVERED
reports/03_modeling/v4_tcn/full/quantile/cloud/summary.md,9742c4a7c6506286b4237fe259da2d0e3f8a6626d21db1934bbda09038936ecc,242,LEGACY_PROTOCOL,LEGACY_PROTOCOL,existing_local_workspace,deploy/02_results/unpacked/reports/03_modeling/v5_tcn/full/quantile/cloud/summary.md,9742c4a7c6506286b4237fe259da2d0e3f8a6626d21db1934bbda09038936ecc,RECOVERED
reports/03_modeling/v4_tcn/full/quantile/ghi/calibrated/results_calibrated.csv,38f5f0484474b00354b4bf8853ea0b13b9c79e0c6c3df6d3585e5921d1ce6973,9863,LEGACY_PROTOCOL,LEGACY_PROTOCOL,existing_local_workspace,deploy/02_results/unpacked/reports/03_modeling/v5_tcn/full/quantile/ghi/calibrated/results_calibrated.csv,38f5f0484474b00354b4bf8853ea0b13b9c79e0c6c3df6d3585e5921d1ce6973,RECOVERED
reports/03_modeling/v4_tcn/full/quantile/ghi/results.csv,ff115756cc5f06cdd23f45ccce3463752083fedda6730d8c88141022ce1af7ba,6581,LEGACY_PROTOCOL,LEGACY_PROTOCOL,existing_local_workspace,deploy/02_results/unpacked/reports/03_modeling/v5_tcn/full/quantile/ghi/results.csv,ff115756cc5f06cdd23f45ccce3463752083fedda6730d8c88141022ce1af7ba,RECOVERED
reports/03_modeling/v4_tcn/full/quantile/ghi/summary.md,d2f053c82aca8ff34de52b538923b0cc146ab4f4396be78e6fd94ab50eea9350,242,LEGACY_PROTOCOL,LEGACY_PROTOCOL,existing_local_workspace,deploy/02_results/unpacked/reports/03_modeling/v5_tcn/full/quantile/ghi/summary.md,d2f053c82aca8ff34de52b538923b0cc146ab4f4396be78e6fd94ab50eea9350,RECOVERED
reports/03_modeling/v5_lstm/full/quantile/cloud/calibrated/results_calibrated.csv,d7c0ab812c2a14e761be0cceed712a4f3c2cf07407f41706285dfe935aa4e728,9773,LEGACY_PROTOCOL,LEGACY_PROTOCOL,existing_local_workspace,deploy/02_results/unpacked/reports/03_modeling/v3_lstm/full/quantile/cloud/calibrated/results_calibrated.csv,d7c0ab812c2a14e761be0cceed712a4f3c2cf07407f41706285dfe935aa4e728,RECOVERED
reports/03_modeling/v5_lstm/full/quantile/cloud/results.csv,0f3b127b2d310c0116dbbf172beadf90ffbf70b12877ccc748c6a6a1ba2c780e,6543,LEGACY_PROTOCOL,LEGACY_PROTOCOL,existing_local_workspace,deploy/02_results/unpacked/reports/03_modeling/v3_lstm/full/quantile/cloud/results.csv,0f3b127b2d310c0116dbbf172beadf90ffbf70b12877ccc748c6a6a1ba2c780e,RECOVERED
reports/03_modeling/v5_lstm/full/quantile/cloud/summary.md,7e9e1cf85746cb871f94dc23a43a0f8126c87aefb02770f3de7fc0023c03df98,243,LEGACY_PROTOCOL,LEGACY_PROTOCOL,existing_local_workspace,deploy/02_results/unpacked/reports/03_modeling/v3_lstm/full/quantile/cloud/summary.md,7e9e1cf85746cb871f94dc23a43a0f8126c87aefb02770f3de7fc0023c03df98,RECOVERED
reports/03_modeling/v5_lstm/full/quantile/ghi/calibrated/results_calibrated.csv,dd235a59144ff5d78c13c4b1dd729121e44677f5fbca31612e241e64baa59766,9849,LEGACY_PROTOCOL,LEGACY_PROTOCOL,existing_local_workspace,deploy/02_results/unpacked/reports/03_modeling/v3_lstm/full/quantile/ghi/calibrated/results_calibrated.csv,dd235a59144ff5d78c13c4b1dd729121e44677f5fbca31612e241e64baa59766,RECOVERED
reports/03_modeling/v5_lstm/full/quantile/ghi/results.csv,797cc59e2b73cb312ec695a234fe38a02d51ceb236064b2328bb8db4566ba5c2,6564,LEGACY_PROTOCOL,LEGACY_PROTOCOL,existing_local_workspace,deploy/02_results/unpacked/reports/03_modeling/v3_lstm/full/quantile/ghi/results.csv,797cc59e2b73cb312ec695a234fe38a02d51ceb236064b2328bb8db4566ba5c2,RECOVERED
reports/03_modeling/v5_lstm/full/quantile/ghi/summary.md,53e8e0ab24ad3213b4e764de7b548e85de0536c2740a670e5ec1e25ae8738a5f,243,LEGACY_PROTOCOL,LEGACY_PROTOCOL,existing_local_workspace,deploy/02_results/unpacked/reports/03_modeling/v3_lstm/full/quantile/ghi/summary.md,53e8e0ab24ad3213b4e764de7b548e85de0536c2740a670e5ec1e25ae8738a5f,RECOVERED
reports/03_modeling/v6_transformer/full/quantile/cloud/calibrated/results_calibrated.csv,4e310eca7b04bf433d03c657204932a27c0aa13a26f3de94e1d8174ac2efa1a6,9782,LEGACY_PROTOCOL,LEGACY_PROTOCOL,existing_local_workspace,deploy/02_results/unpacked/reports/03_modeling/v6_transformer/full/quantile/cloud/calibrated/results_calibrated.csv,4e310eca7b04bf433d03c657204932a27c0aa13a26f3de94e1d8174ac2efa1a6,RECOVERED
reports/03_modeling/v6_transformer/full/quantile/cloud/results.csv,a2cfa38017e9fb17cdf52f38b23fb86154b157e988b7cf7e8742b29412caafda,6505,LEGACY_PROTOCOL,LEGACY_PROTOCOL,existing_local_workspace,deploy/02_results/unpacked/reports/03_modeling/v6_transformer/full/quantile/cloud/results.csv,a2cfa38017e9fb17cdf52f38b23fb86154b157e988b7cf7e8742b29412caafda,RECOVERED
reports/03_modeling/v6_transformer/full/quantile/cloud/summary.md,acf0675a784256ab4a3405405667064abb0619e85a3a61334b365edb8251d56b,250,LEGACY_PROTOCOL,LEGACY_PROTOCOL,existing_local_workspace,deploy/02_results/unpacked/reports/03_modeling/v6_transformer/full/quantile/cloud/summary.md,acf0675a784256ab4a3405405667064abb0619e85a3a61334b365edb8251d56b,RECOVERED
reports/03_modeling/v6_transformer/full/quantile/ghi/calibrated/results_calibrated.csv,b2c186940cd55ad6ee8500c8b82c56001676d8570ba69abf8bc19416404490ec,9855,LEGACY_PROTOCOL,LEGACY_PROTOCOL,existing_local_workspace,deploy/02_results/unpacked/reports/03_modeling/v6_transformer/full/quantile/ghi/calibrated/results_calibrated.csv,b2c186940cd55ad6ee8500c8b82c56001676d8570ba69abf8bc19416404490ec,RECOVERED
reports/03_modeling/v6_transformer/full/quantile/ghi/results.csv,02ec05fdc038a77ad84646281c853e35f9ad977a94ab657dc80945ad701eeb6d,6555,LEGACY_PROTOCOL,LEGACY_PROTOCOL,existing_local_workspace,deploy/02_results/unpacked/reports/03_modeling/v6_transformer/full/quantile/ghi/results.csv,02ec05fdc038a77ad84646281c853e35f9ad977a94ab657dc80945ad701eeb6d,RECOVERED
reports/03_modeling/v6_transformer/full/quantile/ghi/summary.md,a5017e170f9363b77aa2a2adffd3b384da9decc29d53c9f4886846f23086c7ba,250,LEGACY_PROTOCOL,LEGACY_PROTOCOL,existing_local_workspace,deploy/02_results/unpacked/reports/03_modeling/v6_transformer/full/quantile/ghi/summary.md,a5017e170f9363b77aa2a2adffd3b384da9decc29d53c9f4886846f23086c7ba,RECOVERED
reports/03_modeling/v7_autoformer/full/quantile/cloud/calibrated/results_calibrated.csv,3e344aad138c2672286d8998a90055ffc7edf16cb9b07a8101a272f6443f7df9,9749,LEGACY_PROTOCOL,LEGACY_PROTOCOL,existing_local_workspace,deploy/02_results/unpacked/reports/03_modeling/v7_autoformer/full/quantile/cloud/calibrated/results_calibrated.csv,3e344aad138c2672286d8998a90055ffc7edf16cb9b07a8101a272f6443f7df9,RECOVERED
reports/03_modeling/v7_autoformer/full/quantile/cloud/results.csv,e72e4e1c4db116f42a05c4f6c493d6a445603bccd4e3f2a4df08a8114230cbb6,6529,LEGACY_PROTOCOL,LEGACY_PROTOCOL,existing_local_workspace,deploy/02_results/unpacked/reports/03_modeling/v7_autoformer/full/quantile/cloud/results.csv,e72e4e1c4db116f42a05c4f6c493d6a445603bccd4e3f2a4df08a8114230cbb6,RECOVERED
reports/03_modeling/v7_autoformer/full/quantile/cloud/summary.md,fae977df7da3c1d2fd9a4466f0eefb235b1f35e041af95186525329726e17d50,249,LEGACY_PROTOCOL,LEGACY_PROTOCOL,existing_local_workspace,deploy/02_results/unpacked/reports/03_modeling/v7_autoformer/full/quantile/cloud/summary.md,fae977df7da3c1d2fd9a4466f0eefb235b1f35e041af95186525329726e17d50,RECOVERED
reports/03_modeling/v7_autoformer/full/quantile/ghi/calibrated/results_calibrated.csv,b06de489619f1d283f5eee4dbcf85a3cf06ca0e4261e7d4919f6c3489f09abc9,9867,LEGACY_PROTOCOL,LEGACY_PROTOCOL,existing_local_workspace,deploy/02_results/unpacked/reports/03_modeling/v7_autoformer/full/quantile/ghi/calibrated/results_calibrated.csv,b06de489619f1d283f5eee4dbcf85a3cf06ca0e4261e7d4919f6c3489f09abc9,RECOVERED
reports/03_modeling/v7_autoformer/full/quantile/ghi/results.csv,a0e1f51f42b6bcb420db5c548137edf021f0902dc48ec229d13cb9e716cfcbe2,6572,LEGACY_PROTOCOL,LEGACY_PROTOCOL,existing_local_workspace,deploy/02_results/unpacked/reports/03_modeling/v7_autoformer/full/quantile/ghi/results.csv,a0e1f51f42b6bcb420db5c548137edf021f0902dc48ec229d13cb9e716cfcbe2,RECOVERED
reports/03_modeling/v7_autoformer/full/quantile/ghi/summary.md,c3d57ae246716c3c47551f36bf8b94046ff212c0a99ed1d8b88c462de602314d,249,LEGACY_PROTOCOL,LEGACY_PROTOCOL,existing_local_workspace,deploy/02_results/unpacked/reports/03_modeling/v7_autoformer/full/quantile/ghi/summary.md,c3d57ae246716c3c47551f36bf8b94046ff212c0a99ed1d8b88c462de602314d,RECOVERED
reports/03_modeling/v8_informer/full/quantile/cloud/calibrated/results_calibrated.csv,35ea4307473130034edd9ffe45770f8490c6d44568980c11a8a5d79f54ce9484,9757,LEGACY_PROTOCOL,LEGACY_PROTOCOL,existing_local_workspace,deploy/02_results/unpacked/reports/03_modeling/v8_informer/full/quantile/cloud/calibrated/results_calibrated.csv,35ea4307473130034edd9ffe45770f8490c6d44568980c11a8a5d79f54ce9484,RECOVERED
reports/03_modeling/v8_informer/full/quantile/cloud/results.csv,69db0ae3f96a8da75127c69b320610863df0f9dc5d2c4d4c0ef4e6d04010df22,6502,LEGACY_PROTOCOL,LEGACY_PROTOCOL,existing_local_workspace,deploy/02_results/unpacked/reports/03_modeling/v8_informer/full/quantile/cloud/results.csv,69db0ae3f96a8da75127c69b320610863df0f9dc5d2c4d4c0ef4e6d04010df22,RECOVERED
reports/03_modeling/v8_informer/full/quantile/cloud/summary.md,669eb4cbc01d1acd2becdee60d74528435430c98e2f76433f3828998401fbced,247,LEGACY_PROTOCOL,LEGACY_PROTOCOL,existing_local_workspace,deploy/02_results/unpacked/reports/03_modeling/v8_informer/full/quantile/cloud/summary.md,669eb4cbc01d1acd2becdee60d74528435430c98e2f76433f3828998401fbced,RECOVERED
reports/03_modeling/v8_informer/full/quantile/ghi/calibrated/results_calibrated.csv,79c55f51ebab8ae2e4d6f0ffad301bca8cb42052544a6747abe07454fa2e8b6e,9864,LEGACY_PROTOCOL,LEGACY_PROTOCOL,existing_local_workspace,deploy/02_results/unpacked/reports/03_modeling/v8_informer/full/quantile/ghi/calibrated/results_calibrated.csv,79c55f51ebab8ae2e4d6f0ffad301bca8cb42052544a6747abe07454fa2e8b6e,RECOVERED
reports/03_modeling/v8_informer/full/quantile/ghi/results.csv,fe9fe5c7d196fcbcd570a8fa59ac2b8aff9d260d01619bafeb3a9fcb9d03971a,6570,LEGACY_PROTOCOL,LEGACY_PROTOCOL,existing_local_workspace,deploy/02_results/unpacked/reports/03_modeling/v8_informer/full/quantile/ghi/results.csv,fe9fe5c7d196fcbcd570a8fa59ac2b8aff9d260d01619bafeb3a9fcb9d03971a,RECOVERED
reports/03_modeling/v8_informer/full/quantile/ghi/summary.md,ce95862e6237228d9ff69a05b6bd04d444af098a416380805ca61480a0a18361,247,LEGACY_PROTOCOL,LEGACY_PROTOCOL,existing_local_workspace,deploy/02_results/unpacked/reports/03_modeling/v8_informer/full/quantile/ghi/summary.md,ce95862e6237228d9ff69a05b6bd04d444af098a416380805ca61480a0a18361,RECOVERED
reports/03_modeling/v9_fedformer/full/quantile/cloud/calibrated/results_calibrated.csv,8f68157ed90cb5b395758752386bc93ab087d1ebf15148cceab7e61620700c3a,9768,LEGACY_PROTOCOL,LEGACY_PROTOCOL,existing_local_workspace,deploy/02_results/unpacked/reports/03_modeling/v9_fedformer/full/quantile/cloud/calibrated/results_calibrated.csv,8f68157ed90cb5b395758752386bc93ab087d1ebf15148cceab7e61620700c3a,RECOVERED
reports/03_modeling/v9_fedformer/full/quantile/cloud/results.csv,eccf808024403e0b4c47e90392e06b604e94a67de8dedbfb58b7957ae8e3b66e,6562,LEGACY_PROTOCOL,LEGACY_PROTOCOL,existing_local_workspace,deploy/02_results/unpacked/reports/03_modeling/v9_fedformer/full/quantile/cloud/results.csv,eccf808024403e0b4c47e90392e06b604e94a67de8dedbfb58b7957ae8e3b66e,RECOVERED
reports/03_modeling/v9_fedformer/full/quantile/cloud/summary.md,719dcdef3c804be28f0596add843f68318aeb67b0a5356b94716652f15cc0599,248,LEGACY_PROTOCOL,LEGACY_PROTOCOL,existing_local_workspace,deploy/02_results/unpacked/reports/03_modeling/v9_fedformer/full/quantile/cloud/summary.md,719dcdef3c804be28f0596add843f68318aeb67b0a5356b94716652f15cc0599,RECOVERED
reports/03_modeling/v9_fedformer/full/quantile/ghi/calibrated/results_calibrated.csv,8c15f7eff72041d6bc487bcf2566315a33a96f4089a9cdfe9b97df2de2b83f70,9848,LEGACY_PROTOCOL,LEGACY_PROTOCOL,existing_local_workspace,deploy/02_results/unpacked/reports/03_modeling/v9_fedformer/full/quantile/ghi/calibrated/results_calibrated.csv,8c15f7eff72041d6bc487bcf2566315a33a96f4089a9cdfe9b97df2de2b83f70,RECOVERED
reports/03_modeling/v9_fedformer/full/quantile/ghi/results.csv,f8d2631ade1107de99255173478840cb538e2ea29754fad8353816c553874b43,6598,LEGACY_PROTOCOL,LEGACY_PROTOCOL,existing_local_workspace,deploy/02_results/unpacked/reports/03_modeling/v9_fedformer/full/quantile/ghi/results.csv,f8d2631ade1107de99255173478840cb538e2ea29754fad8353816c553874b43,RECOVERED
reports/03_modeling/v9_fedformer/full/quantile/ghi/summary.md,50f2b178779121c280cda4758953953a5b90ec5cf775d3a7ef300c7205625276,248,LEGACY_PROTOCOL,LEGACY_PROTOCOL,existing_local_workspace,deploy/02_results/unpacked/reports/03_modeling/v9_fedformer/full/quantile/ghi/summary.md,50f2b178779121c280cda4758953953a5b90ec5cf775d3a7ef300c7205625276,RECOVERED
reports/04_error_analysis/ablation_feature_groups.csv,ccdeee2647bf2ae52c21b84a3f8dcab36d787dd0c934ddad0686fee7c5c992ac,348,LEGACY_PROTOCOL,LEGACY_PROTOCOL,existing_local_workspace,NWP_website_handoff/research_reference/reports/04_error_analysis/ablation_feature_groups.csv,ccdeee2647bf2ae52c21b84a3f8dcab36d787dd0c934ddad0686fee7c5c992ac,RECOVERED
reports/04_error_analysis/residual_diagnostics.csv,38fd24a24ee1e23a17347d2bae7928571b6bedd393a1e30256cc074a10f3af89,428,LEGACY_PROTOCOL,LEGACY_PROTOCOL,existing_local_workspace,NWP_website_handoff/research_reference/reports/04_error_analysis/residual_diagnostics.csv,38fd24a24ee1e23a17347d2bae7928571b6bedd393a1e30256cc074a10f3af89,RECOVERED
reports/04_error_analysis/shap_interaction_top.csv,c10a2c11388d7998d430bf99a33197ccdb4428a793a95ea93c69f5fb86ab9283,24060,LEGACY_PROTOCOL,LEGACY_PROTOCOL,existing_local_workspace,NWP_website_handoff/research_reference/reports/04_error_analysis/shap_interaction_top.csv,c10a2c11388d7998d430bf99a33197ccdb4428a793a95ea93c69f5fb86ab9283,RECOVERED
reports/04_error_analysis/shap_lead_importance.csv,f829bb8043949b2347c0930aab1ebfe1f13479a96079f88c832af4ff85ccca78,2331,LEGACY_PROTOCOL,LEGACY_PROTOCOL,existing_local_workspace,NWP_website_handoff/research_reference/reports/04_error_analysis/shap_lead_importance.csv,f829bb8043949b2347c0930aab1ebfe1f13479a96079f88c832af4ff85ccca78,RECOVERED
reports/04_error_analysis/shap_quantile_importance.csv,3de3d12bfd896ec0271e9ae28225cb3f0665487a281cbdbc8051810fed7811fa,4817,LEGACY_PROTOCOL,LEGACY_PROTOCOL,existing_local_workspace,NWP_website_handoff/research_reference/reports/04_error_analysis/shap_quantile_importance.csv,3de3d12bfd896ec0271e9ae28225cb3f0665487a281cbdbc8051810fed7811fa,RECOVERED
reports/04_error_analysis/shap_region_importance.csv,71800edd7f5c10dd58b29111516a5da849f9a5ec9060f4fc828da90f7e97e830,360,LEGACY_PROTOCOL,LEGACY_PROTOCOL,existing_local_workspace,NWP_website_handoff/research_reference/reports/04_error_analysis/shap_region_importance.csv,71800edd7f5c10dd58b29111516a5da849f9a5ec9060f4fc828da90f7e97e830,RECOVERED
reports/05_robustness/00_smoke/verification_robustness/dm.csv,8d862bc66e18755bca86056161a565204ce4fd79cc94eb161a956616f62b3c11,153,LEGACY_PROTOCOL,LEGACY_PROTOCOL,,,,RECOVERY_REQUIRED
reports/05_robustness/00_smoke/verification_robustness/loso.csv,d0938ee221d1816e8b65197954dae367e787f1918ef4ef12fc7779f312f950ec,172,LEGACY_PROTOCOL,LEGACY_PROTOCOL,,,,RECOVERY_REQUIRED
reports/05_robustness/00_smoke/verification_robustness/multiseed_lgbm.csv,9a79abe9a44903cf1083c3b0e450bf272d52cbbea8231fe20faef5b10d314371,45,LEGACY_PROTOCOL,LEGACY_PROTOCOL,,,,RECOVERY_REQUIRED
reports/05_robustness/00_smoke/verification_robustness/multiseed_xgb.csv,3387fe7e672cab04a2afa50485ebb4be4ddcf41224e8103540ab787939909e44,47,LEGACY_PROTOCOL,LEGACY_PROTOCOL,,,,RECOVERY_REQUIRED
reports/05_robustness/00_smoke/verification_robustness/summary.md,e110fe685fc2c79a5dbcf2e74c4ee11a09458f1c7e0fb6961bc77825a7ecf0cb,587,LEGACY_PROTOCOL,LEGACY_PROTOCOL,,,,RECOVERY_REQUIRED
reports/05_robustness/dm_test_ghi.csv,16eab251ff284e315e5d5b9050df878b0e2c5ba789010088596efbad548d98c6,1667,LEGACY_PROTOCOL,LEGACY_PROTOCOL,existing_local_workspace,NWP_website_handoff/research_reference/reports/05_robustness/dm_test_ghi.csv,16eab251ff284e315e5d5b9050df878b0e2c5ba789010088596efbad548d98c6,RECOVERED
reports/05_robustness/kt_sensitivity/fixedkt_top/v4_tcn/cloud/results.csv,d5e6530aa159d1a3d80acfee6d803fc99c0ee490ef37ece91ed2667b390dfa1e,6560,LEGACY_PROTOCOL,LEGACY_PROTOCOL,,,,RECOVERY_REQUIRED
reports/05_robustness/kt_sensitivity/fixedkt_top/v4_tcn/cloud/summary.md,f3260c33a9e4a78b7fa525a46aa24ccb6d19dc56f95202935567a445cf69dfa4,242,LEGACY_PROTOCOL,LEGACY_PROTOCOL,,,,RECOVERY_REQUIRED
reports/05_robustness/kt_sensitivity/fixedkt_top/v4_tcn/ghi/results.csv,cf9fb6d492f96602a9a8ac75baff5e0a175edb945a85346a5b6315505f90f03e,6641,LEGACY_PROTOCOL,LEGACY_PROTOCOL,,,,RECOVERY_REQUIRED
reports/05_robustness/kt_sensitivity/fixedkt_top/v4_tcn/ghi/summary.md,029db3877ee85260459f4bd74db266b8bb5d21d5c6f04ba7f53659727ebb1793,242,LEGACY_PROTOCOL,LEGACY_PROTOCOL,,,,RECOVERY_REQUIRED
reports/05_robustness/kt_sensitivity/fixedkt_top/v4_tcn/ghi/test_predictions.csv,d78c5e06a833037278ec5e5888bd4223a8db558adf3b73d30069815266dce64e,27660082,LEGACY_PROTOCOL,LEGACY_PROTOCOL,,,,RECOVERY_REQUIRED
reports/05_robustness/kt_sensitivity/fixedkt_top/v6_transformer/cloud/results.csv,0dd9a6d33ed684035e62365023a4e68a75eb9f765613d8b07b22214eac12f451,6526,LEGACY_PROTOCOL,LEGACY_PROTOCOL,,,,RECOVERY_REQUIRED
reports/05_robustness/kt_sensitivity/fixedkt_top/v6_transformer/cloud/summary.md,83610c308ec3cc58d7bf2d0a24524411f60bc3e7121e58b7317f343da3b1b1de,250,LEGACY_PROTOCOL,LEGACY_PROTOCOL,,,,RECOVERY_REQUIRED
reports/05_robustness/kt_sensitivity/fixedkt_top/v6_transformer/ghi/results.csv,f7908b22126fd0181cdf6e061e397989c246c94bc320db7481c1d3b68a8390fe,6587,LEGACY_PROTOCOL,LEGACY_PROTOCOL,,,,RECOVERY_REQUIRED
reports/05_robustness/kt_sensitivity/fixedkt_top/v6_transformer/ghi/summary.md,e0ee949a2d639b7279f0a4cac46c629f7f9455b5b7d9429534c428e98aa652c5,250,LEGACY_PROTOCOL,LEGACY_PROTOCOL,,,,RECOVERY_REQUIRED
reports/05_robustness/kt_sensitivity/fixedkt_top/v6_transformer/ghi/test_predictions.csv,900591576c63875ee282525dd66e025268edae3ce9fe7637b2cf481c1bd2e041,27652943,LEGACY_PROTOCOL,LEGACY_PROTOCOL,,,,RECOVERY_REQUIRED
reports/05_robustness/kt_sensitivity/fixedkt_top/v7_autoformer/cloud/results.csv,423fcd58023f129b6f9576ca9a4f5b09126297291507c75c513b709509beac3b,6514,LEGACY_PROTOCOL,LEGACY_PROTOCOL,,,,RECOVERY_REQUIRED
reports/05_robustness/kt_sensitivity/fixedkt_top/v7_autoformer/cloud/summary.md,9e9a4cb9efd5e7941a374d7cd7c765877a2fad8c594d284e497e73026e06b781,249,LEGACY_PROTOCOL,LEGACY_PROTOCOL,,,,RECOVERY_REQUIRED
reports/05_robustness/kt_sensitivity/fixedkt_top/v7_autoformer/ghi/results.csv,d07bb8c7a1ee9a1615045056b8778bcacdcc1b89b2ff44e765eded2972e5514a,6546,LEGACY_PROTOCOL,LEGACY_PROTOCOL,,,,RECOVERY_REQUIRED
reports/05_robustness/kt_sensitivity/fixedkt_top/v7_autoformer/ghi/summary.md,7c99a0187549e0352b5bd19aba3955222cab46d8f6f98170a8f60c34c8712d5b,249,LEGACY_PROTOCOL,LEGACY_PROTOCOL,,,,RECOVERY_REQUIRED
reports/05_robustness/kt_sensitivity/fixedkt_top/v7_autoformer/ghi/test_predictions.csv,48623e097053e7a6d38e8c51f2fd8349ff8bb02282643628460239ac33714bc8,27659487,LEGACY_PROTOCOL,LEGACY_PROTOCOL,,,,RECOVERY_REQUIRED
reports/05_robustness/kt_sensitivity/fixedkt_top/v8_informer/cloud/results.csv,468c7d55ea27fc7121a0e80ac790ca07ffbb3036555a6f8bd4fab3d06576b9e1,6517,LEGACY_PROTOCOL,LEGACY_PROTOCOL,,,,RECOVERY_REQUIRED
reports/05_robustness/kt_sensitivity/fixedkt_top/v8_informer/cloud/summary.md,adadbe58bbfcadbc1a993684ebf75723d56816bf71d638842004fbf5c1fabb10,247,LEGACY_PROTOCOL,LEGACY_PROTOCOL,,,,RECOVERY_REQUIRED
reports/05_robustness/kt_sensitivity/fixedkt_top/v8_informer/ghi/results.csv,1ac4f3f6d216a97b42ce36d722170711594b28443912ed7932674a8f0ecd52dd,6526,LEGACY_PROTOCOL,LEGACY_PROTOCOL,,,,RECOVERY_REQUIRED
reports/05_robustness/kt_sensitivity/fixedkt_top/v8_informer/ghi/summary.md,6cedabb8c62c8819438c8b69563ab00146c1ed4d37f25ed8ee58182d9e15b7b5,247,LEGACY_PROTOCOL,LEGACY_PROTOCOL,,,,RECOVERY_REQUIRED
reports/05_robustness/kt_sensitivity/fixedkt_top/v8_informer/ghi/test_predictions.csv,a791db1fcd591f65b0e05221029dfae183590bb484011140f59c68b2ed48adc7,27652748,LEGACY_PROTOCOL,LEGACY_PROTOCOL,,,,RECOVERY_REQUIRED
reports/05_robustness/kt_sensitivity/v5_lstm_fixedkt/results.csv,d2982eef7df609e37a40f1c529b17f39ec617b7adff5b2e4832974452fa65ce6,6593,LEGACY_PROTOCOL,LEGACY_PROTOCOL,,,,RECOVERY_REQUIRED
reports/05_robustness/kt_sensitivity/v5_lstm_fixedkt/summary.md,011c7f0c680e00a2515e83ad0fcb77519d6d49591baf9d8baeba41516b520975,243,LEGACY_PROTOCOL,LEGACY_PROTOCOL,,,,RECOVERY_REQUIRED
reports/05_robustness/verification/kt_grouping_stability/summary.md,e32a166d6377eb5b5b1199ff927f0abecff1aabac8c63acead24b26c26808afb,760,LEGACY_PROTOCOL,LEGACY_PROTOCOL,,,,RECOVERY_REQUIRED
reports/06_probability/conformal_blockbootstrap.csv,b8749df3c272cc7381f0c1fcee6e284ee05690807ef7e49b042f2669d761525d,844,LEGACY_PROTOCOL,LEGACY_PROTOCOL,existing_local_workspace,NWP_website_handoff/research_reference/reports/06_probability/conformal_blockbootstrap.csv,b8749df3c272cc7381f0c1fcee6e284ee05690807ef7e49b042f2669d761525d,RECOVERED
reports/06_probability/per_sample_diagnostics.csv,fd1fe3bd0a12a1f134739f8c130eac44f528395c33f8f2b87fa79af3167f3733,3602,LEGACY_PROTOCOL,LEGACY_PROTOCOL,existing_local_workspace,NWP_website_handoff/research_reference/reports/06_probability/per_sample_diagnostics.csv,fd1fe3bd0a12a1f134739f8c130eac44f528395c33f8f2b87fa79af3167f3733,RECOVERED
reports/06_probability/pit_grouped.csv,84f97794e1bd0419d034f1deffeae8cab69c60554085fcd699a9d6e14bc2448e,542,LEGACY_PROTOCOL,LEGACY_PROTOCOL,existing_local_workspace,NWP_website_handoff/research_reference/reports/06_probability/pit_grouped.csv,84f97794e1bd0419d034f1deffeae8cab69c60554085fcd699a9d6e14bc2448e,RECOVERED
reports/06_probability/prototype/quantile_proto/metrics.csv,53348bc7218acd095f10113870ba311dba676f1ad093d247f8b8d5f290999a3c,4355,LEGACY_PROTOCOL,LEGACY_PROTOCOL,,,,RECOVERY_REQUIRED
reports/06_probability/prototype/quantile_proto/predictions.csv,6853d72cad7a229fd6e1d06776096eaa6b95a1e4a59ab64eef80980ea05cdfd5,43870686,LEGACY_PROTOCOL,LEGACY_PROTOCOL,,,,RECOVERY_REQUIRED
reports/06_probability/prototype/quantile_proto/summary.md,cc2dbaf5252585d90cd125c8d2cdfe4d588ad566d248c804f059e7c79850aeac,480,LEGACY_PROTOCOL,LEGACY_PROTOCOL,,,,RECOVERY_REQUIRED
reports/batch1_skill_ghi.csv,e423efa35b27868d267e1d43b4f5a1b195bf3224a557ed6fe7e80556f121a74e,3429,LEGACY_PROTOCOL,LEGACY_PROTOCOL,existing_local_workspace,NWP_website_handoff/research_reference/reports/batch1_skill_ghi.csv,e423efa35b27868d267e1d43b4f5a1b195bf3224a557ed6fe7e80556f121a74e,RECOVERED
