path,evidence_class,source_tag,source_commit,size,sha256
figs/01_data_audit/fig_cloud_endpoint_distribution.png,CURRENT_DATA_AUDIT,pre-nwp-refactor-20261002,09230bce481bca561aef94b64f0d9a02479b41ae,62165,668c9aeb17896c8097fd82f0e653017ac005df9f1a6aefbab117ca1c660d3673
figs/01_data_audit/fig_cloud_endpoint_distribution.svg,CURRENT_DATA_AUDIT,pre-nwp-refactor-20261002,09230bce481bca561aef94b64f0d9a02479b41ae,15708,2897c6624d0e0623c9677732f34bec4712340eb93f6e6ca90f3fe5c44d348ec0
figs/01_data_audit/fig_cloud_error_ghi_error_hexbin.png,CURRENT_DATA_AUDIT,pre-nwp-refactor-20261002,09230bce481bca561aef94b64f0d9a02479b41ae,804613,93a1b761e7a36dad50eee2ac84fca4e30b80aa4f1b58ef26c41a716c7cb56579
figs/01_data_audit/fig_cloud_error_ghi_error_hexbin.svg,CURRENT_DATA_AUDIT,pre-nwp-refactor-20261002,09230bce481bca561aef94b64f0d9a02479b41ae,946437,014b203c627cd8052d8d5d9c8d555e7980507a9288ebfcf33943d40f749af8af
figs/01_data_audit/fig_cloud_identifiability.png,CURRENT_DATA_AUDIT,pre-nwp-refactor-20261002,09230bce481bca561aef94b64f0d9a02479b41ae,321281,68f9a301abc722b07c9b17ba6ee02d32597aa45aa05d9de0e272dee267d89aa2
figs/01_data_audit/fig_cloud_identifiability.svg,CURRENT_DATA_AUDIT,pre-nwp-refactor-20261002,09230bce481bca561aef94b64f0d9a02479b41ae,69045,91dc4b1b16c4182c92c2b53b758a43d6d4d53168e15bce9f27b57ca88d57c818
figs/01_data_audit/fig_cloud_kt_hexbin.png,CURRENT_DATA_AUDIT,pre-nwp-refactor-20261002,09230bce481bca561aef94b64f0d9a02479b41ae,587641,200880f73672e8c890a407ac206eff3ed652014c273b30dd81a612a6cb953c20
figs/01_data_audit/fig_cloud_kt_hexbin.svg,CURRENT_DATA_AUDIT,pre-nwp-refactor-20261002,09230bce481bca561aef94b64f0d9a02479b41ae,635199,0791e446d07894847d167ecb37056bacd38e5c1a583d127eeddc4a682e939ee5
figs/01_data_audit/fig_collinearity_valid.png,CURRENT_DATA_AUDIT,pre-nwp-refactor-20261002,09230bce481bca561aef94b64f0d9a02479b41ae,203577,bcbda257f871321bdf446c5c5c9b241e44f05548e7357f2ab80738a157c86e19
figs/01_data_audit/fig_collinearity_valid.svg,CURRENT_DATA_AUDIT,pre-nwp-refactor-20261002,09230bce481bca561aef94b64f0d9a02479b41ae,32619,51c3fca042abdcf51a14d81eb683aa555d9725e1976c17750dae0c265c93632b
figs/01_data_audit/fig_collinearity_valid1.svg,CURRENT_DATA_AUDIT,pre-nwp-refactor-20261002,09230bce481bca561aef94b64f0d9a02479b41ae,42422,63b87c9b8b632fba29c9faf861566992af596e76055760fe475effbe5435c452
figs/01_data_audit/fig_data_overview.png,CURRENT_DATA_AUDIT,pre-nwp-refactor-20261002,09230bce481bca561aef94b64f0d9a02479b41ae,415207,9ea29b080cfd60f6b6470d0d504df752bb916fc28eddc732d4c4c6bd69be003d
figs/01_data_audit/fig_data_overview.svg,CURRENT_DATA_AUDIT,pre-nwp-refactor-20261002,09230bce481bca561aef94b64f0d9a02479b41ae,142836,960a5e44528ef4dd2dbbf40bb362f1f982776d69b5678db98bb61d0599840829
figs/01_data_audit/fig_feature_correlation.png,CURRENT_DATA_AUDIT,pre-nwp-refactor-20261002,09230bce481bca561aef94b64f0d9a02479b41ae,218902,2adff9439dfe8bf7c93e4c6f22a4f8705ea06902af07b273c7c3fe07cb738ee9
figs/01_data_audit/fig_feature_correlation.svg,CURRENT_DATA_AUDIT,pre-nwp-refactor-20261002,09230bce481bca561aef94b64f0d9a02479b41ae,46210,c637ef09fa9947c747e10c4c4df9370a7506b9fd857b9594d0c51961a9c32574
figs/01_data_audit/fig_gfs_availability.png,CURRENT_DATA_AUDIT,pre-nwp-refactor-20261002,09230bce481bca561aef94b64f0d9a02479b41ae,212452,0237f66da6ac0fec2e923b18302b1693bf4c00dc3ca7eda77b897150d16db732
figs/01_data_audit/fig_gfs_availability.svg,CURRENT_DATA_AUDIT,pre-nwp-refactor-20261002,09230bce481bca561aef94b64f0d9a02479b41ae,63130,ce606f61dbfd6c6a16e706915bc63a52dc019caf0ed750795cd9b845a45a08d9
figs/01_data_audit/fig_gfs_himawari_ghi_hexbin.png,CURRENT_DATA_AUDIT,pre-nwp-refactor-20261002,09230bce481bca561aef94b64f0d9a02479b41ae,845238,ef381aeacd767878f13ed65323fe00fecec3552ba7041cbe64648c0e5296dabe
figs/01_data_audit/fig_gfs_himawari_ghi_hexbin.svg,CURRENT_DATA_AUDIT,pre-nwp-refactor-20261002,09230bce481bca561aef94b64f0d9a02479b41ae,1125167,7202256c46621c2bf29ea3c38ed3d4c6dc9996cd394c55379f432ad039a69843
figs/01_data_audit/fig_gfs_zero_diagnostics.png,CURRENT_DATA_AUDIT,pre-nwp-refactor-20261002,09230bce481bca561aef94b64f0d9a02479b41ae,78580,32480fffcceeee1566a23a3619a6397bd3411f0d9adea3c7d36305cee2fa012e
figs/01_data_audit/fig_gfs_zero_diagnostics.svg,CURRENT_DATA_AUDIT,pre-nwp-refactor-20261002,09230bce481bca561aef94b64f0d9a02479b41ae,23030,fb86741e438320736a1cc83625acfa70633fd71f0f9ec38dcadb13aa0cc229e7
figs/01_data_audit/fig_kt_raw_distribution.png,CURRENT_DATA_AUDIT,pre-nwp-refactor-20261002,09230bce481bca561aef94b64f0d9a02479b41ae,83742,bcd1c36aa3ee081104d637b3035d7ba767210b68b247138505f59920ca8c1cc1
figs/01_data_audit/fig_kt_raw_distribution.svg,CURRENT_DATA_AUDIT,pre-nwp-refactor-20261002,09230bce481bca561aef94b64f0d9a02479b41ae,35316,245fec5ad1b75e6c911364afc53a9808dd202e476e079af370f957fab3bdedbe
figs/01_data_audit/fig_quantile_proto.png,CURRENT_DATA_AUDIT,pre-nwp-refactor-20261002,09230bce481bca561aef94b64f0d9a02479b41ae,248806,cc63f4a0159867a7272a48483cb0810e77b3ede9d28fa3256554285c5fe9db52
figs/01_data_audit/fig_quantile_proto.svg,CURRENT_DATA_AUDIT,pre-nwp-refactor-20261002,09230bce481bca561aef94b64f0d9a02479b41ae,35001,3e687291edc0e7fcc53e878a218d7b4407f5b530204cfe5395b658153adb06bf
figs/nanjing_15var_diagnostic/01_data/fig_cloud_error_ghi_error_hexbin.pdf,CURRENT_DIAGNOSTIC,pre-nwp-refactor-20261002,09230bce481bca561aef94b64f0d9a02479b41ae,54828,ee1f230dfba8c29765bc2122e9eb171e54729e7bd9b27bdd0c44851fdf093a42
figs/nanjing_15var_diagnostic/01_data/fig_cloud_error_ghi_error_hexbin.png,CURRENT_DIAGNOSTIC,pre-nwp-refactor-20261002,09230bce481bca561aef94b64f0d9a02479b41ae,252929,45f054a7a401ca63b1f30dae2e134bda4a88a9e13dc45c84c22bb3dfefb15e23
figs/nanjing_15var_diagnostic/01_data/fig_cloud_error_ghi_error_hexbin.svg,CURRENT_DIAGNOSTIC,pre-nwp-refactor-20261002,09230bce481bca561aef94b64f0d9a02479b41ae,350355,c0004d03ea9a1a5aad8a7c9a0b1e39f18516b09209908ed1dec43ed897905dfc
figs/nanjing_15var_diagnostic/01_data/fig_cloud_error_ghi_error_hexbin_source.csv,CURRENT_DIAGNOSTIC,pre-nwp-refactor-20261002,09230bce481bca561aef94b64f0d9a02479b41ae,680992,4104aed47070b58c47214e923a739cce53c05697dc696a1326df1add036ddf05
figs/nanjing_15var_diagnostic/01_data/fig_data_source_timeline.png,CURRENT_DIAGNOSTIC,pre-nwp-refactor-20261002,09230bce481bca561aef94b64f0d9a02479b41ae,104048,7679b9efd9323fd8da1ff1fa190bc0ec2a8716428abcfe1057050b94fff74cdb
figs/nanjing_15var_diagnostic/01_data/fig_data_source_timeline.svg,CURRENT_DIAGNOSTIC,pre-nwp-refactor-20261002,09230bce481bca561aef94b64f0d9a02479b41ae,29153,7140fe1fab30b690da553406dd8248d39ee30e1854c40836c9640c772c618f7f
figs/nanjing_15var_diagnostic/01_data/fig_data_source_timeline_source.csv,CURRENT_DIAGNOSTIC,pre-nwp-refactor-20261002,09230bce481bca561aef94b64f0d9a02479b41ae,1183,a91a73f60db10f623cde847216e615ad9f0989a99291646f3505a3f7f187f3fc
figs/nanjing_15var_diagnostic/01_data/fig_feature_distribution_hexbin.png,CURRENT_DIAGNOSTIC,pre-nwp-refactor-20261002,09230bce481bca561aef94b64f0d9a02479b41ae,311522,794f84beead2a19fe2bcc519e8b739eb2a5c41e7d4e06d0272158c307d1bb11a
figs/nanjing_15var_diagnostic/01_data/fig_feature_distribution_hexbin.svg,CURRENT_DIAGNOSTIC,pre-nwp-refactor-20261002,09230bce481bca561aef94b64f0d9a02479b41ae,385750,505bd29763639d7a13a6bba46926175d30e549503e323bd92a9d89eb7cbe3df5
figs/nanjing_15var_diagnostic/01_data/fig_feature_distribution_hexbin_source.csv,CURRENT_DIAGNOSTIC,pre-nwp-refactor-20261002,09230bce481bca561aef94b64f0d9a02479b41ae,1582536,ca4bc764a7cf32a67448b3023137ba513ac4abca6715d71c0a38a96622470fb0
figs/nanjing_15var_diagnostic/03_model_benchmark/all_cpu_rmse_by_fold.csv,CURRENT_DIAGNOSTIC,pre-nwp-refactor-20261002,09230bce481bca561aef94b64f0d9a02479b41ae,2179,80d29dbc1baee30b60bd9c8e47f189b8597c63b5c28249e5ecb7141fe5de9922
figs/nanjing_15var_diagnostic/03_model_benchmark/all_cpu_rmse_by_lead.csv,CURRENT_DIAGNOSTIC,pre-nwp-refactor-20261002,09230bce481bca561aef94b64f0d9a02479b41ae,1169,9c2e04f718e85768d2228812d4d1632e9f91187c14764ccae1216130d18b22e5
figs/nanjing_15var_diagnostic/03_model_benchmark/all_cpu_rmse_overall.csv,CURRENT_DIAGNOSTIC,pre-nwp-refactor-20261002,09230bce481bca561aef94b64f0d9a02479b41ae,363,6ddc4d03a2db161747f128b888acb35146791976275ec0accf4a3ecb759b1f20
figs/nanjing_15var_diagnostic/03_model_benchmark/fig_cpu_improvement_vs_raw.png,CURRENT_DIAGNOSTIC,pre-nwp-refactor-20261002,09230bce481bca561aef94b64f0d9a02479b41ae,87604,5098c0546b3967d57aca6691df6c6d1ec4d2bd7265528972e52f2c171495399f
figs/nanjing_15var_diagnostic/03_model_benchmark/fig_cpu_improvement_vs_raw.svg,CURRENT_DIAGNOSTIC,pre-nwp-refactor-20261002,09230bce481bca561aef94b64f0d9a02479b41ae,21937,9ea21054b26bac2abfe07bf0ff355b8eccab297778a7e0771f1c22b2d8bd5da7
figs/nanjing_15var_diagnostic/03_model_benchmark/fig_cpu_improvement_vs_raw_source.csv,CURRENT_DIAGNOSTIC,pre-nwp-refactor-20261002,09230bce481bca561aef94b64f0d9a02479b41ae,3687,78b70bc023643de0ab9d2d7910101fc3a5fbc0adb6d207a120c76fb4fe48ea3e
figs/nanjing_15var_diagnostic/03_model_benchmark/fig_cpu_lead_performance.png,CURRENT_DIAGNOSTIC,pre-nwp-refactor-20261002,09230bce481bca561aef94b64f0d9a02479b41ae,146396,8be385a279b7516cc36a20247213c6bfe2a4639a004e41a44603630f5825b5f7
figs/nanjing_15var_diagnostic/03_model_benchmark/fig_cpu_lead_performance.svg,CURRENT_DIAGNOSTIC,pre-nwp-refactor-20261002,09230bce481bca561aef94b64f0d9a02479b41ae,24962,4436f0c9dde9065ae5b9b371767e7bb3f8c808006a98cb939ec5047bf2db161e
figs/nanjing_15var_diagnostic/03_model_benchmark/fig_cpu_lead_performance_source.csv,CURRENT_DIAGNOSTIC,pre-nwp-refactor-20261002,09230bce481bca561aef94b64f0d9a02479b41ae,1169,9c2e04f718e85768d2228812d4d1632e9f91187c14764ccae1216130d18b22e5
figs/nanjing_15var_diagnostic/03_model_benchmark/fig_cpu_overall_pinball.png,CURRENT_DIAGNOSTIC,pre-nwp-refactor-20261002,09230bce481bca561aef94b64f0d9a02479b41ae,68120,7bce51861a23998c1aca50efcf0a2fdcf5fd7d5b6f5b8d0c0c009ab201c617cb
figs/nanjing_15var_diagnostic/03_model_benchmark/fig_cpu_overall_pinball.svg,CURRENT_DIAGNOSTIC,pre-nwp-refactor-20261002,09230bce481bca561aef94b64f0d9a02479b41ae,17461,f070ae1a6f5c4488f0c6cd1e34eda8d888955b394494b1b2e7543ac34bbedeb0
figs/nanjing_15var_diagnostic/03_model_benchmark/fig_cpu_overall_pinball_source.csv,CURRENT_DIAGNOSTIC,pre-nwp-refactor-20261002,09230bce481bca561aef94b64f0d9a02479b41ae,1002,5a7a2a61f4e5be46ceb0059036b85d54a7920884adee77c073ecefdcdd5fdbad
figs/nanjing_15var_diagnostic/03_model_benchmark/fig_tuning_candidates.png,CURRENT_DIAGNOSTIC,pre-nwp-refactor-20261002,09230bce481bca561aef94b64f0d9a02479b41ae,138158,fb19c7a67b18ca8c35fa416b31d94b15609a119fbd34723c4acec4cdb0469bc3
figs/nanjing_15var_diagnostic/03_model_benchmark/fig_tuning_candidates.svg,CURRENT_DIAGNOSTIC,pre-nwp-refactor-20261002,09230bce481bca561aef94b64f0d9a02479b41ae,48699,de74c1f65dd97577822bda003f8a0ad76fbdd10516c31777088d76ecc2545cbd
figs/nanjing_15var_diagnostic/03_model_benchmark/fig_tuning_candidates_source.csv,CURRENT_DIAGNOSTIC,pre-nwp-refactor-20261002,09230bce481bca561aef94b64f0d9a02479b41ae,13064,9936b33512d7e78027147480f7b7c9e1d84173fa119a1a8bee9b21816d80f450
figs/nanjing_15var_diagnostic/03_model_benchmark/fig_value_ladder.png,CURRENT_DIAGNOSTIC,pre-nwp-refactor-20261002,09230bce481bca561aef94b64f0d9a02479b41ae,98524,1a81a5b259c5f793a8c1b92389c86f7980f2253746036071304fd4155395cbb9
figs/nanjing_15var_diagnostic/03_model_benchmark/fig_value_ladder.svg,CURRENT_DIAGNOSTIC,pre-nwp-refactor-20261002,09230bce481bca561aef94b64f0d9a02479b41ae,26646,f8cd00a26429f8a0aa614a7669374811de98a380c61f59b0f8de29284ffa4154
figs/nanjing_15var_diagnostic/03_model_benchmark/fixed_rmse_by_fold.csv,CURRENT_DIAGNOSTIC,pre-nwp-refactor-20261002,09230bce481bca561aef94b64f0d9a02479b41ae,1591,14a0761c0e63fe1ca5daf3663983b27dadb8ece4f43326c0cafc859d464fcffb
figs/nanjing_15var_diagnostic/03_model_benchmark/fixed_rmse_by_fold_lead.csv,CURRENT_DIAGNOSTIC,pre-nwp-refactor-20261002,09230bce481bca561aef94b64f0d9a02479b41ae,4940,ad6325dd99efc62c6d69ae1466537104587760a8929d3b20bfe9b6639c12968d
figs/nanjing_15var_diagnostic/03_model_benchmark/fixed_rmse_overall.csv,CURRENT_DIAGNOSTIC,pre-nwp-refactor-20261002,09230bce481bca561aef94b64f0d9a02479b41ae,270,dacaccc18d52bb707612d8e423f1824627ecbf5dec70e0074eacf4f6565c5880
figs/nanjing_15var_diagnostic/04_probability/fig_coverage_reliability.png,CURRENT_DIAGNOSTIC,pre-nwp-refactor-20261002,09230bce481bca561aef94b64f0d9a02479b41ae,183415,6444774e549bf84eeed7d30e901af4bf19a11634d0abf380f15f23b0aa869e26
figs/nanjing_15var_diagnostic/04_probability/fig_coverage_reliability.svg,CURRENT_DIAGNOSTIC,pre-nwp-refactor-20261002,09230bce481bca561aef94b64f0d9a02479b41ae,29398,49befbee7426a6cc7110972bd4c115573d17d222b8af41f9a967b9cd4523aea6
figs/nanjing_15var_diagnostic/04_probability/fig_coverage_reliability_source.csv,CURRENT_DIAGNOSTIC,pre-nwp-refactor-20261002,09230bce481bca561aef94b64f0d9a02479b41ae,2316,c371bbb7c4da8a272191be2095b1795872826ab658a3a6fba835fd016e19b30b
figs/nanjing_15var_diagnostic/04_probability/fig_coverage_width.png,CURRENT_DIAGNOSTIC,pre-nwp-refactor-20261002,09230bce481bca561aef94b64f0d9a02479b41ae,166378,751dde9ae37b17b25b547e25bb462113e986512eb16e91119e9062b84518a5a0
figs/nanjing_15var_diagnostic/04_probability/fig_coverage_width.svg,CURRENT_DIAGNOSTIC,pre-nwp-refactor-20261002,09230bce481bca561aef94b64f0d9a02479b41ae,25787,22af4ef5c207bb8f7ce30abe6056c6c20726f54d9ee4400dc4c71cdc6fff199a
figs/nanjing_15var_diagnostic/04_probability/fig_coverage_width_source.csv,CURRENT_DIAGNOSTIC,pre-nwp-refactor-20261002,09230bce481bca561aef94b64f0d9a02479b41ae,534,5c35bbeaac09919ad5528ca8d7583967f7bd721b9c433b9cfcf14d998577d478
figs/nanjing_15var_diagnostic/04_probability/fig_quantile_case.png,CURRENT_DIAGNOSTIC,pre-nwp-refactor-20261002,09230bce481bca561aef94b64f0d9a02479b41ae,187030,259bbfc205234467ec91bf872059fd2592fd0f2e3109c12b6698b0faf43099b0
figs/nanjing_15var_diagnostic/04_probability/fig_quantile_case.svg,CURRENT_DIAGNOSTIC,pre-nwp-refactor-20261002,09230bce481bca561aef94b64f0d9a02479b41ae,20195,bd9e08157cbfc98a2106dd6258101469b64eded1d1b69b34421a5595c6729f82
figs/nanjing_15var_diagnostic/04_probability/fig_quantile_case_source.csv,CURRENT_DIAGNOSTIC,pre-nwp-refactor-20261002,09230bce481bca561aef94b64f0d9a02479b41ae,2252,c2d7eaf449e67fefdb9f3eb92eb9789148fa147456a1fb2be229b4fd75ba83d8
figs/nanjing_15var_diagnostic/04_probability/fig_weather_conditional_coverage.png,CURRENT_DIAGNOSTIC,pre-nwp-refactor-20261002,09230bce481bca561aef94b64f0d9a02479b41ae,103899,03dfa2ba4b30d81082533d12b8ca9fefc2fe4d7752a5699100a1a998fd8e02d3
figs/nanjing_15var_diagnostic/04_probability/fig_weather_conditional_coverage.svg,CURRENT_DIAGNOSTIC,pre-nwp-refactor-20261002,09230bce481bca561aef94b64f0d9a02479b41ae,26493,e3de56c1fb6a8a33f71dd34525086bbd684adbc50bc5c22db9f1befb11c82c5b
figs/nanjing_15var_diagnostic/04_probability/fig_weather_conditional_coverage_source.csv,CURRENT_DIAGNOSTIC,pre-nwp-refactor-20261002,09230bce481bca561aef94b64f0d9a02479b41ae,1339,43baedfe0e13e1a0171873833673f31284848604730298449a8d71a74f10b026
figs/nanjing_15var_diagnostic/05_interpretation/fig_group_ablation.png,CURRENT_DIAGNOSTIC,pre-nwp-refactor-20261002,09230bce481bca561aef94b64f0d9a02479b41ae,77535,1d835d290c469db1dcd1f490e929cc0c57122d9e331e30d95da714b50a908353
figs/nanjing_15var_diagnostic/05_interpretation/fig_group_ablation.svg,CURRENT_DIAGNOSTIC,pre-nwp-refactor-20261002,09230bce481bca561aef94b64f0d9a02479b41ae,23315,8c8bb64016fc0ff89582827eb672d227ab90e1c3dd548929fe72fa071b4270cf
figs/nanjing_15var_diagnostic/05_interpretation/fig_group_ablation_by_outer.csv,CURRENT_DIAGNOSTIC,pre-nwp-refactor-20261002,09230bce481bca561aef94b64f0d9a02479b41ae,1228,4702b137ed1e06a99366f6c5044c5133b2430981dded85b9f5431b30186717d4
figs/nanjing_15var_diagnostic/05_interpretation/fig_group_ablation_source.csv,CURRENT_DIAGNOSTIC,pre-nwp-refactor-20261002,09230bce481bca561aef94b64f0d9a02479b41ae,8066,1eb90fac13064fc732c5493f2923331d73ad18c570550ae4bf38f597dd705496
figs/nanjing_15var_diagnostic/05_interpretation/fig_group_permutation.png,CURRENT_DIAGNOSTIC,pre-nwp-refactor-20261002,09230bce481bca561aef94b64f0d9a02479b41ae,93350,035d9618fd06bdad8b26df4a5a0148122644f06207235312e4c8e4904e93b251
figs/nanjing_15var_diagnostic/05_interpretation/fig_group_permutation.svg,CURRENT_DIAGNOSTIC,pre-nwp-refactor-20261002,09230bce481bca561aef94b64f0d9a02479b41ae,27206,ade5b7f08e6414f7afaeeb9c004b911eda84bf6bcc9900898c10dd62bb398749
figs/nanjing_15var_diagnostic/05_interpretation/fig_group_permutation_by_outer.csv,CURRENT_DIAGNOSTIC,pre-nwp-refactor-20261002,09230bce481bca561aef94b64f0d9a02479b41ae,1196,3ddcc500d4d62b8f4f435cde05a86dc48be06fb771c3ae34f6d270e0d5cec974
figs/nanjing_15var_diagnostic/05_interpretation/fig_group_permutation_source.csv,CURRENT_DIAGNOSTIC,pre-nwp-refactor-20261002,09230bce481bca561aef94b64f0d9a02479b41ae,24323,1b62e903cbc107542b889af95675f84c9129b855aff3a01cf1add73fea9ed6c6
figs/nanjing_15var_diagnostic/05_interpretation/fig_key_feature_hexbin.png,CURRENT_DIAGNOSTIC,pre-nwp-refactor-20261002,09230bce481bca561aef94b64f0d9a02479b41ae,272401,e6d6628ce5dceb8db4f0e7b4d356f5217f08d464a5a79226e9935a376de0cc92
figs/nanjing_15var_diagnostic/05_interpretation/fig_key_feature_hexbin.svg,CURRENT_DIAGNOSTIC,pre-nwp-refactor-20261002,09230bce481bca561aef94b64f0d9a02479b41ae,304994,ed47d0e30d658a16039e74409bd533ece9857dc57020a854c8663c92ef8331f2
figs/nanjing_15var_diagnostic/05_interpretation/fig_key_feature_hexbin_source.csv,CURRENT_DIAGNOSTIC,pre-nwp-refactor-20261002,09230bce481bca561aef94b64f0d9a02479b41ae,1041390,7652cf95168ed1919f7a6ad0a2b61977779dbc3fd87430f13e19de6108ebc543
figs/nanjing_15var_diagnostic/05_interpretation/fig_shap_beeswarm.png,CURRENT_DIAGNOSTIC,pre-nwp-refactor-20261002,09230bce481bca561aef94b64f0d9a02479b41ae,217164,5f1b40e25364451db3a6abd8493e636619791c89b9033ddecaa62efdabb1ff27
figs/nanjing_15var_diagnostic/05_interpretation/fig_shap_beeswarm.svg,CURRENT_DIAGNOSTIC,pre-nwp-refactor-20261002,09230bce481bca561aef94b64f0d9a02479b41ae,51248,3b3a5f59c2c57e34679aa52487f5f2f9713facfde6870f84fdae6fbce9b966bb
figs/nanjing_15var_diagnostic/05_interpretation/fig_shap_beeswarm_importance.csv,CURRENT_DIAGNOSTIC,pre-nwp-refactor-20261002,09230bce481bca561aef94b64f0d9a02479b41ae,1251,ed28402ef7ac32dd15fbd172ea3f154c78ac47282b50da764cf3b431435c7eb8
figs/nanjing_15var_diagnostic/05_interpretation/fig_shap_beeswarm_source.csv,CURRENT_DIAGNOSTIC,pre-nwp-refactor-20261002,09230bce481bca561aef94b64f0d9a02479b41ae,485775,e319067ce381885feccca293fe35d546fcaa77018638c044b7e149fe6ed2abe8
figs/nanjing_15var_diagnostic/05_interpretation/model_reproduction_receipt.json,CURRENT_DIAGNOSTIC,pre-nwp-refactor-20261002,09230bce481bca561aef94b64f0d9a02479b41ae,1514,4a3dce5e02724b81465576d84111053de0a38f5ad6da58461f57b4b3686f97ad
figs/nanjing_15var_diagnostic/FIGURE_CONTRACT.md,CURRENT_DIAGNOSTIC,pre-nwp-refactor-20261002,09230bce481bca561aef94b64f0d9a02479b41ae,4773,5bc15524227d2b76ec75a5132ce019661a709941d31729a5383813a39395631c
figs/nanjing_15var_diagnostic/figure_manifest.json,CURRENT_DIAGNOSTIC,pre-nwp-refactor-20261002,09230bce481bca561aef94b64f0d9a02479b41ae,8246,de68228b9d5d72efd273427d4914d9f66d3527c667289529c559e284c28c25f7
reports/01_data_audit/cloud_endpoint_audit.csv,CURRENT_DATA_AUDIT,pre-nwp-refactor-20261002,09230bce481bca561aef94b64f0d9a02479b41ae,379502,067d10f9e6c2b34fe50d9aa015cf3e07c6a1043ec90fe28ed5f25d91cceb69a4
reports/01_data_audit/gfs_quality_audit.md,CURRENT_DATA_AUDIT,pre-nwp-refactor-20261002,09230bce481bca561aef94b64f0d9a02479b41ae,3172,9b5c715f97e75f6b24bf3b63b1a8447e3147c9a92df639306d7194834944050b
reports/01_data_audit/gfs_quality_summary.csv,CURRENT_DATA_AUDIT,pre-nwp-refactor-20261002,09230bce481bca561aef94b64f0d9a02479b41ae,792,150682892c77f226e633a72a8cb6973c77cb94308da740f9f5e05ef034754187
reports/01_data_audit/gfs_zero_ghi_audit.csv,CURRENT_DATA_AUDIT,pre-nwp-refactor-20261002,09230bce481bca561aef94b64f0d9a02479b41ae,751572,858d96d4dec5371e3c97403103e5c98721df14edb2a5248f505787a075b2aed3
reports/01_data_audit/gfs_zero_ghi_cases.csv,CURRENT_DATA_AUDIT,pre-nwp-refactor-20261002,09230bce481bca561aef94b64f0d9a02479b41ae,5852,2161a18372f947ac06024edd0c6f44ca38d039805ec6d278d0217b809dd4b143
reports/01_data_audit/kt_raw_audit.csv,CURRENT_DATA_AUDIT,pre-nwp-refactor-20261002,09230bce481bca561aef94b64f0d9a02479b41ae,1152739,94ddd06638079ebbded92b7d9a0292c91c41d4af2db6a52c613692ddecdaaff1
reports/01_data_audit/receipt.json,CURRENT_DATA_AUDIT,pre-nwp-refactor-20261002,09230bce481bca561aef94b64f0d9a02479b41ae,4769,96c4a132adbbb2dc70ba5bb30937afb5bf8ece1c4ef9660b12f2d0b78619e924
reports/01_data_audit/service_grid_duplication.csv,CURRENT_DATA_AUDIT,pre-nwp-refactor-20261002,09230bce481bca561aef94b64f0d9a02479b41ae,490,2111aedfa91d31af798db10a973c5f3eabb9ea75e4cb943f732947415dd1321b
reports/01_data_audit/source_processing_trace.md,CURRENT_DATA_AUDIT,pre-nwp-refactor-20261002,09230bce481bca561aef94b64f0d9a02479b41ae,1988,edb590e0f5fa1ab9485d838e9a6de9287f28e94476242d6675326b9fa3c122fd
