path,size,sha256
migration/data_nonpartition_disposition.csv,37356,08f56a9dbd9965ce1012888f345886694bcbce137fe212e580f862e0262050a1
migration/data_processed_import_plan.csv,28081,036d24a130434dd0acb8fffef8b059bc5187d85e8635583a83f52249397cb1ca
migration/data_raw_import_plan.csv,1493607,9cfc607cafdb5a3a80ed010e88e2fbaf10a3a0bc6f430771cdb979376dcf1f05
migration/data_raw_variant_plan.csv,54833,9d6844ea8ac743b9fbed2a5376d5774f64f339cbe4de3fd24180af9132d7e806
migration/development_run_file_inventory.csv,38585,bf9454f5d000d1a07838f04f40652e6d78b4971ffdc0802568b0607432bb4794
migration/development_run_inventory.csv,4298,54276ea0b45d1ebc72acf466b8f5ad2c6fe94923d727f46d508c587e9a6bc1da
migration/figure_inventory.csv,95077,f90c4459c9947f6b2247a7f690bc14aa67709e527ade9fc8bc30686edc8569dd
migration/final_acceptance.md,3872,56baab157a5076d61748623664115b19c3c334ef54822951559009a50830a8c1
migration/final_directory_tree.md,3724,3cc0de7a01684f67989727caf9d3a77efeb41f36558fb3f2004e47e6f11567c2
migration/final_repair_baseline/git_status.txt,107,5b14a120a5c149471f30afa5f1ab4bb624d3e386230d5a27d27cf2e9d0509793
migration/final_repair_baseline/git_tree.txt,27998,e9578148c0b2ee35566da3a2f7fa6f7e485a3fc2ad14a0304b53687799bef9a0
migration/final_repair_baseline/ignored_files.txt,4399774,e72b87cc940d5387406359e0aa160d3a9296dfc5dd147a1c7ec02c78925f2a69
migration/final_repair_baseline/local_inventory_before.csv,1614122,87cf4449b40615fdf34697845a02754f743f23e93624249c317a96d5d6b7f597
migration/final_repair_baseline/tracked_files.txt,14960,7848827b0a9df84ebbf536cdce5ff4ac30e3ae097f4e4c899643caed4824c096
migration/final_repair_baseline/untracked_files.txt,182,cda657c64acf58c35cfdd9cabb04df00a6ac07ff4102037890e61a91f3e4b463
migration/final_repair_register.csv,85927,db113a42ddbfbebccb5047ab33151a318ce5e097fcb6afc2dcd52d2746b60a4a
migration/final_residual_search.md,2666,a9045c06d8bb314c985f79ed32c3a24c8eba8b199c258317a993c747473f6c4a
migration/migration_map.csv,2962910,edfb6ea50b8087d9c86d58d66550db3d619409012eac483a4cf0547dc904eb79
migration/phase_a_baseline.md,2237,55cb5f93e52dc1de0eb55d50318e80dc4861f668472b74afbfcf9a0ee22c1c84
migration/phase_b_review.md,2367,25d1273a32c3292641ab8b8855c2510b4bf75441a54ad38f671ab66b8021ae2e
migration/phase_c_config.md,2930,aa898b3eb957d07d4f28308cc77f2a67c2008cdfe900e37473a3560919c21ba5
migration/phase_d_core.md,2259,8fd68ad0340d105acd7362a00c3c6f259c72d4aa17b05d689bb0520180f7786c
migration/phase_e_data_features_splits.md,3660,42ae904827bd22a6e4a9aa57812ea105adbb1003e79a99f10ce82a9b248d87cd
migration/phase_f_models_experiment.md,3464,cac93398ab06f7940f207557ead433c7c846028a3c7ded4c3e8b3de961459290
migration/phase_g_workflow.md,2510,96ee319f752685534dd614cc9e58ee26d25715263a2e47127919591fe72e2267
migration/phase_h_evaluation_figures.md,1930,bb603b887248fccd6d6d5305a21be1ceb806783467b47e66ff1ebaf67fa83997
migration/phase_i_data_artifacts.md,4883,e7e6fd31a890c59f9219c1e2de6bfb8d8fff0e5f411f71a6e6adc5bd0cdfb149
migration/phase_j_docs.md,1102,5c729e0561811cdc15294ab0004385aad29eb7d7d515ebe1a213e484c11991de
migration/phase_k_cleanup.md,1200,dfeafbad8ef807d3373133be2503dc5a457e3a97e34feabdd135a84998de1221
migration/recovered_artifacts/main_clean_audits/quality_report_changzhou_1.md,2212,0645710a4b93d736ca75a8f9531266de28b93e4da7f75646cd08a9005a80e49d
migration/recovered_artifacts/main_clean_audits/quality_report_huai_an_1.md,2203,011f88f7488b6ec1294515b2526f186d4fe1f65018222f45296e2ceeb6e4424f
migration/recovered_artifacts/main_clean_audits/quality_report_huai_an_2.md,2202,8a6423ab94a6428998a9fbc446af4de4289b7e841e3ae5c9d6511089b5be3a1e
migration/recovered_artifacts/main_clean_audits/quality_report_huai_an_3.md,2207,2db2d5e2e7be01e95ad3c3f00831bc07627c0c47ffe65efa1ffc8f5162d137f5
migration/recovered_artifacts/main_clean_audits/quality_report_lianyungang_1.md,2218,d75d45a56b84774905e0d3db1cf757d789ef8dc3375ea23bc10528cb76f42d95
migration/recovered_artifacts/main_clean_audits/quality_report_lianyungang_2.md,2221,61a8166bdf734f05196966d604a51c393e2f1cf87212e3650f34e65f9cbc9a95
migration/recovered_artifacts/main_clean_audits/quality_report_nanjing_1.md,2206,0539440ebd603645eee90a880a51a2151081a8fe2a70bcf5730b43a5b0278cef
migration/recovered_artifacts/main_clean_audits/quality_report_nanjing_2.md,2202,00e80567cfd017c46f019693c59ce36a453a355084b4f7ea42f79ecbd65e24ce
migration/recovered_artifacts/main_clean_audits/quality_report_nantong_1.md,2205,39d87cf5f527f553ed72bafc762378c707d5277a5a8a6e7492a37aa245988f4a
migration/recovered_artifacts/main_clean_audits/quality_report_nantong_2.md,2208,0d1208894034af6ad07e9f8eba55ab63a0d607122f982ac94e1d4d3746f330d1
migration/recovered_artifacts/main_clean_audits/quality_report_suqian_1.md,2201,bb64369f74b7d987f9ece77f7e88abde065d591cbf77ecd9784d5b40b9dd2d98
migration/recovered_artifacts/main_clean_audits/quality_report_suzhou_1.md,2202,62cd3554071bbdebcd169af521f6f7de905e2399a50aa63acaa1c65c216ec756
migration/recovered_artifacts/main_clean_audits/quality_report_taizhou_1.md,2205,e9996be34ec27e35caf16f338dd68ce44b8b285f578c3f84c23459e9e2a1f7d3
migration/recovered_artifacts/main_clean_audits/quality_report_taizhou_2.md,2207,c3c17846ced98662c5db59c1cfd2a4b279bdbcbaf4679adafb76639a0e33f8a6
migration/recovered_artifacts/main_clean_audits/quality_report_wuxi_1.md,2201,2c9ccce98bd9111e577998a47ded67724eeb515363556dd3aa704eb1c7403b49
migration/recovered_artifacts/main_clean_audits/quality_report_xuzhou_1.md,2203,49b9e5992ffb2ec82b87bbd22fcfdd88ba2ba3fc3799f6759f2e2f1439f0bdae
migration/recovered_artifacts/main_clean_audits/quality_report_xuzhou_2.md,2204,da32c6b779ead8e8e252f45a750a5a482f75a522e1af20df6cae9cd24ea9414e
migration/recovered_artifacts/main_clean_audits/quality_report_yancheng_1.md,2207,f1d8a277a578939b195f1fe9e91373bf42a88ab6e08dc29aa274d4d6b95eff2b
migration/recovered_artifacts/main_clean_audits/quality_report_yancheng_2.md,2209,7e42107dbc907de1bf22eec66f61de2b8ddbd131206367e6c341dc146cbe54c4
migration/recovered_artifacts/main_clean_audits/quality_report_yancheng_3.md,2211,11bb059e4bab320ffa68c1719a8121dcf79d61365588383c6f4d0a3745f4a98b
migration/recovered_artifacts/protocol15temp/00_audits/legacy_raw_audit.json,3565,d88a7bd3037fa9184c84f26ea1135d814dd2a9def064f30fb8aac379916662fd
migration/recovered_artifacts/protocol15temp/00_audits/legacy_truth_20site.json,49328,174d27d05247849670c67292aa619e0cefbcecb0c9d170f18430def40a1c15bc
migration/recovered_artifacts/protocol15temp/02_clean/quality_audit_nanjing_1.json,2776,098c39fcfad6a42b63df43d15a3f1415892113e026785564447af6ece78bd317
migration/recovered_artifacts/protocol15temp/02_clean/quality_report_nanjing_1.md,3171,e727d8ebe9c6fc2d47b7a6f7bfcab92438b9ec1917a80cdb30620dedee968a3a
migration/recovered_artifacts/protocol15temp/05_cpu_mini_e2e/metrics.json,807,6656265d9d477635dd2762e18afe31971712d1f090f279b082341a9eff9ec4c5
migration/recovered_artifacts/protocol15temp/05_cpu_mini_e2e/predictions.parquet,164951,fb6ab61a99713aaba77f74e7eddb2cf6484c036218859e66c15d03593d911666
migration/recovered_artifacts/protocol15temp/05_cpu_mini_e2e/receipt.json,1152,44815e1c3fe06954f7c978d21970bef8f7fb40919b51970dc7c97a7384054e43
migration/recovered_artifacts/protocol15temp/05_cpu_mini_e2e/ridge_inner_trials.json,9561,cd18676e8b052394700437526c3a8df01213a59c1e847c6dd09d175fb36c5691
migration/recovered_artifacts/protocol15temp/06_cpu_single_site/final_test_calibrated.parquet,3188691,6be8ce1e58b404103614019c3beaa7655537dd874f6fe5978a5fe18c3b793048
migration/recovered_artifacts/protocol15temp/06_cpu_single_site/final_test_summary.json,21023,7602db669d86fe9916919cf87e2c6e42b95c545151b18ad29578fc67e22eebcc
migration/recovered_artifacts/protocol15temp/06_cpu_single_site/final_test_uncalibrated.parquet,4101657,50348728975f4781a202992764c86422f84acc3c33f1412a38357b70436984fc
migration/recovered_artifacts/protocol15temp/06_cpu_single_site/group_analysis/outer_1_inner_1.json,7030,488f2803e5834a2122e47907d8d0b9cd8a1160c23106d5760119ca2fe868cf2f
migration/recovered_artifacts/protocol15temp/06_cpu_single_site/group_analysis/outer_1_inner_2.json,7030,754860d94793555806b0ae2f603dd86e3e7a3eb4de1febe798af2693f878f550
migration/recovered_artifacts/protocol15temp/06_cpu_single_site/group_analysis/outer_1_inner_3.json,7025,6f6d3f01e1f7424d5421b2320baa9c3135620fafcccce30339e76462ddb56a08
migration/recovered_artifacts/protocol15temp/06_cpu_single_site/group_analysis/outer_2_inner_1.json,7025,261c7bcb0d95777f9dd548dd4a9cfd028b51433be777dd916cae53b8cbba4559
migration/recovered_artifacts/protocol15temp/06_cpu_single_site/group_analysis/outer_2_inner_2.json,7023,1da36dcbcb832773d97b17b8f85ffe0b87ab759e5ed6374cb293e54285c95c62
migration/recovered_artifacts/protocol15temp/06_cpu_single_site/group_analysis/outer_2_inner_3.json,7040,3a9b4660688cec87e23f53adfde29c61ab267a6c0f273a18604ae89a8387f436
migration/recovered_artifacts/protocol15temp/06_cpu_single_site/group_analysis/outer_3_inner_1.json,7036,9bb256d1498811b807e0a9636462a6c4bcda974fba0385178fee540d0fee5c4a
migration/recovered_artifacts/protocol15temp/06_cpu_single_site/group_analysis/outer_3_inner_2.json,7030,14470642677f039f1f604964390322193248cf3177cd0c76e2fe5c77ac01fa95
migration/recovered_artifacts/protocol15temp/06_cpu_single_site/group_analysis/outer_3_inner_3.json,7035,e0b20cc9d168bce2e553b7e83a301c4bec11b25d820965d38f2b18525cb9ca01
migration/recovered_artifacts/protocol15temp/06_cpu_single_site/group_analysis/outer_4_inner_1.json,7036,b2af5c4b3b9924f90fc02c38ac9cb11582a9280b7edf2818abbefedbed229d91
migration/recovered_artifacts/protocol15temp/06_cpu_single_site/group_analysis/outer_4_inner_2.json,7040,021682067a8134eaa1ea6dcb51723973dcc63e3ae98a350051b8d87eee1fce9c
migration/recovered_artifacts/protocol15temp/06_cpu_single_site/group_analysis/outer_4_inner_3.json,7045,3eb383945c21273373aeebf0352696b96c63800bc28650a88bf4bc26007b8037
migration/recovered_artifacts/protocol15temp/06_cpu_single_site/group_analysis/outer_5_inner_1.json,7043,f89795e5f4abd5b0a7fedea87dbb3225785f15691f11e89371d1ff7a59623958
migration/recovered_artifacts/protocol15temp/06_cpu_single_site/group_analysis/outer_5_inner_2.json,7035,426bacf6d4ed94cc58765790430044e7768adb779fd1d7ea33121d5abd03417b
migration/recovered_artifacts/protocol15temp/06_cpu_single_site/group_analysis/outer_5_inner_3.json,7034,d856942223a972a0d6a81442bd40d0b34eeffd58616e1b7a87e7a37bd04e38a5
migration/recovered_artifacts/protocol15temp/06_cpu_single_site/outer_all_cpu_summary.json,13060,c19a54dc733bf36ef9b0a53b286c1c0159601505a01e2c3821920ed0b6bdfa83
migration/recovered_artifacts/protocol15temp/06_cpu_single_site/outer_fixed_gap14_predictions.parquet,624094,d74f4ee3a49535e11102b04bb8e0e543988ab6f37b6aea1f36a491347664f611
migration/recovered_artifacts/protocol15temp/06_cpu_single_site/outer_fixed_gap14_summary.json,3344,44efac860c0bfb911e77267299a37f304809f4bcbfa95a1e58abf261e0ffea54
migration/recovered_artifacts/protocol15temp/06_cpu_single_site/outer_fixed_gap7_predictions.parquet,630473,052b69b239c8c44d6e09e5baf1c5fb4de95afe8e4f001f5edec2e84d1f957291
migration/recovered_artifacts/protocol15temp/06_cpu_single_site/outer_fixed_gap7_summary.json,3348,e6f7f3a27418de2644e03f3abbdb30697a3350837bdfe9aad3a8bd25e8160bda
migration/recovered_artifacts/protocol15temp/06_cpu_single_site/outer_fixed_predictions.parquet,627642,00a1095ba18c8573c82d91ba6961a04da02defe0bf5c64efe79bf56cf49a2b88
migration/recovered_artifacts/protocol15temp/06_cpu_single_site/outer_fixed_summary.json,3333,7c54d7fbf6375cc91059d565b9bbd726049d4d7cf6149f3adfca32033bb47888
migration/recovered_artifacts/protocol15temp/06_cpu_single_site/outer_tuned_parts/outer_1_lgbm.json,5572,d336550e639277a9ee05cabb1f770c619bd462b09a5e5e35ea31e2f6f961fc5d
migration/recovered_artifacts/protocol15temp/06_cpu_single_site/outer_tuned_parts/outer_1_lgbm.parquet,192888,c657bf90f94ae346b9eae2966026dec1224275394af58a51f5e294806b06c448
migration/recovered_artifacts/protocol15temp/06_cpu_single_site/outer_tuned_parts/outer_1_ridge_mos.json,2577,34df898f9c6c7fc5335e9c2f81f421b9faff1fbd44e33cdda452280856dbe5cd
migration/recovered_artifacts/protocol15temp/06_cpu_single_site/outer_tuned_parts/outer_1_ridge_mos.parquet,201989,e8e90bd874a3f3eebbac640cf4309d6fefd8e07de55414f1ce23f91a6c81a529
migration/recovered_artifacts/protocol15temp/06_cpu_single_site/outer_tuned_parts/outer_1_xgboost.json,5462,1f4f25ba8bae28934a77cd77f6f90b5cd922bf02283962e41e9d3270e7129899
migration/recovered_artifacts/protocol15temp/06_cpu_single_site/outer_tuned_parts/outer_1_xgboost.parquet,160380,982a95ee5d4515ce54b6623e6706ad1f241c75e29723c80e9f15ffb4d0bdce18
migration/recovered_artifacts/protocol15temp/06_cpu_single_site/outer_tuned_parts/outer_2_lgbm.json,5580,a4f5e36b19e6f2de5ef91fc78a148183627e3c7eaa3a4c4081ffc1c989275dd3
migration/recovered_artifacts/protocol15temp/06_cpu_single_site/outer_tuned_parts/outer_2_lgbm.parquet,164250,5fe28aefbb5eb53768351b06de8f257407398ba8aa5ea8ba3651a2d21d3b0d3d
migration/recovered_artifacts/protocol15temp/06_cpu_single_site/outer_tuned_parts/outer_2_ridge_mos.json,2575,a94de938ef51ff87cd176556adcb81096c4485b05666e3e6de81a2f82167c727
migration/recovered_artifacts/protocol15temp/06_cpu_single_site/outer_tuned_parts/outer_2_ridge_mos.parquet,168564,f0b209e9aa9a33e66ade83a268fb3e360509a4a7b23b7c444a9eeeaccd54bf03
migration/recovered_artifacts/protocol15temp/06_cpu_single_site/outer_tuned_parts/outer_2_xgboost.json,5442,65b2c63a1e3c9480f64527c25f1d90bad9871e0bc8ff60b50e0185d6a206f392
migration/recovered_artifacts/protocol15temp/06_cpu_single_site/outer_tuned_parts/outer_2_xgboost.parquet,131819,13870572aa2ff435feb24e93186267354a08d5cb5518fce3ab1af5f5c929dbce
migration/recovered_artifacts/protocol15temp/06_cpu_single_site/outer_tuned_parts/outer_3_lgbm.json,5583,aa3d9d56aff07bef3744d4d6e42afcfa24af59332a5e333305a4a4679431c56b
migration/recovered_artifacts/protocol15temp/06_cpu_single_site/outer_tuned_parts/outer_3_lgbm.parquet,143571,8cfb9ac8653dbbe785014a5558c8d7c9e346cc7ff8b3393b4ff23846a788f324
migration/recovered_artifacts/protocol15temp/06_cpu_single_site/outer_tuned_parts/outer_3_ridge_mos.json,2578,74e3faa0655e9111b45a48b92e8091f0c038c553da687ce9b128713585100dfc
migration/recovered_artifacts/protocol15temp/06_cpu_single_site/outer_tuned_parts/outer_3_ridge_mos.parquet,151117,3e3b8edd294346faf4dbe7f0a2b1279d61dcddfbf7a243c550255cc8222a3466
migration/recovered_artifacts/protocol15temp/06_cpu_single_site/outer_tuned_parts/outer_3_xgboost.json,5469,0d188df7df3a75bfe7dc5fdcf044e5914425e2b88857208fe912cef6873faa72
migration/recovered_artifacts/protocol15temp/06_cpu_single_site/outer_tuned_parts/outer_3_xgboost.parquet,120660,e74536415fd364b05a191eb20f402a2795ab69bd4285255a85e1fef78d26f57a
migration/recovered_artifacts/protocol15temp/06_cpu_single_site/outer_tuned_parts/outer_4_lgbm.json,5582,6d5c5fa7122a4497ee2dc7fabb2752b24e131f06b1eca717cfef30e5f6d3b786
migration/recovered_artifacts/protocol15temp/06_cpu_single_site/outer_tuned_parts/outer_4_lgbm.parquet,172267,608b32c20319beb699e6772d35e7e35f3daf55826e1af926e058e62b41f37a7a
migration/recovered_artifacts/protocol15temp/06_cpu_single_site/outer_tuned_parts/outer_4_ridge_mos.json,2577,a1eaeed7b9ed9dcb3a1c9d5793fa547dd7fe2c235fa44b897752907a13988d23
migration/recovered_artifacts/protocol15temp/06_cpu_single_site/outer_tuned_parts/outer_4_ridge_mos.parquet,182611,4a31685cb0cb366a7667a4a1f9263c0aaa2704992b069f1a4e575f7fc7df86ed
migration/recovered_artifacts/protocol15temp/06_cpu_single_site/outer_tuned_parts/outer_4_xgboost.json,5467,d9b3fea0c5f184dafe6d735da3b11e506d0c5d0031333945cdc2e4596476b748
migration/recovered_artifacts/protocol15temp/06_cpu_single_site/outer_tuned_parts/outer_4_xgboost.parquet,149168,140a539d117d0a52f47177efc5adaa9bcfbf82fd4e94fcf86ff12a838916d7d1
migration/recovered_artifacts/protocol15temp/06_cpu_single_site/outer_tuned_parts/outer_5_lgbm.json,5590,2471b6ec01e6204f10894f8a8ab5e3f8e61ac09d10f2ddc34d82a433b1120567
migration/recovered_artifacts/protocol15temp/06_cpu_single_site/outer_tuned_parts/outer_5_lgbm.parquet,201876,182324c79b66d468978be72ab1cfc03be88f519e48c1e84990ff389e0402ac27
migration/recovered_artifacts/protocol15temp/06_cpu_single_site/outer_tuned_parts/outer_5_ridge_mos.json,2578,7e360a7911e027669e395f350ceb67741252aa7b42e06687469a7afcaadd797c
migration/recovered_artifacts/protocol15temp/06_cpu_single_site/outer_tuned_parts/outer_5_ridge_mos.parquet,201981,e9aa0efc43228d14166c1f15771a604793cd88328d27981a2df60efd75e81801
migration/recovered_artifacts/protocol15temp/06_cpu_single_site/outer_tuned_parts/outer_5_xgboost.json,5476,3083e260f8a9e64ab10760982e337a4169ba98bea96040b18b8933dee683aa89
migration/recovered_artifacts/protocol15temp/06_cpu_single_site/outer_tuned_parts/outer_5_xgboost.parquet,166794,d006affc926df5cc92b60d59f406ff1b7f449863ac4a15af57242131913ede41
migration/recovered_artifacts/protocol15temp/06_cpu_single_site/outer_tuned_predictions.parquet,2319504,c2d3332b82d6836c4f10bbf823dab6b6af3bd14890b69cccae32de16d5fd573f
migration/recovered_artifacts/protocol15temp/06_cpu_single_site/tuning_gap14/outer_1_lgbm.json,11863,29cbf6bfbf1638018e91f257f47f61b8d76bd2431086bec90dcfaa11a460098e
migration/recovered_artifacts/protocol15temp/06_cpu_single_site/tuning_gap14/outer_1_ridge_mos.json,9812,711cfbcaa20ddaa5d24366002a5b7ccf0010e26b069a6a45c7c3e3b29baa5019
migration/recovered_artifacts/protocol15temp/06_cpu_single_site/tuning_gap7/outer_1_lgbm.json,11866,f04a1d406d95649fc2d2783a9233f126f268dc221abf0fd0f2d520308cc6fabe
migration/recovered_artifacts/protocol15temp/06_cpu_single_site/tuning_gap7/outer_1_ridge_mos.json,9819,6684416513bfe2e8bf13da880bb79d14a25aa0b6c477f42c8d1d11feb8b9bc7e
migration/recovered_artifacts/protocol15temp/06_cpu_single_site/tuning_gap7/outer_1_xgboost.json,11425,585a55e7213d1cae099a05ad6030e46bbfddf8431d18508205fd9e5ed26d4db6
migration/recovered_artifacts/protocol15temp/06_cpu_single_site/tuning_gap7/outer_2_lgbm.json,11875,c48043fa4cbd77b5c0d3c2bbf10aeaad83ddc9bd6dafef0d437cf9db65ce3a97
migration/recovered_artifacts/protocol15temp/06_cpu_single_site/tuning_gap7/outer_2_ridge_mos.json,9824,494282f89920e5c0b85008c81e13a0d6a3856d81c40b9d49b17f2cfc1492fc37
migration/recovered_artifacts/protocol15temp/06_cpu_single_site/tuning_gap7/outer_2_xgboost.json,11434,f6d931688c1fd2b664bc175745ec104f669c52d48988cfe4017e20b98b8c4883
migration/recovered_artifacts/protocol15temp/06_cpu_single_site/tuning_gap7/outer_3_lgbm.json,11890,9a123b49d5e82bb571babfd91e7eb6b674c307cb2060cbe16a0cc065b4bf0dcc
migration/recovered_artifacts/protocol15temp/06_cpu_single_site/tuning_gap7/outer_3_ridge_mos.json,9821,8ddfb25aa87f8ac233d9c1e55a6c989969b784b701e77e6154152f512b65ae90
migration/recovered_artifacts/protocol15temp/06_cpu_single_site/tuning_gap7/outer_3_xgboost.json,11450,3faf038a6c53f8a1c4a2ec27e2901df448e9e429323220f83551f2d5d7109460
migration/recovered_artifacts/protocol15temp/06_cpu_single_site/tuning_gap7/outer_4_lgbm.json,11904,87ad38005c8d23c802dd4413b9910c0ea610a3616519765f61ea674f3991e987
migration/recovered_artifacts/protocol15temp/06_cpu_single_site/tuning_gap7/outer_4_ridge_mos.json,9832,cfdd676ae37c36c95d59561725936a4fe4b5cbd82e4b394d92ecd9937678fee5
migration/recovered_artifacts/protocol15temp/06_cpu_single_site/tuning_gap7/outer_4_xgboost.json,11452,269d05326fe1f3ec553306e33f1813e761a01d5884ed52eb59b7cf577913fee7
migration/recovered_artifacts/protocol15temp/06_cpu_single_site/tuning_gap7/outer_5_lgbm.json,11898,4ed97bcbaf7e814b8644441d01a73b73ecf9ae3fcc0e2e994af5715f58c78651
migration/recovered_artifacts/protocol15temp/06_cpu_single_site/tuning_gap7/outer_5_ridge_mos.json,9833,9ea65f1813d4f73f545165e50361033f7e42bf8eb100aac2fd2a9de6aab43ca1
migration/recovered_artifacts/protocol15temp/06_cpu_single_site/tuning_gap7/outer_5_xgboost.json,11458,c35be3d83b91995f7fe7a7f1ebfa6700dcca2468051e5deb88a771a823a481b8
migration/recovered_artifacts/protocol15temp/06_cpu_single_site/tuning/outer_1_lgbm.json,11853,5b3c8c096471714ce81ecc05164bc3dacc826b6c048e390cc99c4245e1cb614c
migration/recovered_artifacts/protocol15temp/06_cpu_single_site/tuning/outer_1_ridge_mos.json,9790,979e3fc9afe4a9c88c16868b8669d0ad9a1dd76e7690a3c0ebc3d3cbaf651f59
migration/recovered_artifacts/protocol15temp/06_cpu_single_site/tuning/outer_1_xgboost.json,11404,f590a1349b63450e0be7280f9ee1c2d84f7b77cca17b94a2c1bd56f30ff04287
migration/recovered_artifacts/protocol15temp/06_cpu_single_site/tuning/outer_2_lgbm.json,11862,0860d3292ca1027b502c7de35d4b9f2a1b7e69ed0413cb8f9b699a414f90c422
migration/recovered_artifacts/protocol15temp/06_cpu_single_site/tuning/outer_2_ridge_mos.json,9795,754c566f18debe9cbd2ea03925ceab57692e1bf2d20bc9356a1f0cf5d45032b2
migration/recovered_artifacts/protocol15temp/06_cpu_single_site/tuning/outer_2_xgboost.json,11413,5cffd0972b627bd1510b0069140dedd826f19f4b8a130faa7ecdce79485de6e6
migration/recovered_artifacts/protocol15temp/06_cpu_single_site/tuning/outer_3_lgbm.json,11860,615e70151e51b2687cd25c85e433d5551697ac4aea1c5b8a277d9702632e777f
migration/recovered_artifacts/protocol15temp/06_cpu_single_site/tuning/outer_3_ridge_mos.json,9809,0f49ef1701dbec7f2fbf2879c21afd1fcc50688bf742d755600f1c30a6c0a2b3
migration/recovered_artifacts/protocol15temp/06_cpu_single_site/tuning/outer_3_xgboost.json,11423,c9440812bdd807786c62f5a6376789cb9949e2ae7dc1510c0211ac1662d6dc1c
migration/recovered_artifacts/protocol15temp/06_cpu_single_site/tuning/outer_4_lgbm.json,11883,325cb0bd8c91b7c691b8a38d9e0a8b9b185c3378818c6ee8b46e175eb93b67c4
migration/recovered_artifacts/protocol15temp/06_cpu_single_site/tuning/outer_4_ridge_mos.json,9820,a15e72ee2ab5f3dd06b867b28898d1e9081dbe4e13f71b6cb56a628151ae28c1
migration/recovered_artifacts/protocol15temp/06_cpu_single_site/tuning/outer_4_xgboost.json,11445,3b9c05baf3a417fadf797c9bf36503efd7e156145fb947be93ec59be3f0f6477
migration/recovered_artifacts/protocol15temp/06_cpu_single_site/tuning/outer_5_lgbm.json,11878,783216f86e4826862bf5cbfc6dbef2b6b6f0decf97d15ee2d9bf4324d0ecab5e
migration/recovered_artifacts/protocol15temp/06_cpu_single_site/tuning/outer_5_ridge_mos.json,9824,0eb5e47883553380479fd5e1698c07a2f3aee11d706c6fdf9f8c2415a714e45f
migration/recovered_artifacts/protocol15temp/06_cpu_single_site/tuning/outer_5_xgboost.json,11444,fba99b6211c7644fdcf7fed36c52b40d1a643d772e7dd94e6281776b02216c78
migration/recovered_artifacts/protocol2/02_clean/quality_audit_nanjing_1.json,1736,1cc77a71a318524137a0fb5e46dfd078228295d30fbdcaa8401c2bdf2cc2b858
migration/recovered_artifacts/protocol2/02_clean/quality_report_nanjing_1.md,3282,847a6520163afa3a926e040a0cbcf5c0ec45eb9662376bb8870e25942829c1be
migration/repository_inventory_summary.json,855,357486cdf15b954f1d855867ea8c05d5de0c38b9b8d37e58b42c0c098e93bf0a
migration/repository_inventory.csv,1516575,ca055495a78a641269f2ca0f7fa36b73743dd181aefc9830e6dbf849bd2dbcdd
