lon,lat,annual_kwh,n_days
120.464,30.858,1663.0722222222223,354
120.564,30.858,1660.5444444444445,354
120.164,30.958,1559.7638888888887,354
120.264,30.958,1566.247222222222,354
120.364,30.958,1653.8222222222223,354
120.464,30.958,1675.4833333333331,354
120.564,30.958,1681.5027777777777,354
120.664,30.958,1660.8333333333333,354
120.064,31.058,1550.2444444444445,354
120.164,31.058,1567.3722222222223,354
120.264,31.058,1577.963888888889,354
120.364,31.058,1663.7972222222222,354
120.464,31.058,1662.3777777777777,354
120.564,31.058,1679.3583333333331,354
120.664,31.058,1682.8138888888889,354
120.764,31.058,1691.6222222222223,354
120.864,31.058,1680.6583333333333,354
119.464,31.158,1608.4138888888888,354
119.564,31.158,1601.3694444444445,354
119.964,31.158,1547.6027777777776,354
120.064,31.158,1557.7472222222223,354
120.164,31.158,1566.7472222222223,354
120.264,31.158,1625.1,354
120.364,31.158,1594.213888888889,354
120.464,31.158,1688.2,354
120.564,31.158,1688.788888888889,354
120.664,31.158,1662.9305555555557,354
120.764,31.158,1694.1666666666665,354
120.864,31.158,1704.0277777777778,354
120.964,31.158,1711.0583333333334,354
121.064,31.158,1699.1277777777777,354
118.864,31.258,1628.6027777777779,353
118.964,31.258,1635.8916666666667,353
119.064,31.258,1636.3833333333332,353
119.264,31.258,1623.5833333333333,353
119.464,31.258,1619.7277777777779,354
119.564,31.258,1620.7944444444443,354
119.664,31.258,1592.8166666666666,354
119.764,31.258,1592.486111111111,354
119.864,31.258,1613.386111111111,354
119.964,31.258,1555.4722222222222,354
120.064,31.258,1575.1916666666666,354
120.164,31.258,1583.3972222222221,354
120.264,31.258,1597.4,354
120.364,31.258,1667.3277777777778,354
120.464,31.258,1662.0833333333333,354
120.564,31.258,1678.2361111111109,354
120.664,31.258,1666.0833333333333,354
120.764,31.258,1677.5972222222222,354
120.864,31.258,1685.0972222222222,354
120.964,31.258,1697.7916666666667,354
118.764,31.358,1643.286111111111,353
118.864,31.358,1634.0666666666666,353
118.964,31.358,1625.6333333333332,353
119.064,31.358,1643.95,353
119.164,31.358,1635.4944444444443,353
119.264,31.358,1631.7611111111112,353
119.364,31.358,1643.6749999999997,354
119.464,31.358,1627.736111111111,354
119.564,31.358,1641.1027777777779,354
119.664,31.358,1617.7277777777776,354
119.764,31.358,1599.1555555555556,354
119.864,31.358,1642.1249999999998,354
119.964,31.358,1663.0638888888889,354
120.064,31.358,1585.3444444444444,354
120.164,31.358,1592.3916666666664,354
120.264,31.358,1596.4999999999998,354
120.364,31.358,1671.8222222222223,354
120.464,31.358,1655.5111111111112,354
120.564,31.358,1660.9555555555553,354
120.664,31.358,1678.4944444444443,354
120.764,31.358,1659.5694444444443,354
120.864,31.358,1675.7305555555556,354
120.964,31.358,1667.2333333333333,354
121.064,31.358,1647.0416666666667,354
118.964,31.458,1644.3444444444444,353
119.064,31.458,1640.7222222222222,353
119.164,31.458,1641.3194444444443,353
119.264,31.458,1635.5111111111112,353
119.364,31.458,1621.072222222222,354
119.464,31.458,1607.3583333333331,354
119.564,31.458,1651.4888888888888,354
119.664,31.458,1656.4666666666665,354
119.764,31.458,1634.1583333333333,354
119.864,31.458,1640.1472222222221,354
119.964,31.458,1657.2222222222222,354
120.064,31.458,1664.7055555555553,354
120.164,31.458,1580.2694444444444,354
120.264,31.458,1670.9055555555556,354
120.364,31.458,1696.0083333333332,354
120.464,31.458,1656.8055555555554,354
120.564,31.458,1651.911111111111,354
120.664,31.458,1663.9833333333333,354
120.764,31.458,1696.8972222222221,354
120.864,31.458,1683.2111111111112,354
120.964,31.458,1653.0388888888888,354
121.064,31.458,1665.5333333333333,354
121.164,31.458,1653.6583333333333,354
118.964,31.558,1639.8527777777779,351
119.064,31.558,1639.5333333333333,351
119.164,31.558,1611.1,349
119.264,31.558,1611.4083333333333,349
119.364,31.558,1623.5277777777776,350
119.464,31.558,1603.4055555555556,348
119.564,31.558,1625.9388888888889,348
119.664,31.558,1619.8583333333331,348
119.764,31.558,1602.7749999999999,348
119.864,31.558,1633.3111111111111,348
119.964,31.558,1614.2916666666665,348
120.064,31.558,1619.2888888888888,348
120.164,31.558,1631.425,348
120.264,31.558,1613.2916666666667,348
120.364,31.558,1625.3166666666666,348
120.464,31.558,1617.0805555555555,348
120.564,31.558,1607.236111111111,348
120.664,31.558,1639.0777777777778,348
120.764,31.558,1652.0388888888888,348
120.864,31.558,1642.3722222222223,348
120.964,31.558,1635.35,348
121.064,31.558,1630.3722222222223,348
121.164,31.558,1638.8777777777777,348
121.264,31.558,1654.3194444444443,348
121.364,31.558,1578.9833333333333,348
118.664,31.658,1595.8833333333334,347
118.864,31.658,1609.4277777777777,348
118.964,31.658,1614.8249999999998,348
119.064,31.658,1608.2111111111112,348
119.164,31.658,1612.0916666666665,348
119.264,31.658,1622.3277777777778,348
119.364,31.658,1622.0638888888889,348
119.464,31.658,1621.1583333333333,348
119.564,31.658,1630.325,348
119.664,31.658,1617.675,348
119.764,31.658,1620.9055555555556,348
119.864,31.658,1626.1166666666666,348
119.964,31.658,1602.35,348
120.064,31.658,1618.8166666666666,348
120.164,31.658,1602.3,348
120.264,31.658,1598.6861111111111,348
120.364,31.658,1610.3666666666666,348
120.464,31.658,1629.2472222222223,348
120.564,31.658,1640.2,348
120.664,31.658,1645.8333333333333,348
120.764,31.658,1625.663888888889,348
120.864,31.658,1649.2416666666666,348
120.964,31.658,1633.5916666666667,348
121.064,31.658,1637.638888888889,348
121.164,31.658,1660.1027777777776,348
121.864,31.658,1555.8555555555554,348
121.964,31.658,1586.6499999999999,348
118.564,31.758,1591.8138888888889,346
118.664,31.758,1588.3083333333332,347
118.764,31.758,1599.1666666666665,348
118.864,31.758,1600.0638888888889,348
118.964,31.758,1581.5555555555557,348
119.064,31.758,1612.3833333333332,348
119.164,31.758,1606.1527777777776,348
119.264,31.758,1607.6527777777778,348
119.364,31.758,1613.0277777777776,348
119.464,31.758,1620.1861111111111,348
119.564,31.758,1598.8194444444443,348
119.664,31.758,1576.7027777777778,348
119.764,31.758,1610.0555555555554,348
119.864,31.758,1621.1777777777777,348
119.964,31.758,1625.9055555555556,348
120.064,31.758,1620.7,348
120.164,31.758,1617.4138888888888,348
120.264,31.758,1610.6555555555553,348
120.364,31.758,1611.288888888889,348
120.464,31.758,1627.6277777777777,348
120.564,31.758,1639.6527777777778,348
120.664,31.758,1632.963888888889,348
120.764,31.758,1638.7777777777778,348
120.864,31.758,1631.9444444444443,348
120.964,31.758,1645.6694444444443,348
121.064,31.758,1676.4444444444443,348
121.464,31.758,1653.886111111111,348
121.564,31.758,1628.9999999999998,348
121.664,31.758,1662.7749999999999,348
121.764,31.758,1636.8916666666667,348
121.864,31.758,1655.3722222222223,348
118.564,31.858,1582.3944444444444,347
118.664,31.858,1594.1499999999999,347
118.764,31.858,1605.4416666666666,348
118.864,31.858,1613.8388888888887,348
118.964,31.858,1612.3527777777779,348
119.064,31.858,1626.086111111111,348
119.164,31.858,1614.8416666666667,348
119.264,31.858,1608.9833333333333,348
119.364,31.858,1614.6527777777778,348
119.464,31.858,1610.6583333333333,348
119.564,31.858,1615.9555555555553,348
119.664,31.858,1614.8555555555554,348
119.764,31.858,1607.6805555555554,348
119.864,31.858,1611.836111111111,348
119.964,31.858,1608.0222222222221,348
120.064,31.858,1628.2,348
120.164,31.858,1626.0555555555557,348
120.264,31.858,1613.2805555555556,348
120.364,31.858,1616.111111111111,348
120.464,31.858,1632.6666666666667,348
120.564,31.858,1618.8333333333333,348
120.664,31.858,1633.6805555555554,348
120.764,31.858,1640.2555555555555,348
120.864,31.858,1581.4805555555554,348
120.964,31.858,1641.997222222222,348
121.064,31.858,1654.9527777777778,348
121.164,31.858,1659.7972222222222,348
121.364,31.858,1639.113888888889,348
121.464,31.858,1644.8527777777779,348
121.564,31.858,1630.5944444444444,348
121.664,31.858,1628.4694444444444,348
121.764,31.858,1624.2722222222221,348
121.864,31.858,1669.9361111111111,348
118.464,31.958,1601.088888888889,346
118.564,31.958,1593.7333333333331,347
118.664,31.958,1600.9166666666667,348
118.764,31.958,1622.836111111111,348
118.864,31.958,1599.611111111111,348
118.964,31.958,1617.6861111111111,348
119.064,31.958,1616.1,348
119.164,31.958,1588.9555555555555,348
119.264,31.958,1622.6055555555556,348
119.364,31.958,1611.913888888889,348
119.464,31.958,1616.4722222222222,348
119.564,31.958,1610.9027777777778,348
119.664,31.958,1604.05,348
119.764,31.958,1607.7416666666666,348
119.864,31.958,1612.2888888888888,348
119.964,31.958,1559.2944444444445,348
120.064,31.958,1623.5833333333333,348
120.164,31.958,1614.4805555555556,348
120.264,31.958,1619.6444444444444,348
120.364,31.958,1612.2777777777776,348
120.464,31.958,1608.588888888889,348
120.564,31.958,1631.0138888888887,348
120.664,31.958,1621.661111111111,348
120.764,31.958,1655.8833333333334,348
120.864,31.958,1585.3916666666667,348
120.964,31.958,1651.4694444444444,348
121.064,31.958,1629.1499999999999,348
121.164,31.958,1640.5500000000002,348
121.264,31.958,1635.1333333333334,348
121.364,31.958,1630.1305555555555,348
121.464,31.958,1633.0111111111112,348
121.564,31.958,1628.2305555555556,348
121.664,31.958,1631.5249999999999,348
121.764,31.958,1633.775,348
118.464,32.058,1578.736111111111,346
118.564,32.058,1598.0444444444445,347
118.664,32.058,1583.927777777778,348
118.764,32.058,1605.5194444444444,348
118.864,32.058,1625.3416666666665,348
118.964,32.058,1600.838888888889,348
119.064,32.058,1599.5833333333333,348
119.164,32.058,1616.2055555555555,348
119.264,32.058,1606.8972222222221,348
119.364,32.058,1618.4277777777777,348
119.464,32.058,1606.8777777777777,348
119.564,32.058,1614.8333333333333,348
119.664,32.058,1624.3444444444444,348
119.764,32.058,1617.6055555555556,348
119.864,32.058,1611.2388888888888,348
119.964,32.058,1638.9138888888888,348
120.064,32.058,1625.1,348
120.164,32.058,1604.7083333333333,348
120.264,32.058,1601.6083333333333,348
120.364,32.058,1621.861111111111,348
120.464,32.058,1618.5777777777778,348
120.564,32.058,1509.8555555555554,348
120.664,32.058,1628.5805555555555,348
120.764,32.058,1643.661111111111,348
120.864,32.058,1633.2416666666666,348
120.964,32.058,1629.786111111111,348
121.064,32.058,1609.1333333333332,348
121.164,32.058,1624.8805555555555,348
121.264,32.058,1621.4805555555554,348
121.364,32.058,1612.7722222222224,348
121.464,32.058,1625.0777777777776,348
121.564,32.058,1632.3416666666667,348
121.664,32.058,1650.4888888888888,348
118.564,32.158,1581.0249999999999,347
118.664,32.158,1593.6,348
118.764,32.158,1596.725,348
118.864,32.158,1583.9972222222223,348
118.964,32.158,1608.95,348
119.064,32.158,1610.8944444444444,348
119.164,32.158,1606.8222222222223,348
119.264,32.158,1601.3805555555555,348
119.364,32.158,1616.4055555555556,348
119.464,32.158,1613.4527777777778,348
119.564,32.158,1602.9083333333333,348
119.664,32.158,1620.6833333333334,348
119.764,32.158,1615.586111111111,348
119.864,32.158,1508.3583333333333,348
119.964,32.158,1612.4083333333333,348
120.064,32.158,1626.9055555555553,348
120.164,32.158,1623.7944444444443,348
120.264,32.158,1622.2666666666667,348
120.364,32.158,1625.7666666666667,348
120.464,32.158,1630.5472222222222,348
120.564,32.158,1634.6916666666666,348
120.664,32.158,1637.0166666666667,348
120.764,32.158,1628.2749999999999,348
120.864,32.158,1623.7527777777777,348
120.964,32.158,1621.4722222222222,348
121.064,32.158,1629.0388888888888,348
121.164,32.158,1622.2722222222224,348
121.264,32.158,1623.6416666666664,348
121.364,32.158,1635.4027777777776,348
121.464,32.158,1487.863888888889,348
118.764,32.258,1590.3805555555555,348
118.864,32.258,1617.497222222222,348
118.964,32.258,1616.2388888888888,348
119.064,32.258,1619.8777777777777,348
119.164,32.258,1616.9083333333333,348
119.264,32.258,1604.6333333333334,348
119.364,32.258,1631.8027777777777,348
119.464,32.258,1626.6944444444446,348
119.564,32.258,1630.5944444444444,348
119.664,32.258,1628.2833333333333,348
119.764,32.258,1603.1055555555556,348
119.864,32.258,1631.6944444444446,348
119.964,32.258,1622.2416666666666,348
120.064,32.258,1633.7805555555553,348
120.164,32.258,1631.7277777777779,348
120.264,32.258,1623.4527777777778,348
120.364,32.258,1623.8055555555554,348
120.464,32.258,1625.7194444444444,348
120.564,32.258,1634.4083333333333,348
120.664,32.258,1633.3944444444444,348
120.764,32.258,1629.2222222222222,348
120.864,32.258,1636.6472222222224,348
120.964,32.258,1638.75,348
121.064,32.258,1629.3972222222221,348
121.164,32.258,1624.6694444444445,348
121.264,32.258,1631.6805555555557,348
121.364,32.258,1626.8555555555556,348
121.464,32.258,1524.6499999999999,348
118.764,32.358,1599.5638888888889,348
118.864,32.358,1602.211111111111,348
118.964,32.358,1613.5083333333332,348
119.064,32.358,1621.5194444444444,348
119.164,32.358,1609.4,348
119.264,32.358,1610.3694444444443,348
119.364,32.358,1620.436111111111,348
119.464,32.358,1613.1527777777778,348
119.564,32.358,1628.0388888888888,348
119.664,32.358,1627.5194444444444,348
119.764,32.358,1627.5611111111111,348
119.864,32.358,1624.7916666666665,348
119.964,32.358,1632.8083333333332,348
120.064,32.358,1629.7805555555556,348
120.164,32.358,1621.1694444444445,348
120.264,32.358,1636.1833333333334,348
120.364,32.358,1633.7416666666668,348
120.464,32.358,1621.672222222222,348
120.564,32.358,1636.736111111111,348
120.664,32.358,1637.6138888888888,348
120.764,32.358,1640.2,348
120.864,32.358,1630.5305555555556,348
120.964,32.358,1624.5222222222221,348
121.064,32.358,1625.2694444444444,348
121.164,32.358,1620.8805555555555,348
121.264,32.358,1638.9194444444443,348
121.364,32.358,1646.4138888888888,348
118.764,32.458,1617.1000000000001,348
118.864,32.458,1630.9138888888888,348
118.964,32.458,1609.2805555555556,348
119.064,32.458,1612.9388888888889,348
119.164,32.458,1616.3222222222223,348
119.264,32.458,1610.213888888889,348
119.364,32.458,1600.5888888888887,348
119.464,32.458,1611.8194444444443,348
119.564,32.458,1601.4888888888888,348
119.664,32.458,1630.2027777777778,348
119.764,32.458,1613.3805555555555,348
119.864,32.458,1630.8194444444443,348
119.964,32.458,1621.913888888889,348
120.064,32.458,1640.8888888888887,348
120.164,32.458,1630.7722222222221,348
120.264,32.458,1636.8527777777776,348
120.364,32.458,1637.3833333333332,348
120.464,32.458,1629.4194444444443,348
120.564,32.458,1628.2722222222221,348
120.664,32.458,1633.4416666666666,348
120.764,32.458,1631.263888888889,348
120.864,32.458,1634.2888888888888,348
120.964,32.458,1624.5027777777777,348
121.064,32.458,1616.8583333333331,348
121.164,32.458,1629.4888888888888,348
121.264,32.458,1657.2833333333333,348
121.364,32.458,1562.2,348
118.664,32.558,1616.3555555555556,348
118.764,32.558,1617.3833333333332,348
118.864,32.558,1617.8055555555557,348
119.164,32.558,1604.7333333333333,348
119.264,32.558,1607.7222222222222,348
119.364,32.558,1611.7527777777777,348
119.464,32.558,1605.4527777777778,348
119.564,32.558,1615.3083333333332,348
119.664,32.558,1616.7583333333332,348
119.764,32.558,1612.9388888888889,348
119.864,32.558,1630.0416666666665,348
119.964,32.558,1628.3277777777776,348
120.064,32.558,1625.7944444444443,348
120.164,32.558,1634.1166666666666,348
120.264,32.558,1637.838888888889,348
120.364,32.558,1628.9444444444443,348
120.464,32.558,1609.3027777777777,348
120.564,32.558,1595.2250000000001,348
120.664,32.558,1618.747222222222,348
120.764,32.558,1632.0083333333332,348
120.864,32.558,1628.85,348
120.964,32.558,1618.025,348
121.064,32.558,1507.0,348
119.264,32.658,1600.7222222222222,348
119.364,32.658,1623.5555555555557,348
119.464,32.658,1604.275,348
119.564,32.658,1611.3527777777776,348
119.664,32.658,1625.2555555555555,348
119.764,32.658,1627.7083333333333,348
119.864,32.658,1626.4138888888888,348
119.964,32.658,1639.7583333333332,348
120.064,32.658,1640.1416666666667,348
120.164,32.658,1642.5083333333332,348
120.264,32.658,1633.1861111111111,348
120.364,32.658,1626.7472222222223,348
120.464,32.658,1632.7833333333333,348
120.564,32.658,1626.0944444444442,348
120.664,32.658,1621.9361111111111,348
120.764,32.658,1629.8555555555554,348
120.864,32.658,1628.45,348
120.964,32.658,1500.461111111111,348
118.464,32.758,1606.8249999999998,348
118.564,32.758,1606.4777777777776,348
118.664,32.758,1630.8166666666666,348
119.264,32.758,1630.7944444444443,348
119.364,32.758,1627.7833333333333,348
119.464,32.758,1605.0305555555553,348
119.564,32.758,1619.1361111111112,348
119.664,32.758,1627.0638888888889,348
119.764,32.758,1624.2333333333331,348
119.864,32.758,1636.6888888888889,348
119.964,32.758,1638.0027777777777,348
120.064,32.758,1637.925,348
120.164,32.758,1632.6277777777777,348
120.264,32.758,1638.1416666666667,348
120.364,32.758,1636.6361111111112,348
120.464,32.758,1626.7388888888888,348
120.564,32.758,1625.6083333333331,348
120.664,32.758,1619.8777777777777,348
120.764,32.758,1625.4694444444442,348
120.864,32.758,1626.4888888888888,348
120.964,32.758,1538.3666666666666,348
118.264,32.858,1615.9944444444443,347
118.364,32.858,1595.1055555555556,347
118.464,32.858,1598.7722222222221,348
118.564,32.858,1615.9138888888888,348
118.664,32.858,1623.4916666666666,348
118.764,32.858,1623.572222222222,348
119.164,32.858,1535.5194444444444,348
119.264,32.858,1624.3527777777776,348
119.364,32.858,1526.4999999999998,348
119.464,32.858,1613.7138888888887,348
119.564,32.858,1618.138888888889,348
119.664,32.858,1615.3833333333332,348
119.764,32.858,1625.2416666666666,348
119.864,32.858,1646.1944444444443,348
119.964,32.858,1641.775,348
120.064,32.858,1636.5555555555557,348
120.164,32.858,1641.2583333333332,348
120.264,32.858,1633.611111111111,348
120.364,32.858,1627.6444444444446,348
120.464,32.858,1616.4416666666666,348
120.564,32.858,1624.7583333333332,348
120.664,32.858,1628.0222222222221,348
120.764,32.858,1642.6861111111111,348
120.864,32.858,1636.4999999999998,348
120.964,32.858,1628.5,348
118.364,32.958,1610.3305555555553,348
118.464,32.958,1614.7972222222222,348
118.564,32.958,1627.6527777777778,348
118.664,32.958,1621.0527777777777,348
118.764,32.958,1619.3222222222223,348
118.864,32.958,1619.8,348
118.964,32.958,1620.4499999999998,348
119.064,32.958,1622.5166666666667,348
119.164,32.958,1627.4083333333333,348
119.264,32.958,1637.0972222222222,348
119.364,32.958,1533.7388888888888,348
119.464,32.958,1622.7555555555555,348
119.564,32.958,1628.986111111111,348
119.664,32.958,1626.625,348
119.764,32.958,1624.6416666666667,348
119.864,32.958,1629.8666666666668,348
119.964,32.958,1648.5333333333333,348
120.064,32.958,1633.4944444444443,348
120.164,32.958,1636.997222222222,348
120.264,32.958,1632.2944444444445,348
120.364,32.958,1640.1277777777777,348
120.464,32.958,1642.0444444444443,348
120.564,32.958,1636.2444444444443,348
120.664,32.958,1631.6777777777777,348
120.764,32.958,1628.8999999999999,348
120.864,32.958,1654.611111111111,348
118.264,33.058,1628.775,347
118.364,33.058,1620.8138888888889,348
118.464,33.058,1621.85,348
118.564,33.058,1622.3861111111112,348
118.664,33.058,1621.7722222222221,348
118.764,33.058,1625.663888888889,348
118.864,33.058,1623.1527777777778,348
118.964,33.058,1619.2527777777777,348
119.064,33.058,1631.9555555555555,348
119.164,33.058,1633.2194444444444,348
119.264,33.058,1629.047222222222,348
119.364,33.058,1642.6944444444443,348
119.464,33.058,1624.0527777777777,348
119.564,33.058,1623.5138888888887,348
119.664,33.058,1622.5166666666667,348
119.764,33.058,1638.5555555555557,348
119.864,33.058,1640.1333333333332,348
119.964,33.058,1638.611111111111,348
120.064,33.058,1641.5555555555557,348
120.164,33.058,1632.5305555555553,348
120.264,33.058,1637.4694444444444,348
120.364,33.058,1644.1388888888887,348
120.464,33.058,1638.3777777777777,348
120.564,33.058,1627.9694444444442,348
120.664,33.058,1624.8694444444443,348
120.764,33.058,1637.9694444444442,348
120.864,33.058,1619.6249999999998,348
118.064,33.158,1613.5194444444444,346
118.264,33.158,1620.7527777777777,347
118.364,33.158,1632.0833333333333,348
118.464,33.158,1635.6277777777777,348
118.564,33.158,1542.9972222222223,348
118.664,33.158,1645.4083333333333,348
118.764,33.158,1535.122222222222,348
118.864,33.158,1631.1555555555556,348
118.964,33.158,1623.9138888888888,348
119.064,33.158,1626.3527777777776,348
119.164,33.158,1618.6694444444445,348
119.264,33.158,1638.536111111111,348
119.364,33.158,1620.3555555555554,348
119.464,33.158,1617.6,348
119.564,33.158,1615.213888888889,348
119.664,33.158,1626.8027777777777,348
119.764,33.158,1638.2527777777777,348
119.864,33.158,1652.3666666666668,348
119.964,33.158,1634.725,348
120.064,33.158,1637.3527777777779,348
120.164,33.158,1635.9361111111111,348
120.264,33.158,1627.0611111111111,348
120.364,33.158,1630.638888888889,348
120.464,33.158,1633.8527777777776,348
120.564,33.158,1623.7444444444443,348
120.664,33.158,1622.3138888888889,348
120.764,33.158,1640.763888888889,348
117.964,33.258,1610.5805555555555,345
118.064,33.258,1600.9833333333333,346
118.164,33.258,1624.088888888889,347
118.264,33.258,1539.0611111111111,348
118.364,33.258,1516.1166666666668,348
118.464,33.258,1531.6361111111112,348
118.564,33.258,1550.0555555555554,348
118.664,33.258,1542.3833333333332,348
118.764,33.258,1546.6027777777779,348
118.864,33.258,1646.036111111111,348
118.964,33.258,1632.7472222222223,348
119.064,33.258,1629.4527777777776,348
119.164,33.258,1632.4083333333333,348
119.264,33.258,1618.7083333333335,348
119.364,33.258,1598.6999999999998,348
119.464,33.258,1620.4805555555556,348
119.564,33.258,1626.425,348
119.664,33.258,1624.4694444444444,348
119.764,33.258,1635.622222222222,348
119.864,33.258,1630.4388888888889,348
119.964,33.258,1638.65,348
120.064,33.258,1629.6583333333333,348
120.164,33.258,1629.7,348
120.264,33.258,1631.6194444444443,348
120.364,33.258,1625.6416666666667,348
120.464,33.258,1624.3055555555554,348
120.564,33.258,1623.7277777777776,348
120.664,33.258,1639.8722222222223,348
120.764,33.258,1486.8472222222222,348
118.064,33.358,1599.4694444444444,346
118.164,33.358,1610.6694444444443,347
118.264,33.358,1614.1999999999998,348
118.364,33.358,1624.5027777777777,348
118.464,33.358,1517.1472222222221,348
118.564,33.358,1556.0583333333334,348
118.664,33.358,1518.4194444444445,348
118.764,33.358,1548.6805555555554,348
118.864,33.358,1528.8638888888888,348
118.964,33.358,1631.8527777777776,348
119.064,33.358,1627.7749999999999,348
119.164,33.358,1630.7222222222222,348
119.264,33.358,1614.3444444444444,348
119.364,33.358,1622.013888888889,348
119.464,33.358,1622.4833333333331,348
119.564,33.358,1634.0777777777778,348
119.664,33.358,1616.4166666666667,348
119.764,33.358,1632.2888888888888,348
119.864,33.358,1632.5166666666667,348
119.964,33.358,1634.3444444444444,348
120.064,33.358,1623.561111111111,348
120.164,33.358,1614.1666666666665,348
120.264,33.358,1595.0888888888887,348
120.364,33.358,1626.7277777777779,348
120.464,33.358,1630.1166666666666,348
120.564,33.358,1627.338888888889,348
120.664,33.358,1538.0694444444443,348
118.064,33.458,1610.536111111111,347
118.164,33.458,1615.6027777777776,347
118.264,33.458,1616.4444444444443,348
118.364,33.458,1622.4166666666665,348
118.464,33.458,1635.6,348
118.564,33.458,1556.9833333333333,348
118.664,33.458,1543.7305555555556,348
118.764,33.458,1638.4277777777777,348
118.864,33.458,1622.161111111111,348
118.964,33.458,1616.3611111111109,348
119.064,33.458,1601.427777777778,348
119.164,33.458,1618.7916666666665,348
119.264,33.458,1621.9194444444443,348
119.364,33.458,1625.5444444444445,348
119.464,33.458,1623.0555555555554,348
119.564,33.458,1641.8555555555556,348
119.664,33.458,1623.25,348
119.764,33.458,1616.911111111111,348
119.864,33.458,1634.361111111111,348
119.964,33.458,1626.9583333333333,348
120.064,33.458,1624.672222222222,348
120.164,33.458,1620.363888888889,348
120.264,33.458,1621.35,348
120.364,33.458,1634.3444444444444,348
120.464,33.458,1627.825,348
120.564,33.458,1631.611111111111,348
120.664,33.458,1515.3833333333334,348
118.164,33.558,1627.6027777777776,348
118.264,33.558,1619.3638888888888,348
118.364,33.558,1613.5333333333333,348
118.464,33.558,1627.3944444444444,348
118.564,33.558,1545.5749999999998,348
118.664,33.558,1631.0777777777778,348
118.764,33.558,1610.8,348
118.864,33.558,1615.075,348
118.964,33.558,1608.5777777777778,348
119.064,33.558,1612.875,348
119.164,33.558,1597.0055555555555,348
119.264,33.558,1625.3305555555553,348
119.364,33.558,1619.2972222222222,348
119.464,33.558,1629.175,348
119.564,33.558,1621.2083333333335,348
119.664,33.558,1630.1944444444443,348
119.764,33.558,1621.0166666666667,348
119.864,33.558,1632.0444444444443,348
119.964,33.558,1626.7388888888888,348
120.064,33.558,1631.2555555555557,348
120.164,33.558,1634.838888888889,348
120.264,33.558,1629.1027777777776,348
120.364,33.558,1637.7027777777776,348
120.464,33.558,1646.9333333333334,348
120.564,33.558,1651.925,348
118.164,33.658,1616.0388888888888,348
118.264,33.658,1617.6722222222222,348
118.364,33.658,1614.1027777777779,348
118.464,33.658,1637.2611111111112,348
118.564,33.658,1636.2333333333331,348
118.664,33.658,1633.1666666666665,348
118.764,33.658,1633.5249999999999,348
118.864,33.658,1614.7222222222222,348
118.964,33.658,1603.8638888888888,348
119.064,33.658,1579.425,348
119.164,33.658,1614.111111111111,348
119.264,33.658,1626.3194444444443,348
119.364,33.658,1621.375,348
119.464,33.658,1621.0027777777777,348
119.564,33.658,1627.7916666666667,348
119.664,33.658,1628.461111111111,348
119.764,33.658,1628.8055555555554,348
119.864,33.658,1629.7055555555553,348
119.964,33.658,1633.7416666666668,348
120.064,33.658,1636.1527777777776,348
120.164,33.658,1641.661111111111,348
120.264,33.658,1646.0777777777778,348
120.364,33.658,1640.988888888889,348
120.464,33.658,1658.6,348
120.564,33.658,1645.447222222222,348
117.764,33.758,1581.4027777777778,345
117.864,33.758,1576.4416666666666,346
118.164,33.758,1615.2499999999998,348
118.264,33.758,1609.8694444444443,348
118.364,33.758,1616.3972222222221,348
118.464,33.758,1622.3916666666664,348
118.564,33.758,1628.5972222222222,348
118.664,33.758,1621.7999999999997,348
118.764,33.758,1621.5583333333332,348
118.864,33.758,1622.4638888888887,348
118.964,33.758,1616.411111111111,348
119.064,33.758,1618.7833333333333,348
119.164,33.758,1623.5916666666667,348
119.264,33.758,1619.6249999999998,348
119.364,33.758,1619.7944444444445,348
119.464,33.758,1623.6361111111112,348
119.564,33.758,1614.575,348
119.664,33.758,1625.3111111111111,348
119.764,33.758,1623.4583333333333,348
119.864,33.758,1630.586111111111,348
119.964,33.758,1638.8833333333332,348
120.064,33.758,1629.9833333333331,348
120.164,33.758,1633.561111111111,348
120.264,33.758,1611.725,348
120.364,33.758,1650.786111111111,348
120.464,33.758,1663.6,348
117.764,33.858,1583.25,346
117.864,33.858,1599.9527777777778,346
117.964,33.858,1601.6083333333333,347
118.064,33.858,1605.1916666666666,348
118.164,33.858,1609.8027777777777,348
118.264,33.858,1609.2388888888888,348
118.364,33.858,1572.7916666666667,348
118.464,33.858,1622.0,348
118.564,33.858,1624.6583333333333,348
118.664,33.858,1623.9527777777776,348
118.764,33.858,1619.711111111111,348
118.864,33.858,1627.6333333333334,348
118.964,33.858,1631.4777777777776,348
119.064,33.858,1618.9305555555554,348
119.164,33.858,1624.6833333333332,348
119.264,33.858,1622.175,348
119.364,33.858,1629.1444444444444,348
119.464,33.858,1632.625,348
119.564,33.858,1637.011111111111,348
119.664,33.858,1636.3611111111109,348
119.764,33.858,1637.675,348
119.864,33.858,1645.9972222222223,348
119.964,33.858,1643.3777777777777,348
120.064,33.858,1644.036111111111,348
120.164,33.858,1641.7472222222223,348
120.264,33.858,1641.886111111111,348
120.364,33.858,1641.1805555555554,348
120.464,33.858,1534.9777777777779,348
117.764,33.958,1590.8583333333333,346
117.864,33.958,1592.2277777777779,346
117.964,33.958,1588.1777777777777,347
118.064,33.958,1592.5944444444444,348
118.164,33.958,1580.1499999999999,348
118.264,33.958,1587.2888888888888,348
118.364,33.958,1583.55,348
118.464,33.958,1613.5638888888889,348
118.564,33.958,1624.5305555555556,348
118.664,33.958,1627.4138888888888,348
118.764,33.958,1616.086111111111,348
118.864,33.958,1613.0444444444445,348
118.964,33.958,1628.0722222222223,348
119.064,33.958,1627.4833333333331,348
119.164,33.958,1631.9333333333334,348
119.264,33.958,1628.6583333333333,348
119.364,33.958,1634.225,348
119.464,33.958,1636.5611111111111,348
119.564,33.958,1631.447222222222,348
119.664,33.958,1638.8777777777777,348
119.764,33.958,1651.586111111111,348
119.864,33.958,1653.3527777777776,348
119.964,33.958,1644.4194444444443,348
120.064,33.958,1649.5416666666667,348
120.164,33.958,1648.3666666666666,348
120.264,33.958,1648.3916666666667,348
120.364,33.958,1667.4694444444444,348
117.464,34.058,1603.2194444444444,345
117.564,34.058,1586.2305555555556,345
117.664,34.058,1607.1694444444445,345
117.764,34.058,1611.4666666666665,346
117.864,34.058,1610.65,347
117.964,34.058,1609.7166666666665,347
118.064,34.058,1613.7722222222221,348
118.164,34.058,1636.3638888888888,348
118.264,34.058,1621.675,348
118.364,34.058,1631.1305555555555,348
118.464,34.058,1612.2833333333333,348
118.564,34.058,1619.3472222222222,348
118.664,34.058,1616.4055555555556,348
118.764,34.058,1623.4416666666666,348
118.864,34.058,1627.6,348
118.964,34.058,1629.6222222222223,348
119.064,34.058,1627.7777777777778,348
119.164,34.058,1621.8055555555554,348
119.264,34.058,1638.161111111111,348
119.364,34.058,1638.2749999999999,348
119.464,34.058,1635.7749999999999,348
119.564,34.058,1634.336111111111,348
119.664,34.058,1642.6472222222221,348
119.764,34.058,1640.6416666666667,348
119.864,34.058,1633.9972222222223,348
119.964,34.058,1643.2555555555555,348
120.064,34.058,1650.4055555555556,348
120.164,34.058,1662.9805555555554,348
120.264,34.058,1655.1333333333332,348
120.364,34.058,1669.1916666666666,348
117.064,34.158,1605.4222222222222,345
117.164,34.158,1613.7388888888888,345
117.264,34.158,1605.9527777777778,345
117.364,34.158,1603.85,345
117.464,34.158,1623.7833333333333,345
117.564,34.158,1620.0027777777777,345
117.664,34.158,1613.8666666666666,346
117.764,34.158,1610.1444444444446,346
117.864,34.158,1610.4166666666665,347
117.964,34.158,1627.3833333333332,348
118.064,34.158,1632.6638888888888,348
118.164,34.158,1651.4694444444444,348
118.264,34.158,1631.8166666666666,348
118.364,34.158,1626.5305555555556,348
118.464,34.158,1627.9666666666667,348
118.564,34.158,1626.7805555555556,348
118.664,34.158,1628.338888888889,348
118.764,34.158,1600.0333333333333,348
118.864,34.158,1608.0611111111111,348
118.964,34.158,1626.4333333333332,348
119.064,34.158,1626.1083333333331,348
119.164,34.158,1624.8249999999998,348
119.264,34.158,1635.6166666666668,348
119.364,34.158,1638.9888888888888,348
119.464,34.158,1636.5083333333334,348
119.564,34.158,1648.0555555555554,348
119.664,34.158,1642.3555555555554,348
119.764,34.158,1637.7499999999998,348
119.864,34.158,1645.6333333333332,348
119.964,34.158,1633.7416666666668,348
120.064,34.158,1639.4416666666666,348
120.164,34.158,1650.0305555555553,348
120.264,34.158,1665.2916666666667,348
117.064,34.258,1613.1972222222223,345
117.164,34.258,1609.1694444444445,345
117.264,34.258,1623.3916666666667,345
117.364,34.258,1610.0472222222222,345
117.464,34.258,1603.8444444444444,345
117.564,34.258,1607.9583333333333,345
117.664,34.258,1608.9611111111112,346
117.764,34.258,1612.7749999999999,346
117.864,34.258,1616.5805555555553,347
117.964,34.258,1625.9944444444443,348
118.064,34.258,1630.175,348
118.164,34.258,1627.075,348
118.264,34.258,1618.2972222222222,348
118.364,34.258,1632.7722222222221,348
118.464,34.258,1632.322222222222,348
118.564,34.258,1626.572222222222,348
118.664,34.258,1614.1722222222222,348
118.764,34.258,1611.4416666666666,348
118.864,34.258,1615.0,348
118.964,34.258,1621.3944444444446,348
119.064,34.258,1625.3111111111111,348
119.164,34.258,1624.7166666666665,348
119.264,34.258,1625.8527777777776,348
119.364,34.258,1628.2944444444443,348
119.464,34.258,1649.2555555555555,348
119.564,34.258,1647.7055555555555,348
119.664,34.258,1639.8527777777779,348
119.764,34.258,1627.675,348
119.864,34.258,1645.1194444444445,348
119.964,34.258,1642.3722222222223,348
120.064,34.258,1651.9916666666666,348
120.164,34.258,1655.177777777778,348
120.264,34.258,1670.236111111111,348
117.064,34.358,1622.4083333333333,345
117.164,34.358,1615.6888888888886,345
117.264,34.358,1602.6722222222222,345
117.364,34.358,1607.513888888889,345
117.464,34.358,1607.0472222222222,345
117.564,34.358,1602.5805555555555,345
117.664,34.358,1593.1277777777777,346
117.764,34.358,1620.0444444444443,347
117.864,34.358,1622.211111111111,347
117.964,34.358,1589.3388888888887,348
118.064,34.358,1622.225,348
118.164,34.358,1625.5749999999998,348
118.264,34.358,1581.9277777777777,348
118.364,34.358,1624.0916666666665,348
118.464,34.358,1628.225,348
118.564,34.358,1620.447222222222,348
118.664,34.358,1621.0972222222222,348
118.764,34.358,1629.8444444444442,348
118.864,34.358,1619.2972222222222,348
118.964,34.358,1634.7805555555556,348
119.064,34.358,1637.0972222222222,348
119.164,34.358,1629.2777777777776,348
119.264,34.358,1637.525,348
119.364,34.358,1642.7749999999999,348
119.464,34.358,1639.7444444444443,348
119.564,34.358,1644.7694444444444,348
119.664,34.358,1658.5027777777777,348
119.764,34.358,1659.6472222222221,348
119.864,34.358,1674.2472222222223,348
119.964,34.358,1687.4555555555555,348
120.064,34.358,1679.9916666666668,348
120.164,34.358,1694.0583333333332,348
116.864,34.458,1641.8583333333331,345
116.964,34.458,1628.2916666666667,345
117.064,34.458,1622.7527777777777,345
117.264,34.458,1631.7166666666667,345
117.364,34.458,1619.8305555555555,345
117.464,34.458,1600.6083333333331,345
117.564,34.458,1639.4527777777776,346
117.664,34.458,1625.988888888889,346
117.764,34.458,1623.7805555555553,347
117.864,34.458,1634.5444444444443,348
117.964,34.458,1629.9055555555556,348
118.064,34.458,1641.786111111111,348
118.164,34.458,1631.85,348
118.464,34.458,1636.9638888888887,348
118.564,34.458,1633.6305555555555,348
118.664,34.458,1633.6444444444444,348
118.764,34.458,1629.4361111111111,348
118.864,34.458,1632.5055555555557,348
118.964,34.458,1649.0083333333334,348
119.064,34.458,1641.3555555555556,348
119.164,34.458,1648.1444444444444,348
119.264,34.458,1645.3027777777777,348
119.364,34.458,1647.536111111111,348
119.464,34.458,1659.5916666666665,348
119.564,34.458,1655.8166666666666,348
119.664,34.458,1656.586111111111,348
119.764,34.458,1658.7388888888888,348
119.864,34.458,1682.6444444444442,348
119.964,34.458,1677.0805555555555,348
116.564,34.558,1628.4722222222222,344
116.664,34.558,1645.6138888888888,344
116.764,34.558,1636.886111111111,344
116.864,34.558,1633.138888888889,345
116.964,34.558,1623.9222222222222,345
117.064,34.558,1633.2583333333332,345
117.364,34.558,1624.55,345
117.864,34.558,1634.5694444444443,348
117.964,34.558,1643.5444444444445,348
118.064,34.558,1636.3249999999998,348
118.464,34.558,1642.797222222222,348
118.564,34.558,1647.2833333333333,348
118.664,34.558,1644.4055555555553,348
118.764,34.558,1602.8305555555553,348
118.864,34.558,1625.861111111111,348
118.964,34.558,1646.3916666666667,348
119.064,34.558,1658.0805555555555,348
119.164,34.558,1658.6749999999997,348
119.264,34.558,1652.947222222222,348
119.364,34.558,1660.6694444444443,348
119.464,34.558,1675.5166666666664,348
119.564,34.558,1613.247222222222,348
119.664,34.558,1649.6138888888888,348
116.464,34.658,1643.7305555555556,344
116.564,34.658,1636.7055555555555,344
116.664,34.658,1643.6777777777777,344
116.764,34.658,1633.3583333333333,344
116.864,34.658,1635.8500000000001,345
116.964,34.658,1643.3361111111112,345
117.964,34.658,1632.538888888889,348
118.464,34.658,1656.2694444444444,348
118.564,34.658,1668.3083333333332,348
118.664,34.658,1655.0027777777777,348
118.764,34.658,1640.3555555555554,348
118.864,34.658,1642.322222222222,348
118.964,34.658,1647.8444444444444,348
119.064,34.658,1652.25,348
119.164,34.658,1656.572222222222,348
119.264,34.658,1653.2361111111109,348
119.364,34.658,1653.3722222222223,348
119.464,34.658,1641.9388888888886,348
116.464,34.758,1639.8722222222223,344
116.564,34.758,1636.4611111111112,344
116.664,34.758,1626.5833333333333,344
116.764,34.758,1654.3472222222222,345
116.864,34.758,1639.1583333333333,345
116.964,34.758,1652.236111111111,345
118.764,34.758,1668.386111111111,348
118.864,34.758,1646.0527777777777,348
118.964,34.758,1650.5500000000002,348
119.064,34.758,1656.6555555555556,348
119.164,34.758,1664.675,348
119.264,34.758,1680.661111111111,348
119.364,34.758,1634.35,348
119.464,34.758,1638.45,348
116.464,34.858,1641.9083333333333,344
116.564,34.858,1638.463888888889,344
116.664,34.858,1633.8083333333334,344
116.764,34.858,1648.2138888888887,345
116.864,34.858,1655.5722222222223,345
118.864,34.858,1673.0916666666667,348
118.964,34.858,1670.9555555555553,348
119.064,34.858,1652.3166666666666,347
119.164,34.858,1656.286111111111,348
118.864,34.958,1698.225,348
118.964,34.958,1703.888888888889,348
119.064,34.958,1666.9,348
119.164,34.958,1673.1583333333333,348
119.164,35.058,1703.013888888889,348
