outer_fold,inner_fold,group,repeat,score_rows,baseline_mean_pinball,mean_pinball,delta_vs_full
outer_1,inner_1,radiation,0,546,41.86294065076183,93.75267487056897,51.88973421980714
outer_1,inner_1,radiation,1,546,41.86294065076183,90.4342510560776,48.57131040531577
outer_1,inner_1,radiation,2,546,41.86294065076183,95.62094753883804,53.75800688807621
outer_1,inner_1,clear_sky_kt,0,546,41.86294065076183,44.35471652665605,2.49177587589422
outer_1,inner_1,clear_sky_kt,1,546,41.86294065076183,44.55016775308753,2.6872271023257
outer_1,inner_1,clear_sky_kt,2,546,41.86294065076183,44.882338714784574,3.019398064022745
outer_1,inner_1,cloud,0,546,41.86294065076183,41.85191062471407,-0.011030026047755825
outer_1,inner_1,cloud,1,546,41.86294065076183,41.958478063310565,0.09553741254873671
outer_1,inner_1,cloud,2,546,41.86294065076183,41.85883623154039,-0.0041044192214414466
outer_1,inner_1,meteorology,0,546,41.86294065076183,42.9524773940524,1.089536743290573
outer_1,inner_1,meteorology,1,546,41.86294065076183,43.67275360943719,1.8098129586753586
outer_1,inner_1,meteorology,2,546,41.86294065076183,42.97562081040199,1.1126801596401634
outer_1,inner_1,solar_geometry,0,546,41.86294065076183,42.75948276212819,0.8965421113663581
outer_1,inner_1,solar_geometry,1,546,41.86294065076183,42.79967684828514,0.9367361975233095
outer_1,inner_1,solar_geometry,2,546,41.86294065076183,42.441347189788914,0.5784065390270854
outer_1,inner_1,temporal_dynamics,0,546,41.86294065076183,45.049425210136704,3.1864845593748754
outer_1,inner_1,temporal_dynamics,1,546,41.86294065076183,44.677104216983096,2.814163566221268
outer_1,inner_1,temporal_dynamics,2,546,41.86294065076183,44.86668680906726,3.0037461583054323
outer_1,inner_2,radiation,0,546,30.65732247888226,117.8733114834071,87.21598900452483
outer_1,inner_2,radiation,1,546,30.65732247888226,110.94506968705929,80.28774720817702
outer_1,inner_2,radiation,2,546,30.65732247888226,122.84542847944978,92.18810600056752
outer_1,inner_2,clear_sky_kt,0,546,30.65732247888226,34.18948451477416,3.532162035891897
outer_1,inner_2,clear_sky_kt,1,546,30.65732247888226,34.558398860562114,3.9010763816798537
outer_1,inner_2,clear_sky_kt,2,546,30.65732247888226,34.61378959697786,3.956467118095599
outer_1,inner_2,cloud,0,546,30.65732247888226,30.992990499348455,0.33566802046619415
outer_1,inner_2,cloud,1,546,30.65732247888226,31.07768521706284,0.4203627381805788
outer_1,inner_2,cloud,2,546,30.65732247888226,31.043794058599953,0.38647157971769275
outer_1,inner_2,meteorology,0,546,30.65732247888226,37.8071685465311,7.149846067648841
outer_1,inner_2,meteorology,1,546,30.65732247888226,37.68994430173059,7.032621822848331
outer_1,inner_2,meteorology,2,546,30.65732247888226,37.985616172678625,7.328293693796365
outer_1,inner_2,solar_geometry,0,546,30.65732247888226,31.738424697426055,1.0811022185437942
outer_1,inner_2,solar_geometry,1,546,30.65732247888226,31.795347348782983,1.1380248699007218
outer_1,inner_2,solar_geometry,2,546,30.65732247888226,31.60337451771975,0.9460520388374896
outer_1,inner_2,temporal_dynamics,0,546,30.65732247888226,34.39082149841667,3.7334990195344098
outer_1,inner_2,temporal_dynamics,1,546,30.65732247888226,33.933577522333934,3.2762550434516733
outer_1,inner_2,temporal_dynamics,2,546,30.65732247888226,33.72112164456075,3.0637991656784926
outer_1,inner_3,radiation,0,570,35.91833259902701,93.05114951563957,57.132816916612555
outer_1,inner_3,radiation,1,570,35.91833259902701,100.93838549059133,65.02005289156432
outer_1,inner_3,radiation,2,570,35.91833259902701,100.52767360285279,64.60934100382578
outer_1,inner_3,clear_sky_kt,0,570,35.91833259902701,38.598030600020174,2.679698000993163
outer_1,inner_3,clear_sky_kt,1,570,35.91833259902701,38.91911360879906,3.000781009772048
outer_1,inner_3,clear_sky_kt,2,570,35.91833259902701,38.80755380670857,2.889221207681558
outer_1,inner_3,cloud,0,570,35.91833259902701,36.36133635730726,0.4430037582802484
outer_1,inner_3,cloud,1,570,35.91833259902701,36.40933638647338,0.49100378744636686
outer_1,inner_3,cloud,2,570,35.91833259902701,36.215170535692145,0.2968379366651348
outer_1,inner_3,meteorology,0,570,35.91833259902701,42.757161488164485,6.838828889137474
outer_1,inner_3,meteorology,1,570,35.91833259902701,42.417376460424634,6.499043861397624
outer_1,inner_3,meteorology,2,570,35.91833259902701,43.35220973624281,7.433877137215802
outer_1,inner_3,solar_geometry,0,570,35.91833259902701,37.723505334755906,1.8051727357288954
outer_1,inner_3,solar_geometry,1,570,35.91833259902701,37.58765283380567,1.6693202347786595
outer_1,inner_3,solar_geometry,2,570,35.91833259902701,37.11378657985327,1.195453980826258
outer_1,inner_3,temporal_dynamics,0,570,35.91833259902701,37.95202424105894,2.0336916420319326
outer_1,inner_3,temporal_dynamics,1,570,35.91833259902701,37.848504225807126,1.9301716267801154
outer_1,inner_3,temporal_dynamics,2,570,35.91833259902701,38.26186055249462,2.343527953467607
outer_2,inner_1,radiation,0,585,30.886233810964963,79.606752474001,48.72051866303603
outer_2,inner_1,radiation,1,585,30.886233810964963,82.3638722619133,51.477638450948334
outer_2,inner_1,radiation,2,585,30.886233810964963,82.88545312454782,51.999219313582856
outer_2,inner_1,clear_sky_kt,0,585,30.886233810964963,34.41753677554792,3.5313029645829594
outer_2,inner_1,clear_sky_kt,1,585,30.886233810964963,34.52572015202588,3.6394863410609197
outer_2,inner_1,clear_sky_kt,2,585,30.886233810964963,35.076211704802304,4.189977893837341
outer_2,inner_1,cloud,0,585,30.886233810964963,31.24673881329305,0.360505002328086
outer_2,inner_1,cloud,1,585,30.886233810964963,30.957704983396482,0.07147117243151868
outer_2,inner_1,cloud,2,585,30.886233810964963,31.1075157339335,0.22128192296853655
outer_2,inner_1,meteorology,0,585,30.886233810964963,35.1863407207529,4.300106909787939
outer_2,inner_1,meteorology,1,585,30.886233810964963,35.25569024190206,4.369456430937095
outer_2,inner_1,meteorology,2,585,30.886233810964963,34.067152064554556,3.180918253589592
outer_2,inner_1,solar_geometry,0,585,30.886233810964963,35.565726845055806,4.679493034090843
outer_2,inner_1,solar_geometry,1,585,30.886233810964963,35.03550845130213,4.149274640337165
outer_2,inner_1,solar_geometry,2,585,30.886233810964963,35.66236779945087,4.776133988485906
outer_2,inner_1,temporal_dynamics,0,585,30.886233810964963,34.19476419673929,3.308530385774329
outer_2,inner_1,temporal_dynamics,1,585,30.886233810964963,33.9894846151072,3.103250804142238
outer_2,inner_1,temporal_dynamics,2,585,30.886233810964963,33.566250777747335,2.6800169667823717
outer_2,inner_2,radiation,0,546,30.00699029089944,77.69749772900495,47.69050743810551
outer_2,inner_2,radiation,1,546,30.00699029089944,79.00896102404336,49.00197073314392
outer_2,inner_2,radiation,2,546,30.00699029089944,78.6785823583541,48.67159206745467
outer_2,inner_2,clear_sky_kt,0,546,30.00699029089944,34.95319327840763,4.94620298750819
outer_2,inner_2,clear_sky_kt,1,546,30.00699029089944,35.13933333797477,5.132343047075327
outer_2,inner_2,clear_sky_kt,2,546,30.00699029089944,35.2013019310865,5.194311640187056
outer_2,inner_2,cloud,0,546,30.00699029089944,30.195538724247015,0.18854843334757376
outer_2,inner_2,cloud,1,546,30.00699029089944,29.869261781447882,-0.13772850945155923
outer_2,inner_2,cloud,2,546,30.00699029089944,29.69275958722839,-0.31423070367105055
outer_2,inner_2,meteorology,0,546,30.00699029089944,34.357423261996104,4.350432971096662
outer_2,inner_2,meteorology,1,546,30.00699029089944,34.26282776686198,4.25583747596254
outer_2,inner_2,meteorology,2,546,30.00699029089944,34.73693390743799,4.729943616538545
outer_2,inner_2,solar_geometry,0,546,30.00699029089944,34.76886029279639,4.761870001896948
outer_2,inner_2,solar_geometry,1,546,30.00699029089944,34.80550593535597,4.798515644456526
outer_2,inner_2,solar_geometry,2,546,30.00699029089944,34.608503756330535,4.601513465431093
outer_2,inner_2,temporal_dynamics,0,546,30.00699029089944,33.09406643887299,3.0870761479735513
outer_2,inner_2,temporal_dynamics,1,546,30.00699029089944,32.98201616753537,2.9750258766359288
outer_2,inner_2,temporal_dynamics,2,546,30.00699029089944,33.019000255237245,3.0120099643378033
outer_2,inner_3,radiation,0,546,28.603406849456277,58.351324487671945,29.747917638215668
outer_2,inner_3,radiation,1,546,28.603406849456277,61.43261092226221,32.82920407280593
outer_2,inner_3,radiation,2,546,28.603406849456277,64.08627832231693,35.48287147286065
outer_2,inner_3,clear_sky_kt,0,546,28.603406849456277,30.897109833562872,2.293702984106595
outer_2,inner_3,clear_sky_kt,1,546,28.603406849456277,31.293463068695594,2.6900562192393167
outer_2,inner_3,clear_sky_kt,2,546,28.603406849456277,31.081745470008897,2.47833862055262
outer_2,inner_3,cloud,0,546,28.603406849456277,29.338574262664622,0.7351674132083446
outer_2,inner_3,cloud,1,546,28.603406849456277,29.804140514858208,1.2007336654019305
outer_2,inner_3,cloud,2,546,28.603406849456277,29.85677903189186,1.2533721824355837
outer_2,inner_3,meteorology,0,546,28.603406849456277,32.2716516273995,3.6682447779432223
outer_2,inner_3,meteorology,1,546,28.603406849456277,31.67939711515303,3.0759902656967526
outer_2,inner_3,meteorology,2,546,28.603406849456277,31.061060610640062,2.457653761183785
outer_2,inner_3,solar_geometry,0,546,28.603406849456277,31.380548013166056,2.7771411637097785
outer_2,inner_3,solar_geometry,1,546,28.603406849456277,30.880962068276176,2.2775552188198986
outer_2,inner_3,solar_geometry,2,546,28.603406849456277,31.078837379232443,2.4754305297761654
outer_2,inner_3,temporal_dynamics,0,546,28.603406849456277,29.61243629580184,1.0090294463455614
outer_2,inner_3,temporal_dynamics,1,546,28.603406849456277,29.755787568827188,1.1523807193709104
outer_2,inner_3,temporal_dynamics,2,546,28.603406849456277,29.54190114448954,0.9384942950332622
outer_3,inner_1,radiation,0,462,18.61201662114751,63.81658360449019,45.20456698334268
outer_3,inner_1,radiation,1,462,18.61201662114751,56.65812713995913,38.046110518811616
outer_3,inner_1,radiation,2,462,18.61201662114751,60.8609477250169,42.24893110386939
outer_3,inner_1,clear_sky_kt,0,462,18.61201662114751,22.40506995392855,3.7930533327810387
outer_3,inner_1,clear_sky_kt,1,462,18.61201662114751,22.327547036794467,3.715530415646956
outer_3,inner_1,clear_sky_kt,2,462,18.61201662114751,22.334402851344294,3.7223862301967827
outer_3,inner_1,cloud,0,462,18.61201662114751,18.99448264535092,0.3824660242034099
outer_3,inner_1,cloud,1,462,18.61201662114751,18.918874984400706,0.3068583632531947
outer_3,inner_1,cloud,2,462,18.61201662114751,18.698388806217682,0.08637218507017153
outer_3,inner_1,meteorology,0,462,18.61201662114751,22.177708300482248,3.565691679334737
outer_3,inner_1,meteorology,1,462,18.61201662114751,23.075117236773337,4.463100615625827
outer_3,inner_1,meteorology,2,462,18.61201662114751,23.77572878326959,5.163712162122078
outer_3,inner_1,solar_geometry,0,462,18.61201662114751,20.753520585038927,2.1415039638914166
outer_3,inner_1,solar_geometry,1,462,18.61201662114751,20.952842832423947,2.340826211276436
outer_3,inner_1,solar_geometry,2,462,18.61201662114751,20.73803879241315,2.126022171265639
outer_3,inner_1,temporal_dynamics,0,462,18.61201662114751,20.67326976328159,2.0612531421340776
outer_3,inner_1,temporal_dynamics,1,462,18.61201662114751,21.298543790380027,2.686527169232516
outer_3,inner_1,temporal_dynamics,2,462,18.61201662114751,20.438802127861493,1.826785506713982
outer_3,inner_2,radiation,0,462,17.618220582335635,67.1576483586529,49.53942777631727
outer_3,inner_2,radiation,1,462,17.618220582335635,63.582173833318976,45.96395325098334
outer_3,inner_2,radiation,2,462,17.618220582335635,62.41394384660207,44.79572326426644
outer_3,inner_2,clear_sky_kt,0,462,17.618220582335635,22.24464220682541,4.626421624489776
outer_3,inner_2,clear_sky_kt,1,462,17.618220582335635,21.95713127319526,4.338910690859624
outer_3,inner_2,clear_sky_kt,2,462,17.618220582335635,22.352964154364834,4.734743572029199
outer_3,inner_2,cloud,0,462,17.618220582335635,17.59047938168844,-0.02774120064719554
outer_3,inner_2,cloud,1,462,17.618220582335635,17.62618830466701,0.007967722331375882
outer_3,inner_2,cloud,2,462,17.618220582335635,17.705037483895637,0.08681690156000244
outer_3,inner_2,meteorology,0,462,17.618220582335635,22.12856525756235,4.510344675226715
outer_3,inner_2,meteorology,1,462,17.618220582335635,22.484330221735288,4.866109639399653
outer_3,inner_2,meteorology,2,462,17.618220582335635,21.821815264168407,4.203594681832772
outer_3,inner_2,solar_geometry,0,462,17.618220582335635,19.830795903730078,2.212575321394443
outer_3,inner_2,solar_geometry,1,462,17.618220582335635,19.84430002140801,2.2260794390723753
outer_3,inner_2,solar_geometry,2,462,17.618220582335635,19.841790896574498,2.223570314238863
outer_3,inner_2,temporal_dynamics,0,462,17.618220582335635,19.428969690134778,1.8107491077991433
outer_3,inner_2,temporal_dynamics,1,462,17.618220582335635,19.2934194025866,1.6751988202509658
outer_3,inner_2,temporal_dynamics,2,462,17.618220582335635,19.40726800095369,1.789047418618054
outer_3,inner_3,radiation,0,456,14.86161985067175,57.69873185943614,42.837112008764386
outer_3,inner_3,radiation,1,456,14.86161985067175,62.47271579286889,47.61109594219714
outer_3,inner_3,radiation,2,456,14.86161985067175,57.11136083756978,42.249740986898026
outer_3,inner_3,clear_sky_kt,0,456,14.86161985067175,19.090504483598234,4.228884632926485
outer_3,inner_3,clear_sky_kt,1,456,14.86161985067175,19.055251718670814,4.1936318679990645
outer_3,inner_3,clear_sky_kt,2,456,14.86161985067175,18.956825872527773,4.095206021856024
outer_3,inner_3,cloud,0,456,14.86161985067175,17.1196146351704,2.257994784498651
outer_3,inner_3,cloud,1,456,14.86161985067175,16.87482241776904,2.0132025670972897
outer_3,inner_3,cloud,2,456,14.86161985067175,17.36734249921089,2.5057226485391393
outer_3,inner_3,meteorology,0,456,14.86161985067175,19.184014676079666,4.322394825407917
outer_3,inner_3,meteorology,1,456,14.86161985067175,18.99354706574421,4.13192721507246
outer_3,inner_3,meteorology,2,456,14.86161985067175,18.39708677263652,3.5354669219647707
outer_3,inner_3,solar_geometry,0,456,14.86161985067175,16.469642143532216,1.6080222928604666
outer_3,inner_3,solar_geometry,1,456,14.86161985067175,16.589901487418853,1.7282816367471039
outer_3,inner_3,solar_geometry,2,456,14.86161985067175,16.613528750431303,1.7519088997595542
outer_3,inner_3,temporal_dynamics,0,456,14.86161985067175,15.533136412277518,0.6715165616057686
outer_3,inner_3,temporal_dynamics,1,456,14.86161985067175,15.416488250524932,0.5548683998531825
outer_3,inner_3,temporal_dynamics,2,456,14.86161985067175,15.562200383004734,0.7005805323329852
outer_4,inner_1,radiation,0,420,14.21088714285713,75.37185214094586,61.16096499808873
outer_4,inner_1,radiation,1,420,14.21088714285713,71.76779745453597,57.556910311678834
outer_4,inner_1,radiation,2,420,14.21088714285713,72.4645986751406,58.253711532283475
outer_4,inner_1,clear_sky_kt,0,420,14.21088714285713,17.329309015910848,3.118421873053718
outer_4,inner_1,clear_sky_kt,1,420,14.21088714285713,17.028435693802244,2.817548550945114
outer_4,inner_1,clear_sky_kt,2,420,14.21088714285713,17.485948836877032,3.275061694019902
outer_4,inner_1,cloud,0,420,14.21088714285713,15.031037336082306,0.8201501932251762
outer_4,inner_1,cloud,1,420,14.21088714285713,15.132180947687543,0.9212938048304125
outer_4,inner_1,cloud,2,420,14.21088714285713,15.262701281854257,1.051814138997127
outer_4,inner_1,meteorology,0,420,14.21088714285713,18.33219449705652,4.12130735419939
outer_4,inner_1,meteorology,1,420,14.21088714285713,18.410815851696032,4.199928708838902
outer_4,inner_1,meteorology,2,420,14.21088714285713,18.747214223818077,4.536327080960946
outer_4,inner_1,solar_geometry,0,420,14.21088714285713,14.778580215228123,0.567693072370993
outer_4,inner_1,solar_geometry,1,420,14.21088714285713,14.702986138306292,0.4920989954491617
outer_4,inner_1,solar_geometry,2,420,14.21088714285713,14.621955272088037,0.4110681292309071
outer_4,inner_1,temporal_dynamics,0,420,14.21088714285713,15.062149754714582,0.851262611857452
outer_4,inner_1,temporal_dynamics,1,420,14.21088714285713,14.941216089188027,0.7303289463308964
outer_4,inner_1,temporal_dynamics,2,420,14.21088714285713,15.153420108731355,0.942532965874225
outer_4,inner_2,radiation,0,462,14.792278225868989,88.92922043397606,74.13694220810707
outer_4,inner_2,radiation,1,462,14.792278225868989,85.37475115036544,70.58247292449646
outer_4,inner_2,radiation,2,462,14.792278225868989,92.41804492880652,77.62576670293754
outer_4,inner_2,clear_sky_kt,0,462,14.792278225868989,19.251862668998587,4.459584443129598
outer_4,inner_2,clear_sky_kt,1,462,14.792278225868989,18.90857822506589,4.116299999196903
outer_4,inner_2,clear_sky_kt,2,462,14.792278225868989,19.421564686736282,4.629286460867293
outer_4,inner_2,cloud,0,462,14.792278225868989,15.775630915458544,0.9833526895895552
outer_4,inner_2,cloud,1,462,14.792278225868989,15.691896886708209,0.89961866083922
outer_4,inner_2,cloud,2,462,14.792278225868989,15.915272122986861,1.1229938971178726
outer_4,inner_2,meteorology,0,462,14.792278225868989,18.061321263712948,3.269043037843959
outer_4,inner_2,meteorology,1,462,14.792278225868989,19.487075875262207,4.694797649393218
outer_4,inner_2,meteorology,2,462,14.792278225868989,19.48909337231737,4.696815146448381
outer_4,inner_2,solar_geometry,0,462,14.792278225868989,15.309015510832195,0.5167372849632059
outer_4,inner_2,solar_geometry,1,462,14.792278225868989,15.168995625934048,0.3767174000650595
outer_4,inner_2,solar_geometry,2,462,14.792278225868989,15.25210869102828,0.4598304651592908
outer_4,inner_2,temporal_dynamics,0,462,14.792278225868989,15.91137917347908,1.1191009476100913
outer_4,inner_2,temporal_dynamics,1,462,14.792278225868989,16.151894169262285,1.3596159433932957
outer_4,inner_2,temporal_dynamics,2,462,14.792278225868989,15.785091297133247,0.9928130712642584
outer_4,inner_3,radiation,0,468,26.954932411983638,80.89537958946292,53.940447177479285
outer_4,inner_3,radiation,1,468,26.954932411983638,79.8259243855667,52.87099197358306
outer_4,inner_3,radiation,2,468,26.954932411983638,77.54645379266817,50.59152138068454
outer_4,inner_3,clear_sky_kt,0,468,26.954932411983638,28.239442112931375,1.284509700947737
outer_4,inner_3,clear_sky_kt,1,468,26.954932411983638,28.726414953128433,1.7714825411447954
outer_4,inner_3,clear_sky_kt,2,468,26.954932411983638,28.48177481611143,1.526842404127791
outer_4,inner_3,cloud,0,468,26.954932411983638,26.9293813713443,-0.025551040639339107
outer_4,inner_3,cloud,1,468,26.954932411983638,26.89827424018202,-0.056658171801618806
outer_4,inner_3,cloud,2,468,26.954932411983638,26.96636100628726,0.01142859430362364
outer_4,inner_3,meteorology,0,468,26.954932411983638,28.5749962623962,1.6200638504125635
outer_4,inner_3,meteorology,1,468,26.954932411983638,27.681354592339755,0.726422180356117
outer_4,inner_3,meteorology,2,468,26.954932411983638,27.52408892808034,0.5691565160967009
outer_4,inner_3,solar_geometry,0,468,26.954932411983638,27.418598154326475,0.46366574234283675
outer_4,inner_3,solar_geometry,1,468,26.954932411983638,27.396684031066783,0.44175161908314564
outer_4,inner_3,solar_geometry,2,468,26.954932411983638,26.98735041067002,0.03241799868638395
outer_4,inner_3,temporal_dynamics,0,468,26.954932411983638,27.487289327550563,0.5323569155669254
outer_4,inner_3,temporal_dynamics,1,468,26.954932411983638,27.252012931065654,0.2970805190820158
outer_4,inner_3,temporal_dynamics,2,468,26.954932411983638,27.752956322845066,0.7980239108614278
outer_5,inner_1,radiation,0,546,21.302092667115698,114.04568623258614,92.74359356547043
outer_5,inner_1,radiation,1,546,21.302092667115698,116.02076382441305,94.71867115729735
outer_5,inner_1,radiation,2,546,21.302092667115698,114.98968912197007,93.68759645485437
outer_5,inner_1,clear_sky_kt,0,546,21.302092667115698,26.78955325668264,5.487460589566943
outer_5,inner_1,clear_sky_kt,1,546,21.302092667115698,27.608496138896907,6.306403471781209
outer_5,inner_1,clear_sky_kt,2,546,21.302092667115698,26.495706362965596,5.193613695849898
outer_5,inner_1,cloud,0,546,21.302092667115698,21.86096664780277,0.5588739806870713
outer_5,inner_1,cloud,1,546,21.302092667115698,21.869988422065717,0.567895754950019
outer_5,inner_1,cloud,2,546,21.302092667115698,22.0523848216079,0.7502921544922039
outer_5,inner_1,meteorology,0,546,21.302092667115698,24.761580775671877,3.4594881085561795
outer_5,inner_1,meteorology,1,546,21.302092667115698,25.108753159571773,3.806660492456075
outer_5,inner_1,meteorology,2,546,21.302092667115698,25.036258627199796,3.7341659600840984
outer_5,inner_1,solar_geometry,0,546,21.302092667115698,22.820743346193638,1.5186506790779397
outer_5,inner_1,solar_geometry,1,546,21.302092667115698,22.57769442834372,1.275601761228021
outer_5,inner_1,solar_geometry,2,546,21.302092667115698,22.633951571218514,1.3318589041028162
outer_5,inner_1,temporal_dynamics,0,546,21.302092667115698,23.029840609320157,1.7277479422044593
outer_5,inner_1,temporal_dynamics,1,546,21.302092667115698,23.635431763764245,2.3333390966485474
outer_5,inner_1,temporal_dynamics,2,546,21.302092667115698,23.28566905084837,1.9835763837326716
outer_5,inner_2,radiation,0,546,24.985831143681523,102.74085096761745,77.75501982393592
outer_5,inner_2,radiation,1,546,24.985831143681523,91.33990186380224,66.35407072012072
outer_5,inner_2,radiation,2,546,24.985831143681523,94.57014213627915,69.58431099259762
outer_5,inner_2,clear_sky_kt,0,546,24.985831143681523,30.788276327790438,5.802445184108915
outer_5,inner_2,clear_sky_kt,1,546,24.985831143681523,30.19731360928735,5.211482465605826
outer_5,inner_2,clear_sky_kt,2,546,24.985831143681523,30.307151097554694,5.3213199538731715
outer_5,inner_2,cloud,0,546,24.985831143681523,25.695292987373552,0.7094618436920292
outer_5,inner_2,cloud,1,546,24.985831143681523,25.739867059404204,0.7540359157226817
outer_5,inner_2,cloud,2,546,24.985831143681523,25.66682584948895,0.6809947058074286
outer_5,inner_2,meteorology,0,546,24.985831143681523,28.25659232881257,3.2707611851310467
outer_5,inner_2,meteorology,1,546,24.985831143681523,29.721131913382347,4.7353007697008245
outer_5,inner_2,meteorology,2,546,24.985831143681523,29.02523241712003,4.039401273438507
outer_5,inner_2,solar_geometry,0,546,24.985831143681523,26.096625175993257,1.110794032311734
outer_5,inner_2,solar_geometry,1,546,24.985831143681523,26.16812156983087,1.182290426149347
outer_5,inner_2,solar_geometry,2,546,24.985831143681523,25.929963322324745,0.9441321786432226
outer_5,inner_2,temporal_dynamics,0,546,24.985831143681523,27.55126774769794,2.5654366040164156
outer_5,inner_2,temporal_dynamics,1,546,24.985831143681523,27.82068351333224,2.8348523696507186
outer_5,inner_2,temporal_dynamics,2,546,24.985831143681523,27.72875503410173,2.742923890420208
outer_5,inner_3,radiation,0,570,26.0905028191721,94.65808580641415,68.56758298724205
outer_5,inner_3,radiation,1,570,26.0905028191721,98.90076133312382,72.81025851395172
outer_5,inner_3,radiation,2,570,26.0905028191721,96.11834206993548,70.02783925076338
outer_5,inner_3,clear_sky_kt,0,570,26.0905028191721,31.920568303180918,5.830065484008816
outer_5,inner_3,clear_sky_kt,1,570,26.0905028191721,30.813656204552853,4.723153385380751
outer_5,inner_3,clear_sky_kt,2,570,26.0905028191721,31.01478983213752,4.924287012965419
outer_5,inner_3,cloud,0,570,26.0905028191721,26.884128201383437,0.793625382211335
outer_5,inner_3,cloud,1,570,26.0905028191721,26.747613350037998,0.6571105308658964
outer_5,inner_3,cloud,2,570,26.0905028191721,26.446798516826394,0.3562956976542928
outer_5,inner_3,meteorology,0,570,26.0905028191721,29.241758514496706,3.151255695324604
outer_5,inner_3,meteorology,1,570,26.0905028191721,29.421159678462757,3.330656859290656
outer_5,inner_3,meteorology,2,570,26.0905028191721,29.707755176499617,3.6172523573275157
outer_5,inner_3,solar_geometry,0,570,26.0905028191721,27.97466608375966,1.88416326458756
outer_5,inner_3,solar_geometry,1,570,26.0905028191721,27.903717243416605,1.813214424244503
outer_5,inner_3,solar_geometry,2,570,26.0905028191721,27.744187052283397,1.6536842331112958
outer_5,inner_3,temporal_dynamics,0,570,26.0905028191721,28.749654312535043,2.659151493362941
outer_5,inner_3,temporal_dynamics,1,570,26.0905028191721,29.2583443685838,3.1678415494116976
outer_5,inner_3,temporal_dynamics,2,570,26.0905028191721,29.054410960636073,2.963908141463971
