outer_fold,inner_fold,group,score_rows,baseline_mean_pinball,mean_pinball,delta_vs_full
outer_1,inner_1,radiation,546,41.86294065076183,42.784160763113206,0.9212201123513779
outer_1,inner_1,clear_sky_kt,546,41.86294065076183,41.01892214121927,-0.8440185095425576
outer_1,inner_1,cloud,546,41.86294065076183,41.47185953524488,-0.3910811155169469
outer_1,inner_1,meteorology,546,41.86294065076183,38.01244508029934,-3.850495570462492
outer_1,inner_1,solar_geometry,546,41.86294065076183,42.753263777917816,0.8903231271559875
outer_1,inner_1,temporal_dynamics,546,41.86294065076183,38.71083004713515,-3.1521106036266815
outer_1,inner_2,radiation,546,30.65732247888226,33.536571989101894,2.8792495102196334
outer_1,inner_2,clear_sky_kt,546,30.65732247888226,31.06727557061539,0.4099530917331293
outer_1,inner_2,cloud,546,30.65732247888226,31.004493809294615,0.3471713304123547
outer_1,inner_2,meteorology,546,30.65732247888226,31.126516878985036,0.4691944001027757
outer_1,inner_2,solar_geometry,546,30.65732247888226,32.00912707087195,1.351804591989687
outer_1,inner_2,temporal_dynamics,546,30.65732247888226,28.61632284062533,-2.040999638256931
outer_1,inner_3,radiation,570,35.91833259902701,39.10980754514563,3.1914749461186176
outer_1,inner_3,clear_sky_kt,570,35.91833259902701,36.37367612885505,0.45534352982804194
outer_1,inner_3,cloud,570,35.91833259902701,37.289637022975626,1.3713044239486152
outer_1,inner_3,meteorology,570,35.91833259902701,41.73126109635104,5.81292849732403
outer_1,inner_3,solar_geometry,570,35.91833259902701,37.48323788114279,1.564905282115781
outer_1,inner_3,temporal_dynamics,570,35.91833259902701,32.067601334222246,-3.8507312648047645
outer_2,inner_1,radiation,585,30.886233810964963,30.593421696728893,-0.2928121142360709
outer_2,inner_1,clear_sky_kt,585,30.886233810964963,30.23859175292413,-0.6476420580408337
outer_2,inner_1,cloud,585,30.886233810964963,30.727524642076425,-0.1587091688885387
outer_2,inner_1,meteorology,585,30.886233810964963,30.023710326569923,-0.8625234843950409
outer_2,inner_1,solar_geometry,585,30.886233810964963,32.12615853419184,1.2399247232268742
outer_2,inner_1,temporal_dynamics,585,30.886233810964963,29.763386377193015,-1.1228474337719483
outer_2,inner_2,radiation,546,30.00699029089944,28.47071028958379,-1.536280001315653
outer_2,inner_2,clear_sky_kt,546,30.00699029089944,30.012046701547614,0.005056410648172971
outer_2,inner_2,cloud,546,30.00699029089944,31.98590138522419,1.9789110943247472
outer_2,inner_2,meteorology,546,30.00699029089944,37.3093772966135,7.302387005714056
outer_2,inner_2,solar_geometry,546,30.00699029089944,32.227918630621026,2.220928339721585
outer_2,inner_2,temporal_dynamics,546,30.00699029089944,27.03012303745796,-2.9768672534414797
outer_2,inner_3,radiation,546,28.603406849456277,29.27737244443068,0.6739655949744012
outer_2,inner_3,clear_sky_kt,546,28.603406849456277,28.509245910754125,-0.09416093870215292
outer_2,inner_3,cloud,546,28.603406849456277,28.828206334505598,0.22479948504932068
outer_2,inner_3,meteorology,546,28.603406849456277,30.309170273175457,1.7057634237191799
outer_2,inner_3,solar_geometry,546,28.603406849456277,27.83130336884938,-0.7721034806068978
outer_2,inner_3,temporal_dynamics,546,28.603406849456277,31.043793574762464,2.440386725306187
outer_3,inner_1,radiation,462,18.61201662114751,18.12971987877665,-0.48229674237085973
outer_3,inner_1,clear_sky_kt,462,18.61201662114751,18.571656497101216,-0.04036012404629474
outer_3,inner_1,cloud,462,18.61201662114751,18.641390528425518,0.02937390727800704
outer_3,inner_1,meteorology,462,18.61201662114751,19.97034511369752,1.358328492550008
outer_3,inner_1,solar_geometry,462,18.61201662114751,18.03986411315551,-0.5721525079920013
outer_3,inner_1,temporal_dynamics,462,18.61201662114751,17.712901404187676,-0.8991152169598351
outer_3,inner_2,radiation,462,17.618220582335635,18.0820430487843,0.463822466448665
outer_3,inner_2,clear_sky_kt,462,17.618220582335635,17.47875337893629,-0.13946720339934515
outer_3,inner_2,cloud,462,17.618220582335635,18.624142856312506,1.0059222739768714
outer_3,inner_2,meteorology,462,17.618220582335635,20.343486461471226,2.7252658791355913
outer_3,inner_2,solar_geometry,462,17.618220582335635,18.27000525990776,0.6517846775721239
outer_3,inner_2,temporal_dynamics,462,17.618220582335635,17.22197458449747,-0.3962459978381645
outer_3,inner_3,radiation,456,14.86161985067175,16.12942938814874,1.2678095374769907
outer_3,inner_3,clear_sky_kt,456,14.86161985067175,15.180978224720317,0.3193583740485675
outer_3,inner_3,cloud,456,14.86161985067175,15.061001844875259,0.19938199420350955
outer_3,inner_3,meteorology,456,14.86161985067175,16.47810627692542,1.6164864262536707
outer_3,inner_3,solar_geometry,456,14.86161985067175,16.295740225049524,1.434120374377775
outer_3,inner_3,temporal_dynamics,456,14.86161985067175,14.537031454499628,-0.3245883961721212
outer_4,inner_1,radiation,420,14.21088714285713,15.369800069517895,1.158912926660765
outer_4,inner_1,clear_sky_kt,420,14.21088714285713,14.077918559179832,-0.13296858367729847
outer_4,inner_1,cloud,420,14.21088714285713,14.911451775122016,0.7005646322648857
outer_4,inner_1,meteorology,420,14.21088714285713,16.227704658331568,2.016817515474438
outer_4,inner_1,solar_geometry,420,14.21088714285713,14.409511801577862,0.19862465872073187
outer_4,inner_1,temporal_dynamics,420,14.21088714285713,13.541790495061157,-0.669096647795973
outer_4,inner_2,radiation,462,14.792278225868989,15.101106808335476,0.3088285824664876
outer_4,inner_2,clear_sky_kt,462,14.792278225868989,14.735063540473792,-0.057214685395196696
outer_4,inner_2,cloud,462,14.792278225868989,14.855667960707155,0.06338973483816623
outer_4,inner_2,meteorology,462,14.792278225868989,16.77789119600871,1.9856129701397212
outer_4,inner_2,solar_geometry,462,14.792278225868989,14.838908092128277,0.04662986625928767
outer_4,inner_2,temporal_dynamics,462,14.792278225868989,15.03129850364042,0.23902027777143076
outer_4,inner_3,radiation,468,26.954932411983638,29.4602251850706,2.5052927730869605
outer_4,inner_3,clear_sky_kt,468,26.954932411983638,27.867294912124045,0.9123625001404072
outer_4,inner_3,cloud,468,26.954932411983638,27.364478091652458,0.4095456796688204
outer_4,inner_3,meteorology,468,26.954932411983638,26.660184982964765,-0.29474742901887296
outer_4,inner_3,solar_geometry,468,26.954932411983638,27.04563542409096,0.09070301210732268
outer_4,inner_3,temporal_dynamics,468,26.954932411983638,27.498725868732848,0.54379345674921
outer_5,inner_1,radiation,546,21.302092667115698,22.177009100730427,0.8749164336147288
outer_5,inner_1,clear_sky_kt,546,21.302092667115698,21.24717470404573,-0.05491796306996832
outer_5,inner_1,cloud,546,21.302092667115698,21.823312171962407,0.5212195048467088
outer_5,inner_1,meteorology,546,21.302092667115698,22.272407420673325,0.9703147535576271
outer_5,inner_1,solar_geometry,546,21.302092667115698,21.451432255231005,0.149339588115307
outer_5,inner_1,temporal_dynamics,546,21.302092667115698,21.018635384479737,-0.28345728263596115
outer_5,inner_2,radiation,546,24.985831143681523,25.17027564591136,0.18444450222983733
outer_5,inner_2,clear_sky_kt,546,24.985831143681523,25.25181601886902,0.2659848751874989
outer_5,inner_2,cloud,546,24.985831143681523,25.5718539052161,0.5860227615345757
outer_5,inner_2,meteorology,546,24.985831143681523,25.081095973813525,0.09526483013200249
outer_5,inner_2,solar_geometry,546,24.985831143681523,25.368963602364488,0.3831324586829652
outer_5,inner_2,temporal_dynamics,546,24.985831143681523,25.13104521052646,0.14521406684493599
outer_5,inner_3,radiation,570,26.0905028191721,25.99495547566085,-0.09554734351125305
outer_5,inner_3,clear_sky_kt,570,26.0905028191721,26.74662449277235,0.65612167360025
outer_5,inner_3,cloud,570,26.0905028191721,26.374423479706714,0.28392066053461207
outer_5,inner_3,meteorology,570,26.0905028191721,25.941920439902265,-0.1485823792698362
outer_5,inner_3,solar_geometry,570,26.0905028191721,26.16432892820816,0.0738261090360588
outer_5,inner_3,temporal_dynamics,570,26.0905028191721,26.161748943277598,0.07124612410549602
